customer_id,churn_probability,risk_decile,monetary_total,frequency,recency_days,acquisition_channel,loyalty_tier,expected_revenue_at_risk
CUST016105,0.8206,3,69758.5,9.0,130.0,Referral,Gold,57243.83
CUST019542,0.9485,2,55902.68,6.0,158.0,Direct,Silver,53023.69
CUST019363,0.9246,2,46082.08,8.0,191.0,Referral,Bronze,42607.49
CUST003130,0.8377,3,50599.34,8.0,127.0,Paid Social,Bronze,42387.07
CUST019048,0.957,2,41772.0,5.0,182.0,Referral,Silver,39975.8
CUST012423,0.894,3,42560.73,7.0,171.0,Marketplace,Silver,38049.29
CUST005557,0.9846,1,38382.8,3.0,310.0,Referral,Bronze,37791.7
CUST018937,0.9705,1,37854.75,5.0,296.0,Referral,Platinum,36738.03
CUST006641,0.8951,3,39472.22,10.0,107.0,Organic Search,Bronze,35331.58
CUST001792,0.9433,2,36330.29,10.0,184.0,Direct,Silver,34270.36
CUST002569,0.9059,3,36909.399999999994,8.0,212.0,Email Campaign,Gold,33436.23
CUST004018,0.8767,3,36993.76,8.0,116.0,Influencer,Silver,32432.43
CUST008141,0.8993,3,35146.56,7.0,124.0,Direct,Bronze,31607.3
CUST011320,0.9093,2,33954.83,4.0,152.0,,Bronze,30875.13
CUST002254,0.7866,3,38512.5,9.0,83.0,Marketplace,Silver,30293.93
CUST005949,0.9295,2,31633.38,7.0,176.0,Organic Search,,29403.23
CUST009797,0.966,1,30360.3,6.0,242.0,Organic Search,Bronze,29328.05
CUST006715,0.9603,2,30472.68,6.0,198.0,Email Campaign,Bronze,29262.91
CUST013997,0.8131,3,35646.44,8.0,65.0,Organic Search,Silver,28984.12
CUST006978,0.9688,1,29877.39,3.0,293.0,,Bronze,28945.22
CUST017190,0.7766,3,36924.24,8.0,94.0,Email Campaign,Bronze,28675.36
CUST004994,0.9099,2,30819.82,6.0,127.0,Direct,Bronze,28042.95
CUST016791,0.8128,3,34341.509999999995,6.0,81.0,Marketplace,Silver,27912.78
CUST006308,0.9703,1,28701.02,4.0,265.0,Organic Search,Gold,27848.6
CUST013515,0.9234,2,29548.47,4.0,119.0,Paid Social,Gold,27285.06
CUST005070,0.8825,3,30635.420000000002,5.0,160.0,Referral,Bronze,27035.76
CUST015448,0.7366,3,36643.08,9.0,45.0,Marketplace,Platinum,26991.29
CUST007111,0.9026,3,29406.85,6.0,107.0,Referral,Bronze,26542.62
CUST012895,0.9343,2,27986.07,4.0,166.0,Organic Search,Bronze,26147.39
CUST006189,0.7703,3,33712.79,5.0,58.0,Paid Social,Silver,25968.96
CUST013676,0.8175,3,31507.55,5.0,71.0,Referral,Platinum,25757.42
CUST009725,0.8083,3,31819.309999999998,3.0,108.0,Organic Search,Gold,25719.55
CUST004599,0.964,1,26524.07,2.0,184.0,,Bronze,25569.2
CUST019140,0.9421,2,27008.95,5.0,185.0,Organic Search,Silver,25445.13
CUST012937,0.7949,3,31984.62,9.0,65.0,Organic Search,Bronze,25424.57
CUST015655,0.9744,1,26080.35,5.0,249.0,Direct,Bronze,25412.69
CUST008563,0.8775,3,28590.89,6.0,100.0,Email Campaign,Bronze,25088.51
CUST014881,0.8826,3,28217.14,3.0,143.0,Paid Social,Bronze,24904.45
CUST001136,0.8991,3,27531.65,11.0,164.0,Paid Social,Platinum,24753.71
CUST007739,0.9629,1,25691.86,3.0,217.0,Direct,Gold,24738.69
CUST005705,0.9115,2,26535.49,4.0,93.0,Paid Social,Silver,24187.1
CUST002314,0.8185,3,29262.79,8.0,86.0,Paid Social,Gold,23951.59
CUST014074,0.8496,3,28188.7,7.0,139.0,Organic Search,Silver,23949.12
CUST000865,0.8087,3,29239.2,6.0,115.0,Direct,Bronze,23645.74
CUST003615,0.742,3,31765.77,6.0,53.0,Email Campaign,Platinum,23570.2
CUST015240,0.9599,2,24034.3,7.0,339.0,Direct,Silver,23070.52
CUST015817,0.8447,3,27192.61,4.0,95.0,Direct,Platinum,22969.6
CUST000136,0.8167,3,28025.83,5.0,121.0,Referral,,22888.7
CUST010394,0.8942,3,25045.9,9.0,191.0,Influencer,Platinum,22396.04
CUST004751,0.7568,3,29525.65,9.0,126.0,Organic Search,,22345.01
CUST010285,0.9622,1,23149.43,5.0,189.0,Influencer,Bronze,22274.38
CUST015237,0.9615,2,23027.879999999997,4.0,266.0,Organic Search,Bronze,22141.31
CUST006037,0.9871,1,21913.989999999998,3.0,267.0,Paid Social,Bronze,21631.3
CUST014048,0.9772,1,21998.36,5.0,236.0,Email Campaign,Bronze,21496.8
CUST013080,0.9624,1,22286.62,6.0,221.0,,Silver,21448.64
CUST013241,0.8683,3,24516.6,5.0,123.0,Marketplace,Bronze,21287.76
CUST001732,0.9572,2,22085.21,10.0,200.0,Influencer,Bronze,21139.96
CUST018079,0.8009,3,26116.24,7.0,151.0,Organic Search,Gold,20916.5
CUST016788,0.3906,7,53257.72,6.0,44.0,Influencer,Bronze,20802.47
CUST006658,0.683,4,30419.85,12.0,89.0,Direct,Bronze,20776.76
CUST002269,0.9727,1,21281.35,3.0,264.0,Paid Social,Silver,20700.37
CUST015349,0.8691,3,23668.79,11.0,180.0,Referral,,20570.55
CUST018117,0.9867,1,20704.52,4.0,322.0,Email Campaign,Bronze,20429.15
CUST004445,0.9758,1,20895.83,4.0,341.0,Organic Search,Silver,20390.15
CUST008092,0.9398,2,21497.280000000002,4.0,227.0,Paid Social,Silver,20203.14
CUST013907,0.9819,1,20499.670000000002,5.0,342.0,Influencer,Silver,20128.63
CUST016648,0.988,1,20346.82,3.0,331.0,Organic Search,Silver,20102.66
CUST004929,0.9051,3,22069.89,5.0,188.0,Influencer,Silver,19975.46
CUST014599,0.7258,4,26719.260000000002,6.0,54.0,Marketplace,,19392.84
CUST007792,0.9398,2,20597.980000000003,6.0,227.0,Organic Search,Silver,19357.98
CUST019464,0.9347,2,20411.53,3.0,172.0,Organic Search,,19078.66
CUST008383,0.9131,2,20646.04,5.0,388.0,Organic Search,Bronze,18851.9
CUST012443,0.8618,3,21686.199999999997,7.0,100.0,Direct,Bronze,18689.17
CUST011576,0.7327,3,25472.8,8.0,96.0,,Bronze,18663.92
CUST012497,0.8793,3,20888.05,5.0,103.0,Paid Social,Bronze,18366.86
CUST004999,0.9299,2,19607.87,5.0,160.0,Organic Search,Bronze,18233.36
CUST900287,0.9374,2,19356.29,5.0,156.0,Referral,Platinum,18144.59
CUST017622,0.9598,2,18882.02,7.0,257.0,Referral,Silver,18122.96
CUST009284,0.9703,1,18569.98,2.0,371.0,Email Campaign,Silver,18018.45
CUST002953,0.9085,2,19805.66,3.0,164.0,Paid Social,Bronze,17993.44
CUST015539,0.8753,3,20469.579999999998,5.0,238.0,Organic Search,Platinum,17917.02
CUST013878,0.7767,3,23052.7,6.0,77.0,Direct,Bronze,17905.03
CUST000775,0.8443,3,21172.52,9.0,119.0,Direct,Platinum,17875.96
CUST005695,0.8119,3,21930.21,7.0,86.0,Influencer,Silver,17805.14
CUST010373,0.9085,2,19494.52,6.0,212.0,Referral,Bronze,17710.77
CUST014813,0.9005,3,19645.9,12.0,181.0,Influencer,Gold,17691.13
CUST009690,0.6271,4,28034.25,11.0,73.0,Organic Search,,17580.28
CUST015718,0.9847,1,17791.989999999998,3.0,383.0,Marketplace,Silver,17519.77
CUST010982,0.8171,3,21394.989999999998,11.0,108.0,Marketplace,Platinum,17481.85
CUST008651,0.9042,3,19323.42,2.0,157.0,Referral,Bronze,17472.24
CUST015763,0.9739,1,17740.79,2.0,334.0,Organic Search,Bronze,17277.76
CUST008553,0.9576,2,17910.52,2.0,408.0,Referral,Gold,17151.11
CUST015014,0.8329,3,20566.97,3.0,58.0,,Silver,17130.23
CUST003205,0.9451,2,18103.420000000002,2.0,198.0,Paid Social,Silver,17109.54
CUST003673,0.9245,2,18404.06,5.0,93.0,Referral,Bronze,17014.55
CUST016457,0.7871,3,21371.86,7.0,62.0,Direct,Bronze,16821.79
CUST017487,0.5085,5,32939.020000000004,5.0,73.0,Organic Search,Bronze,16749.49
CUST000325,0.9455,2,17672.79,7.0,205.0,Organic Search,Silver,16709.62
CUST011906,0.9462,2,17634.87,3.0,248.0,Direct,Bronze,16686.11
CUST004062,0.6794,4,24559.600000000002,7.0,37.0,Direct,Bronze,16685.79
CUST001921,0.8783,3,18978.84,3.0,173.0,,Silver,16669.12
CUST010903,0.8036,3,20738.61,3.0,149.0,Organic Search,Platinum,16665.55
CUST000908,0.8346,3,19894.27,4.0,141.0,Paid Social,Platinum,16603.76
CUST017323,0.9223,2,17967.46,6.0,166.0,Organic Search,,16571.39
CUST006892,0.9878,1,16571.49,3.0,239.0,Organic Search,,16369.32
CUST006843,0.3435,7,47645.25,7.0,9.0,Organic Search,Silver,16366.14
CUST002995,0.921,2,17627.379999999997,5.0,198.0,Organic Search,Silver,16234.82
CUST016906,0.8298,3,19504.61,7.0,115.0,Direct,Silver,16184.93
CUST010379,0.2288,9,70579.36,15.0,31.0,Direct,Bronze,16148.56
CUST005369,0.9677,1,16653.47,4.0,209.0,Email Campaign,Silver,16115.56
CUST004996,0.936,2,17091.3,5.0,127.0,Marketplace,Silver,15997.46
CUST013341,0.9242,2,17210.690000000002,6.0,172.0,,Platinum,15906.12
CUST012859,0.871,3,18232.92,8.0,97.0,Organic Search,Gold,15880.87
CUST013296,0.7285,4,21745.55,7.0,88.0,Paid Social,Platinum,15841.63
CUST005894,0.9039,3,17418.260000000002,6.0,105.0,Organic Search,Bronze,15744.37
CUST004395,0.706,4,22278.620000000003,5.0,56.0,Paid Social,Gold,15728.71
CUST015714,0.8942,3,17586.48,5.0,112.0,,Bronze,15725.83
CUST006107,0.8558,3,18371.35,5.0,100.0,Influencer,Silver,15722.2
CUST002150,0.9772,1,16072.779999999999,3.0,204.0,Paid Social,Gold,15706.32
CUST002386,0.8849,3,17729.68,4.0,106.0,Referral,Bronze,15688.99
CUST019104,0.2887,8,54169.51,6.0,10.0,Organic Search,Silver,15638.74
CUST008124,0.9096,2,17175.72,6.0,108.0,Paid Social,Bronze,15623.03
CUST003332,0.9431,2,16535.67,4.0,117.0,Email Campaign,Silver,15594.79
CUST016784,0.9405,2,16341.79,6.0,241.0,Organic Search,Gold,15369.45
CUST012136,0.381,7,40139.0,5.0,0.0,Organic Search,,15292.96
CUST001127,0.5505,5,27752.37,4.0,231.0,Paid Social,Silver,15277.68
CUST004878,0.9354,2,16303.33,5.0,139.0,Organic Search,Bronze,15250.13
CUST019809,0.9758,1,15590.6,2.0,340.0,Direct,Gold,15213.31
CUST002527,0.7637,3,19917.64,6.0,99.0,Paid Social,Silver,15211.1
CUST012625,0.9545,2,15923.380000000001,6.0,242.0,Paid Social,Silver,15198.87
CUST003558,0.928,2,16375.57,4.0,135.0,Paid Social,,15196.53
CUST012663,0.9265,2,16344.720000000001,3.0,102.0,Email Campaign,Bronze,15143.38
CUST014035,0.9393,2,16114.18,2.0,117.0,Organic Search,Bronze,15136.05
CUST008272,0.7711,3,19541.010000000002,6.0,167.0,Email Campaign,Silver,15068.07
CUST009428,0.9763,1,15412.539999999999,2.0,242.0,Paid Social,Silver,15047.26
CUST008792,0.9351,2,16046.56,4.0,158.0,Paid Social,Platinum,15005.14
CUST015317,0.2854,8,52419.06,7.0,1.0,Referral,Bronze,14960.4
CUST016670,0.9696,1,15301.61,4.0,209.0,Referral,Platinum,14836.44
CUST005662,0.917,2,16172.49,5.0,224.0,Marketplace,Bronze,14830.17
CUST000868,0.749,3,19782.98,13.0,72.0,Referral,Silver,14817.45
CUST003969,0.2324,9,63591.310000000005,13.0,32.0,Organic Search,Silver,14778.62
CUST000443,0.9704,1,15207.81,5.0,251.0,Organic Search,Silver,14757.66
CUST004768,0.9828,1,14903.06,1.0,420.0,,Silver,14646.73
CUST019862,0.6468,4,22544.53,4.0,118.0,Organic Search,Platinum,14581.8
CUST015193,0.8942,3,16231.83,4.0,117.0,Paid Social,Silver,14514.5
CUST016303,0.7058,4,20475.23,7.0,97.0,Direct,Bronze,14451.42
CUST009022,0.9723,1,14838.060000000001,2.0,193.0,Referral,,14427.05
CUST012165,0.8319,3,17325.31,6.0,110.0,Organic Search,Platinum,14412.93
CUST001362,0.7946,3,18069.73,12.0,132.0,Email Campaign,Silver,14358.21
CUST009409,0.9276,2,15398.59,7.0,166.0,Organic Search,Bronze,14283.73
CUST005068,0.3591,7,39617.3,7.0,11.0,Organic Search,,14226.57
CUST016173,0.9842,1,14442.21,5.0,247.0,Paid Social,Silver,14214.02
CUST013009,0.9736,1,14571.01,3.0,284.0,Referral,Bronze,14186.34
CUST010387,0.9188,2,15357.07,2.0,113.0,Paid Social,Silver,14110.08
CUST019847,0.9042,3,15599.11,4.0,107.0,Organic Search,Bronze,14104.72
CUST006754,0.8806,3,15950.1,2.0,125.0,Paid Social,Gold,14045.66
CUST012314,0.9888,1,14176.489999999998,3.0,295.0,Influencer,Silver,14017.71
CUST014300,0.9749,1,14374.900000000001,3.0,277.0,Paid Social,Bronze,14014.09
CUST003910,0.8209,3,17070.300000000003,5.0,80.0,Email Campaign,Bronze,14013.01
CUST003734,0.9302,2,15058.06,2.0,121.0,,Bronze,14007.01
CUST019244,0.9661,1,14461.84,3.0,181.0,,Bronze,13971.58
CUST007304,0.9601,2,14417.73,2.0,266.0,Organic Search,Bronze,13842.46
CUST019994,0.8792,3,15706.67,7.0,144.0,Direct,Bronze,13809.3
CUST004898,0.9158,2,15041.91,9.0,189.0,Email Campaign,Platinum,13775.38
CUST001414,0.4806,5,28606.8,3.0,10.0,Marketplace,Platinum,13748.43
CUST012123,0.9755,1,14043.96,3.0,327.0,Paid Social,,13699.88
CUST008703,0.9072,2,15100.64,1.0,122.0,,Silver,13699.3
CUST009820,0.9632,1,14206.76,2.0,187.0,Organic Search,,13683.95
CUST016478,0.9116,2,14958.85,4.0,107.0,Referral,Bronze,13636.49
CUST008502,0.4514,6,30195.89,5.0,163.0,Organic Search,Bronze,13630.42
CUST002657,0.4072,6,33310.1,7.0,11.0,Email Campaign,Bronze,13563.87
CUST008227,0.9263,2,14594.09,4.0,143.0,Influencer,Silver,13518.51
CUST019856,0.9565,2,14130.38,3.0,209.0,Direct,Gold,13515.71
CUST015696,0.2736,8,49305.880000000005,7.0,15.0,Email Campaign,Silver,13490.09
CUST005087,0.9727,1,13838.71,3.0,349.0,Referral,Bronze,13460.91
CUST001251,0.9193,2,14554.53,2.0,109.0,Paid Social,Platinum,13379.98
CUST006485,0.5685,4,23524.28,3.0,82.0,Organic Search,Bronze,13373.55
CUST018112,0.8933,3,14883.109999999999,2.0,166.0,Paid Social,Bronze,13295.08
CUST005374,0.7685,3,17255.22,5.0,49.0,Influencer,Silver,13260.64
CUST013145,0.3867,7,34250.59,8.0,35.0,Influencer,Gold,13244.7
CUST002110,0.801,3,16534.77,9.0,42.0,Organic Search,Gold,13244.35
CUST013098,0.8931,3,14795.23,5.0,156.0,Direct,Gold,13213.62
CUST013830,0.7808,3,16893.97,6.0,74.0,Direct,Platinum,13190.81
CUST009197,0.9366,2,14060.99,5.0,123.0,Direct,Silver,13169.52
CUST012062,0.9326,2,14055.939999999999,6.0,143.0,Paid Social,Gold,13108.57
CUST014265,0.5969,4,21943.95,4.0,65.0,Paid Social,Gold,13098.34
CUST001200,0.9728,1,13443.08,3.0,309.0,Organic Search,Bronze,13077.43
CUST005370,0.9386,2,13872.119999999999,6.0,171.0,Direct,Silver,13020.37
CUST016578,0.9735,1,13371.39,4.0,245.0,Direct,,13017.05
CUST000442,0.3959,7,32847.08,3.0,81.0,Referral,Bronze,13004.16
CUST014901,0.9742,1,13338.42,3.0,256.0,Influencer,Bronze,12994.29
CUST014041,0.9697,1,13393.27,3.0,379.0,Referral,Gold,12987.45
CUST007164,0.9906,1,13109.12,3.0,343.0,Influencer,Silver,12985.89
CUST013926,0.6622,4,19522.19,3.0,104.0,,Bronze,12927.59
CUST012510,0.9663,1,13358.619999999999,2.0,369.0,Email Campaign,Bronze,12908.43
CUST013014,0.9354,2,13786.8,3.0,240.0,Marketplace,Silver,12896.17
CUST016896,0.4101,6,31412.4,6.0,17.0,Paid Social,Bronze,12882.23
CUST018264,0.9221,2,13962.11,5.0,125.0,Referral,Bronze,12874.46
CUST018238,0.3258,8,39477.06,5.0,112.0,Paid Social,Silver,12861.63
CUST002142,0.7986,3,16099.33,7.0,122.0,Organic Search,Gold,12856.92
CUST002092,0.9591,2,13402.53,3.0,276.0,Marketplace,Bronze,12854.37
CUST006094,0.8258,3,15542.279999999999,9.0,111.0,,Bronze,12834.81
CUST019211,0.9341,2,13656.68,10.0,214.0,Email Campaign,,12756.7
CUST018307,0.7173,4,17739.260000000002,13.0,82.0,Referral,Gold,12724.37
CUST010571,0.9769,1,13017.079999999998,4.0,190.0,Organic Search,Bronze,12716.39
CUST015526,0.9578,2,13255.01,6.0,285.0,Organic Search,Gold,12695.65
CUST007324,0.4851,5,26131.18,4.0,16.0,Email Campaign,Platinum,12676.24
CUST012124,0.7644,3,16577.75,4.0,78.0,Paid Social,,12672.03
CUST003946,0.8978,3,14101.93,5.0,177.0,Referral,Bronze,12660.71
CUST007049,0.8375,3,15099.62,5.0,116.0,Paid Social,Silver,12645.93
CUST009518,0.8069,3,15647.84,6.0,97.0,Paid Social,Gold,12626.24
CUST009986,0.6611,4,19095.8,10.0,72.0,Email Campaign,Silver,12624.23
CUST002957,0.3854,7,32651.57,6.0,65.0,Marketplace,Bronze,12583.92
CUST014185,0.981,1,12819.98,3.0,258.0,Paid Social,Bronze,12576.4
CUST001869,0.9801,1,12830.59,3.0,365.0,Influencer,Gold,12575.26
CUST016938,0.7735,3,16238.210000000001,4.0,70.0,Direct,Silver,12560.26
CUST016139,0.5369,5,23376.97,3.0,121.0,Influencer,Bronze,12551.1
CUST016957,0.8532,3,14709.23,4.0,81.0,Email Campaign,Silver,12549.92
CUST019536,0.4642,6,26989.63,3.0,29.0,Organic Search,Bronze,12528.59
CUST016268,0.8889,3,14028.02,7.0,164.0,Organic Search,Silver,12469.51
CUST008033,0.9795,1,12730.44,1.0,325.0,Marketplace,Bronze,12469.47
CUST013337,0.4551,6,27208.92,7.0,63.0,Paid Social,Gold,12382.78
CUST001951,0.9176,2,13453.86,4.0,99.0,Paid Social,Silver,12345.26
CUST001972,0.8678,3,14198.42,3.0,106.0,Influencer,Bronze,12321.39
CUST017027,0.8919,3,13798.98,1.0,220.0,Paid Social,Silver,12307.31
CUST006224,0.981,1,12531.71,1.0,378.0,Email Campaign,Bronze,12293.61
CUST019677,0.8929,3,13761.699999999999,3.0,95.0,Organic Search,Bronze,12287.82
CUST014702,0.9632,1,12741.82,4.0,187.0,Organic Search,Bronze,12272.92
CUST001773,0.9628,1,12711.66,2.0,285.0,Organic Search,Bronze,12238.79
CUST016504,0.948,2,12891.720000000001,3.0,188.0,Marketplace,Gold,12221.35
CUST001497,0.9568,2,12761.68,4.0,397.0,,Silver,12210.38
CUST008573,0.9112,2,13394.74,3.0,114.0,Marketplace,,12205.29
CUST014054,0.9158,2,13306.880000000001,8.0,122.0,,Silver,12186.44
CUST008566,0.6495,4,18755.59,3.0,175.0,Organic Search,Bronze,12181.76
CUST010888,0.5717,4,21222.09,5.0,125.0,Paid Social,Silver,12132.67
CUST005277,0.5771,4,20958.989999999998,3.0,146.0,Influencer,Bronze,12095.43
CUST019981,0.9055,3,13343.71,6.0,147.0,Referral,Silver,12082.73
CUST008356,0.8445,3,14306.27,8.0,67.0,Organic Search,Bronze,12081.65
CUST010785,0.9824,1,12278.689999999999,3.0,346.0,,Bronze,12062.59
CUST000595,0.4224,6,28463.899999999998,3.0,23.0,Paid Social,Platinum,12023.15
CUST013762,0.7033,4,17094.059999999998,8.0,94.0,Direct,Bronze,12022.25
CUST002827,0.9693,1,12402.310000000001,5.0,238.0,,,12021.56
CUST017966,0.7246,4,16560.34,8.0,45.0,Organic Search,Bronze,11999.62
CUST013301,0.9872,1,12152.36,1.0,439.0,Organic Search,,11996.81
CUST012572,0.4038,6,29646.72,8.0,40.0,Organic Search,Gold,11971.35
CUST016179,0.9658,1,12390.79,5.0,246.0,Direct,Silver,11967.02
CUST008751,0.9858,1,12138.82,1.0,426.0,Email Campaign,Bronze,11966.45
CUST016084,0.7315,3,16353.59,6.0,59.0,Direct,Platinum,11962.65
CUST004101,0.9295,2,12859.33,5.0,165.0,Organic Search,Bronze,11952.75
CUST006336,0.9305,2,12828.47,4.0,180.0,Email Campaign,Gold,11936.89
CUST009573,0.9095,2,13078.99,4.0,97.0,Organic Search,Silver,11895.34
CUST002280,0.1605,10,74092.55,14.0,4.0,Organic Search,Bronze,11891.85
CUST010454,0.9152,2,12986.6,2.0,265.0,Organic Search,Silver,11885.34
CUST011400,0.9856,1,12056.4,1.0,454.0,Referral,Silver,11882.79
CUST012285,0.3564,7,33297.89,5.0,8.0,Influencer,Silver,11867.37
CUST011930,0.9034,3,13133.130000000001,3.0,168.0,Paid Social,Silver,11864.47
CUST017472,0.5292,5,22409.82,5.0,73.0,Referral,Bronze,11859.28
CUST006131,0.7541,3,15718.29,13.0,104.0,Referral,Platinum,11853.16
CUST900105,0.9469,2,12493.369999999999,8.0,282.0,Organic Search,,11829.97
CUST015176,0.7693,3,15375.48,4.0,104.0,Organic Search,,11828.36
CUST008395,0.8596,3,13719.470000000001,7.0,113.0,Organic Search,Silver,11793.26
CUST018310,0.2653,8,44437.33,5.0,31.0,Email Campaign,Gold,11789.22
CUST018573,0.8974,3,13126.79,3.0,162.0,Referral,Bronze,11779.98
CUST002877,0.913,2,12847.91,4.0,278.0,Email Campaign,Bronze,11730.14
CUST000974,0.9814,1,11937.5,2.0,313.0,,Silver,11715.46
CUST018633,0.4581,6,25511.38,2.0,85.0,Influencer,Gold,11686.76
CUST018921,0.5618,4,20700.47,4.0,98.0,Direct,Bronze,11629.52
CUST010165,0.4687,5,24785.56,6.0,35.0,Referral,Silver,11616.99
CUST002344,0.9325,2,12420.55,5.0,188.0,Paid Social,Silver,11582.16
CUST018827,0.8951,3,12928.380000000001,4.0,161.0,Organic Search,Gold,11572.19
CUST004882,0.1959,9,59009.95,10.0,21.0,Organic Search,Silver,11560.05
CUST007142,0.979,1,11792.08,3.0,227.0,Organic Search,Silver,11544.45
CUST019411,0.8344,3,13833.710000000001,3.0,139.0,Paid Social,Bronze,11542.85
CUST002866,0.8963,3,12835.07,8.0,112.0,Referral,Bronze,11504.07
CUST000050,0.9705,1,11832.560000000001,2.0,228.0,Paid Social,Bronze,11483.5
CUST016582,0.8077,3,14189.94,5.0,118.0,Organic Search,,11461.21
CUST014587,0.9356,2,12236.08,4.0,144.0,Email Campaign,Silver,11448.08
CUST018052,0.9688,1,11796.720000000001,3.0,259.0,Organic Search,Silver,11428.66
CUST006870,0.535,5,21349.329999999998,4.0,75.0,Influencer,Bronze,11421.89
CUST013039,0.4292,6,26594.05,2.0,33.0,Organic Search,,11414.17
CUST001903,0.869,3,13126.27,9.0,96.0,Direct,Platinum,11406.73
CUST004269,0.8827,3,12921.419999999998,5.0,200.0,Influencer,,11405.74
CUST003503,0.5305,5,21495.17,3.0,45.0,Organic Search,Gold,11403.19
CUST001623,0.7241,4,15728.98,2.0,58.0,Paid Social,Bronze,11389.35
CUST012025,0.9652,1,11781.67,2.0,182.0,Paid Social,Bronze,11371.67
CUST008736,0.2897,8,39225.729999999996,11.0,37.0,Referral,Bronze,11363.69
CUST001110,0.8903,3,12756.0,4.0,169.0,Direct,Silver,11356.67
CUST017173,0.2953,8,38313.95,7.0,82.0,Referral,Bronze,11314.11
CUST017231,0.5702,4,19838.24,2.0,17.0,Organic Search,Bronze,11311.76
CUST013663,0.9794,1,11537.99,2.0,246.0,Marketplace,Bronze,11300.31
CUST015897,0.871,3,12925.27,6.0,98.0,Direct,Bronze,11257.91
CUST007888,0.8342,3,13477.48,4.0,61.0,Marketplace,Platinum,11242.91
CUST000533,0.6954,4,16162.369999999999,7.0,35.0,Influencer,Silver,11239.31
CUST011036,0.9818,1,11428.98,2.0,351.0,Organic Search,Bronze,11220.97
CUST018024,0.8926,3,12547.68,4.0,94.0,Organic Search,Bronze,11200.06
CUST015070,0.2575,9,43465.38,10.0,10.0,Email Campaign,Silver,11192.34
CUST007839,0.9756,1,11467.33,4.0,289.0,Direct,Silver,11187.53
CUST004036,0.8807,3,12701.95,5.0,101.0,Influencer,Silver,11186.61
CUST016717,0.8697,3,12853.119999999999,8.0,179.0,Email Campaign,Bronze,11178.36
CUST900136,0.9741,1,11471.01,1.0,199.0,,Bronze,11173.91
CUST017214,0.9758,1,11444.35,2.0,197.0,Organic Search,Bronze,11167.4
CUST016092,0.9679,1,11530.73,1.0,231.0,Paid Social,Silver,11160.59
CUST000897,0.5268,5,21138.2,5.0,101.0,Influencer,Bronze,11135.6
CUST004414,0.2925,8,38035.41,8.0,41.0,Direct,,11125.36
CUST019569,0.8486,3,13103.390000000001,6.0,87.0,Referral,Bronze,11119.54
CUST001933,0.9465,2,11718.55,2.0,121.0,Direct,Silver,11091.61
CUST005028,0.9628,1,11508.86,3.0,258.0,Email Campaign,Silver,11080.73
CUST005706,0.5252,5,21091.18,3.0,110.0,Direct,Bronze,11077.09
CUST016305,0.7617,3,14541.19,4.0,77.0,Influencer,Gold,11076.02
CUST019644,0.8517,3,12998.53,9.0,107.0,Influencer,Silver,11070.85
CUST017909,0.9748,1,11326.890000000001,3.0,191.0,Referral,Gold,11041.45
CUST007849,0.9229,2,11960.98,2.0,126.0,Influencer,Silver,11038.79
CUST012153,0.9248,2,11931.34,2.0,144.0,Influencer,Bronze,11034.1
CUST018344,0.9792,1,11231.980000000001,2.0,359.0,Influencer,Silver,10998.35
CUST014153,0.7346,3,14964.8,4.0,59.0,Direct,Bronze,10993.14
CUST003634,0.3964,7,27708.92,5.0,22.0,Influencer,Platinum,10983.82
CUST009017,0.7779,3,14110.48,6.0,78.0,Organic Search,Bronze,10976.54
CUST001410,0.354,7,30991.04,3.0,98.0,Influencer,Bronze,10970.83
CUST011255,0.9197,2,11912.18,5.0,145.0,Referral,Gold,10955.63
CUST000725,0.4217,6,25900.52,4.0,106.0,Organic Search,Bronze,10922.25
CUST017355,0.957,2,11406.85,1.0,357.0,Influencer,Silver,10916.36
CUST006798,0.9682,1,11267.77,1.0,341.0,Marketplace,Bronze,10909.45
CUST002097,0.5899,4,18490.83,5.0,116.0,Direct,Silver,10907.74
CUST008869,0.8188,3,13296.26,5.0,73.0,Paid Social,Silver,10886.98
CUST017595,0.9777,1,11127.97,2.0,284.0,,Bronze,10879.82
CUST003591,0.4645,6,23421.57,5.0,11.0,,Silver,10879.32
CUST017830,0.9652,1,11263.67,3.0,256.0,Direct,Bronze,10871.69
CUST010708,0.9864,1,11014.67,3.0,352.0,Organic Search,Gold,10864.87
CUST002777,0.9009,3,12058.279999999999,4.0,154.0,Paid Social,Gold,10863.3
CUST013134,0.9632,1,11276.74,5.0,221.0,Paid Social,Bronze,10861.76
CUST015460,0.9248,2,11716.73,4.0,151.0,Email Campaign,Bronze,10835.63
CUST005672,0.875,3,12341.15,3.0,112.0,Paid Social,Bronze,10798.51
CUST019530,0.9792,1,11010.16,3.0,271.0,Organic Search,Silver,10781.15
CUST002983,0.1748,9,61488.79,12.0,24.0,Direct,Silver,10748.24
CUST006020,0.9705,1,11070.99,3.0,192.0,Email Campaign,Bronze,10744.4
CUST019673,0.9868,1,10872.34,3.0,338.0,Referral,,10728.83
CUST009068,0.6027,4,17773.65,1.0,44.0,Paid Social,Bronze,10712.18
CUST012717,0.9362,2,11398.44,5.0,117.0,Marketplace,Silver,10671.22
CUST019593,0.2396,9,44519.5,9.0,18.0,Referral,Bronze,10666.87
CUST001492,0.4912,5,21710.07,6.0,28.0,Referral,Bronze,10663.99
CUST005170,0.3143,8,33804.81,6.0,51.0,Paid Social,Silver,10624.85
CUST008516,0.8476,3,12480.31,5.0,167.0,,Silver,10578.31
CUST006521,0.9728,1,10828.23,5.0,315.0,Paid Social,Silver,10533.7
CUST015958,0.9707,1,10838.18,3.0,281.0,,Bronze,10520.62
CUST002746,0.9009,3,11631.79,2.0,128.0,Organic Search,Silver,10479.08
CUST000182,0.3986,6,26262.010000000002,7.0,56.0,Influencer,Bronze,10468.04
CUST018557,0.2412,9,43361.95,8.0,6.0,Referral,Silver,10458.9
CUST005016,0.8332,3,12550.66,4.0,118.0,Paid Social,Bronze,10457.21
CUST001711,0.9481,2,11022.79,3.0,348.0,Paid Social,Silver,10450.71
CUST006920,0.9641,1,10836.93,1.0,192.0,Direct,Bronze,10447.88
CUST015990,0.7086,4,14737.03,5.0,59.0,Paid Social,Bronze,10442.66
CUST015518,0.471,5,22144.96,6.0,54.0,Marketplace,Bronze,10430.28
CUST000190,0.9444,2,11031.02,3.0,173.0,Direct,Bronze,10417.7
CUST012444,0.4081,6,25518.16,4.0,40.0,,Bronze,10413.96
CUST006787,0.8145,3,12768.63,10.0,121.0,Referral,Bronze,10400.05
CUST018134,0.9397,2,11064.49,5.0,179.0,,Bronze,10397.3
CUST014390,0.8849,3,11745.74,1.0,109.0,Paid Social,Silver,10393.81
CUST012839,0.757,3,13725.21,5.0,56.0,Influencer,Bronze,10389.98
CUST008689,0.9742,1,10651.8,1.0,193.0,Organic Search,Bronze,10376.98
CUST014605,0.3818,7,27142.480000000003,4.0,111.0,Organic Search,Silver,10363.0
CUST007088,0.4452,6,23264.14,3.0,22.0,Direct,Bronze,10357.2
CUST017565,0.7492,3,13817.84,5.0,45.0,Paid Social,Gold,10352.33
CUST015792,0.9522,2,10871.72,3.0,237.0,Organic Search,,10352.05
CUST017430,0.9266,2,11171.240000000002,3.0,121.0,,Platinum,10351.27
CUST015599,0.7132,4,14507.560000000001,5.0,63.0,Influencer,Bronze,10346.79
CUST014983,0.2549,9,40559.11,9.0,44.0,,Silver,10338.52
CUST003034,0.3522,7,29353.879999999997,8.0,41.0,Referral,Bronze,10338.44
CUST008959,0.896,3,11530.83,5.0,177.0,Direct,,10331.62
CUST007188,0.791,3,13053.79,2.0,51.0,Influencer,Bronze,10325.55
CUST019210,0.4393,6,23501.8,6.0,3.0,Organic Search,,10324.34
CUST014030,0.8623,3,11963.85,1.0,211.0,Paid Social,Bronze,10316.43
CUST004184,0.9835,1,10483.73,3.0,301.0,,Bronze,10310.75
CUST006778,0.9613,2,10683.71,3.0,160.0,Paid Social,Bronze,10270.25
CUST015895,0.9882,1,10387.789999999999,2.0,377.0,,Gold,10265.21
CUST007958,0.9448,2,10860.61,2.0,173.0,,Bronze,10261.1
CUST003334,0.9725,1,10551.130000000001,2.0,343.0,Marketplace,Bronze,10260.97
CUST019893,0.8525,3,12031.86,2.0,103.0,Email Campaign,Bronze,10257.16
CUST015026,0.2775,8,36957.06,6.0,39.0,Direct,Silver,10255.58
CUST010082,0.9327,2,10984.11,3.0,142.0,Marketplace,Silver,10244.88
CUST003035,0.9334,2,10968.08,1.0,274.0,Marketplace,Bronze,10237.61
CUST019859,0.8736,3,11714.93,4.0,97.0,Referral,Bronze,10234.16
CUST005837,0.4174,6,24449.269999999997,6.0,56.0,Direct,Bronze,10205.13
CUST018047,0.1455,10,70127.16,13.0,155.0,Email Campaign,Bronze,10203.5
CUST000240,0.97,1,10516.67,3.0,243.0,Organic Search,Bronze,10201.17
CUST010307,0.8961,3,11352.48,1.0,142.0,Paid Social,Bronze,10172.96
CUST007175,0.982,1,10354.16,2.0,296.0,Organic Search,Gold,10167.79
CUST010345,0.8544,3,11891.86,4.0,156.0,Direct,Platinum,10160.41
CUST011018,0.9623,1,10540.66,6.0,340.0,Referral,Bronze,10143.28
CUST009802,0.3266,8,31055.19,4.0,31.0,,Bronze,10142.63
CUST009186,0.9739,1,10411.55,1.0,439.0,,Bronze,10139.81
CUST000723,0.9562,2,10580.96,2.0,200.0,Influencer,Silver,10117.51
CUST013380,0.3369,7,30023.58,6.0,26.0,Influencer,Platinum,10114.94
CUST019721,0.9785,1,10327.68,1.0,391.0,Paid Social,Silver,10105.63
CUST003637,0.9363,2,10788.22,2.0,163.0,Organic Search,Bronze,10101.01
CUST011193,0.9458,2,10677.9,2.0,206.0,Organic Search,Bronze,10099.16
CUST005417,0.9746,1,10340.61,3.0,193.0,Referral,Bronze,10077.96
CUST000602,0.9262,2,10859.43,4.0,236.0,,Bronze,10058.0
CUST015196,0.5966,4,16844.71,1.0,119.0,Organic Search,Bronze,10049.55
CUST004860,0.6812,4,14722.45,9.0,121.0,Referral,Gold,10028.93
CUST017228,0.3188,8,31450.04,5.0,96.0,Paid Social,Bronze,10026.27
CUST012915,0.952,2,10531.28,2.0,300.0,Influencer,Bronze,10025.78
CUST006466,0.9275,2,10804.720000000001,2.0,147.0,,,10021.38
CUST000230,0.9869,1,10126.57,1.0,327.0,Email Campaign,Bronze,9993.91
CUST008358,0.5678,4,17601.07,3.0,12.0,Direct,Silver,9993.89
CUST009678,0.9131,2,10941.44,2.0,109.0,Referral,Bronze,9990.63
CUST010364,0.8555,3,11672.79,4.0,105.0,Paid Social,,9986.07
CUST019969,0.4417,6,22560.66,4.0,113.0,Organic Search,Silver,9965.04
CUST017216,0.3953,7,25190.25,5.0,37.0,Organic Search,Bronze,9957.71
CUST015985,0.8051,3,12320.150000000001,6.0,74.0,Organic Search,Bronze,9918.95
CUST007990,0.9844,1,10070.42,4.0,310.0,Referral,Bronze,9913.32
CUST001918,0.9256,2,10709.89,5.0,277.0,Influencer,Silver,9913.07
CUST012706,0.407,6,24321.37,9.0,44.0,Marketplace,Silver,9898.8
CUST019706,0.8065,3,12258.54,3.0,116.0,,Silver,9886.51
CUST007103,0.2892,8,34124.87,6.0,202.0,Organic Search,Bronze,9868.91
CUST009270,0.9686,1,10187.95,1.0,191.0,Paid Social,Silver,9868.05
CUST013809,0.3027,8,32588.25,6.0,11.0,Email Campaign,Silver,9864.46
CUST006528,0.3617,7,27228.79,4.0,15.0,Direct,Bronze,9848.65
CUST017986,0.9359,2,10501.4,6.0,182.0,Marketplace,Gold,9828.26
CUST002991,0.7631,3,12854.2,5.0,121.0,Referral,Silver,9809.04
CUST004537,0.2346,9,41792.29,7.0,7.0,Email Campaign,Gold,9804.47
CUST012189,0.9302,2,10513.11,4.0,168.0,Organic Search,,9779.29
CUST007171,0.3955,7,24705.350000000002,4.0,23.0,Organic Search,,9770.97
CUST001860,0.9307,2,10490.05,2.0,119.0,Paid Social,Bronze,9763.09
CUST017782,0.966,1,10096.24,1.0,227.0,Direct,Silver,9752.97
CUST012804,0.3588,7,27177.91,8.0,50.0,Direct,Silver,9751.43
CUST011059,0.3812,7,25579.6,5.0,137.0,Paid Social,Bronze,9750.94
CUST005184,0.4263,6,22867.85,7.0,15.0,Organic Search,Gold,9748.56
CUST013384,0.9338,2,10433.29,2.0,127.0,Paid Social,Bronze,9742.61
CUST014007,0.518,5,18805.07,2.0,376.0,Direct,Gold,9741.03
CUST003794,0.7547,3,12886.77,7.0,83.0,Organic Search,Platinum,9725.65
CUST015081,0.9147,2,10621.16,4.0,115.0,Referral,Gold,9715.18
CUST008372,0.9276,2,10465.62,5.0,124.0,Marketplace,Silver,9707.91
CUST001487,0.5049,5,19225.46,5.0,101.0,Influencer,Silver,9706.93
CUST008251,0.9242,2,10480.44,3.0,279.0,Influencer,,9686.02
CUST002980,0.1113,10,86992.83,16.0,9.0,Referral,Silver,9682.3
CUST013957,0.9771,1,9905.080000000002,2.0,186.0,Direct,Bronze,9678.25
CUST010870,0.8146,3,11869.74,5.0,75.0,Email Campaign,Bronze,9669.09
CUST001259,0.5744,4,16756.35,3.0,123.0,Direct,Bronze,9624.85
CUST008833,0.3417,7,28139.27,8.0,120.0,Paid Social,Gold,9615.19
CUST018347,0.9581,2,10035.54,1.0,206.0,Direct,Bronze,9615.05
CUST012297,0.4945,5,19442.62,3.0,65.0,Direct,Bronze,9614.38
CUST001123,0.9517,2,10096.869999999999,7.0,270.0,Email Campaign,Bronze,9609.19
CUST015133,0.9279,2,10341.070000000002,2.0,197.0,Referral,Bronze,9595.48
CUST000167,0.9752,1,9835.83,3.0,187.0,Paid Social,Silver,9591.9
CUST018317,0.8332,3,11507.66,7.0,103.0,Paid Social,Gold,9588.18
CUST009574,0.3101,8,30903.03,5.0,13.0,Marketplace,Bronze,9583.03
CUST010432,0.9842,1,9731.65,2.0,284.0,Direct,Bronze,9577.89
CUST010184,0.9826,1,9743.06,1.0,348.0,Influencer,Bronze,9573.53
CUST001023,0.5706,4,16761.04,3.0,209.0,Influencer,Bronze,9563.85
CUST015410,0.9605,2,9945.63,3.0,265.0,Email Campaign,Silver,9552.78
CUST001188,0.9775,1,9768.369999999999,2.0,323.0,Influencer,,9548.58
CUST006373,0.9765,1,9761.41,5.0,218.0,Marketplace,Silver,9532.02
CUST007065,0.863,3,11008.88,4.0,54.0,Influencer,Bronze,9500.66
CUST017644,0.9585,2,9910.720000000001,3.0,334.0,Paid Social,Bronze,9499.43
CUST006162,0.3138,8,30268.13,6.0,122.0,Influencer,Gold,9498.14
CUST005947,0.8573,3,11078.54,10.0,137.0,Email Campaign,Gold,9497.63
CUST017063,0.6677,4,14218.5,7.0,38.0,Direct,Silver,9493.69
CUST018678,0.7995,3,11843.97,2.0,80.0,Marketplace,Bronze,9469.25
CUST002073,0.9818,1,9644.77,2.0,299.0,Influencer,Bronze,9469.24
CUST019667,0.9708,1,9746.67,1.0,264.0,Organic Search,Bronze,9462.07
CUST012491,0.8692,3,10869.99,3.0,125.0,Organic Search,Bronze,9448.2
CUST004823,0.9838,1,9603.38,6.0,198.0,Paid Social,Silver,9447.81
CUST012802,0.823,3,11472.89,4.0,70.0,Marketplace,Gold,9442.19
CUST006913,0.6622,4,14237.08,13.0,54.0,Marketplace,,9427.79
CUST006922,0.2928,8,32169.82,9.0,13.0,Marketplace,Bronze,9419.32
CUST012149,0.408,6,23045.82,5.0,77.0,,Bronze,9402.69
CUST014777,0.2891,8,32508.75,7.0,13.0,Email Campaign,Silver,9398.28
CUST013435,0.3253,8,28842.14,5.0,23.0,Marketplace,Silver,9382.35
CUST000432,0.883,3,10620.72,8.0,199.0,,Platinum,9378.1
CUST019546,0.4879,5,19195.01,4.0,4.0,Paid Social,Bronze,9365.25
CUST015836,0.9524,2,9826.460000000001,10.0,288.0,Referral,Silver,9358.72
CUST003392,0.8643,3,10825.17,3.0,146.0,Organic Search,Bronze,9356.19
CUST007160,0.821,3,11391.439999999999,7.0,83.0,Influencer,Silver,9352.37
CUST017050,0.9284,2,10066.4,3.0,123.0,Paid Social,Bronze,9345.65
CUST007882,0.9002,3,10376.41,9.0,114.0,Direct,Silver,9340.84
CUST018599,0.9795,1,9528.69,3.0,206.0,Referral,Bronze,9333.35
CUST001804,0.5127,5,18183.95,4.0,61.0,Organic Search,Bronze,9322.91
CUST014024,0.978,1,9516.23,3.0,250.0,Marketplace,,9306.87
CUST013589,0.9115,2,10195.380000000001,2.0,116.0,Organic Search,Silver,9293.09
CUST011243,0.4362,6,21288.809999999998,3.0,32.0,,,9286.18
CUST010535,0.9584,2,9674.8,1.0,355.0,Influencer,Silver,9272.33
CUST008781,0.9246,2,10009.36,3.0,270.0,Paid Social,Gold,9254.65
CUST000645,0.9722,1,9515.539999999999,5.0,258.0,,Bronze,9251.01
CUST006749,0.6391,4,14460.859999999999,3.0,246.0,Referral,,9241.94
CUST009894,0.9571,2,9647.95,4.0,184.0,Influencer,Silver,9234.05
CUST018041,0.2289,9,40242.880000000005,10.0,90.0,,,9211.6
CUST002433,0.9443,2,9754.16,2.0,275.0,Direct,Bronze,9210.85
CUST006053,0.2154,9,42709.5,11.0,41.0,Referral,,9199.63
CUST003603,0.891,3,10317.43,6.0,98.0,Direct,Bronze,9192.83
CUST007129,0.9583,2,9590.76,3.0,167.0,Paid Social,Bronze,9190.83
CUST010318,0.5779,4,15891.720000000001,4.0,106.0,Direct,Platinum,9183.82
CUST002268,0.8764,3,10476.66,3.0,111.0,Direct,Silver,9181.74
CUST005826,0.752,3,12204.119999999999,5.0,51.0,Referral,Silver,9177.5
CUST019247,0.9379,2,9777.05,1.0,405.0,,Gold,9169.9
CUST003708,0.4801,5,19093.38,4.0,216.0,Email Campaign,Gold,9166.73
CUST004705,0.9699,1,9436.52,6.0,185.0,,Bronze,9152.48
CUST002516,0.8865,3,10314.380000000001,8.0,104.0,Direct,Silver,9143.7
CUST019860,0.9136,2,9986.04,5.0,103.0,Organic Search,Bronze,9123.25
CUST018010,0.8789,3,10371.29,7.0,124.0,,Platinum,9115.33
CUST012137,0.7005,4,13006.82,4.0,73.0,Referral,Silver,9111.28
CUST016437,0.5737,4,15877.029999999999,4.0,248.0,Direct,Bronze,9108.65
CUST013889,0.9698,1,9358.05,3.0,422.0,Email Campaign,Platinum,9075.44
CUST005307,0.9228,2,9821.58,4.0,120.0,Direct,Silver,9063.35
CUST003118,0.8989,3,10028.07,1.0,111.0,Organic Search,Bronze,9014.23
CUST000696,0.6476,4,13870.82,3.0,83.0,Paid Social,Platinum,8982.74
CUST010245,0.7382,3,12123.380000000001,3.0,32.0,Marketplace,Silver,8949.48
CUST003651,0.353,7,25261.129999999997,5.0,9.0,Organic Search,Bronze,8917.18
CUST001829,0.4076,6,21872.7,6.0,7.0,Influencer,,8915.31
CUST006739,0.9676,1,9210.17,2.0,209.0,Paid Social,Bronze,8911.76
CUST016606,0.972,1,9157.56,3.0,264.0,Referral,Silver,8901.15
CUST007728,0.6484,4,13704.07,3.0,289.0,Paid Social,Gold,8885.72
CUST007773,0.9756,1,9097.779999999999,3.0,300.0,Organic Search,Silver,8875.79
CUST001565,0.3908,7,22711.86,9.0,55.0,Referral,Gold,8875.79
CUST018056,0.3308,8,26823.89,3.0,86.0,Influencer,Gold,8873.34
CUST009630,0.8993,3,9864.02,5.0,108.0,Organic Search,Silver,8870.71
CUST016822,0.499,5,17774.54,6.0,18.0,Paid Social,Bronze,8869.5
CUST008265,0.4339,6,20432.010000000002,2.0,80.0,Referral,Silver,8865.45
CUST014003,0.3699,7,23956.79,7.0,18.0,Marketplace,Bronze,8861.62
CUST012089,0.9776,1,9063.02,1.0,341.0,Referral,,8860.01
CUST013518,0.56,4,15821.02,5.0,227.0,Direct,Bronze,8859.77
CUST004912,0.7798,3,11328.369999999999,4.0,73.0,Direct,Bronze,8833.86
CUST007064,0.9122,2,9671.19,2.0,109.0,Organic Search,Bronze,8822.06
CUST007202,0.2079,9,42426.0,8.0,7.0,Influencer,Bronze,8820.37
CUST004409,0.9848,1,8954.849999999999,2.0,375.0,Influencer,Bronze,8818.74
CUST018864,0.4248,6,20744.98,3.0,49.0,Paid Social,Bronze,8812.47
CUST009137,0.963,1,9149.1,3.0,269.0,Email Campaign,,8810.58
CUST006031,0.9509,2,9265.45,1.0,396.0,Direct,Gold,8810.52
CUST017944,0.6949,4,12667.83,2.0,228.0,Influencer,Bronze,8802.88
CUST017539,0.4566,6,19277.4,5.0,41.0,Referral,Bronze,8802.06
CUST018642,0.1404,10,62559.35,11.0,84.0,Referral,Bronze,8783.33
CUST009821,0.3766,7,23316.29,4.0,9.0,,Bronze,8780.91
CUST009588,0.9827,1,8934.02,1.0,407.0,Organic Search,Bronze,8779.46
CUST019699,0.3739,7,23463.96,7.0,69.0,Email Campaign,Bronze,8773.17
CUST005553,0.8128,3,10790.18,6.0,82.0,Referral,Gold,8770.26
CUST010154,0.3553,7,24666.22,6.0,37.0,Paid Social,,8763.91
CUST008376,0.7374,3,11875.59,3.0,83.0,Paid Social,Silver,8757.06
CUST019018,0.9346,2,9362.689999999999,2.0,333.0,Paid Social,Bronze,8750.37
CUST016849,0.5914,4,14768.11,3.0,23.0,Paid Social,Bronze,8733.86
CUST003745,0.6895,4,12651.1,7.0,34.0,Paid Social,,8722.93
CUST000045,0.9606,2,9069.869999999999,2.0,246.0,Email Campaign,Bronze,8712.52
CUST003564,0.5226,5,16669.8,3.0,66.0,Organic Search,Bronze,8711.64
CUST003382,0.9799,1,8880.57,6.0,311.0,Email Campaign,Bronze,8702.07
CUST016866,0.3336,7,26052.87,3.0,151.0,Direct,Bronze,8691.24
CUST009834,0.4597,6,18890.09,2.0,31.0,Organic Search,Gold,8683.77
CUST005885,0.1912,9,45359.08,10.0,78.0,Organic Search,Bronze,8672.66
CUST009275,0.9222,2,9390.47,7.0,215.0,Direct,Platinum,8659.89
CUST011396,0.3648,7,23668.65,6.0,61.0,,Silver,8634.32
CUST006415,0.982,1,8790.63,3.0,388.0,Direct,Gold,8632.4
CUST002801,0.92,2,9381.64,5.0,148.0,Marketplace,Silver,8631.11
CUST015076,0.6166,4,13996.95,3.0,72.0,Paid Social,Bronze,8630.52
CUST008992,0.4713,5,18305.5,4.0,352.0,Paid Social,Silver,8627.38
CUST011528,0.9744,1,8827.8,3.0,304.0,Paid Social,Bronze,8601.81
CUST009677,0.1775,9,48460.2,11.0,44.0,Organic Search,Platinum,8601.69
CUST016471,0.9056,3,9486.42,4.0,106.0,Referral,Bronze,8590.9
CUST014009,0.6346,4,13529.43,3.0,115.0,Email Campaign,Silver,8585.78
CUST007266,0.8462,3,10145.21,2.0,129.0,Direct,Bronze,8584.88
CUST010438,0.9147,2,9380.98,1.0,99.0,,,8580.78
CUST016279,0.6872,4,12478.099999999999,5.0,51.0,Organic Search,Silver,8574.95
CUST015720,0.8384,3,10224.650000000001,6.0,163.0,Organic Search,Gold,8572.35
CUST006025,0.9662,1,8865.210000000001,2.0,348.0,Direct,Silver,8565.57
CUST004123,0.755,3,11341.25,5.0,44.0,,Bronze,8562.64
CUST007433,0.9466,2,9044.93,3.0,229.0,Influencer,Gold,8561.93
CUST000565,0.5104,5,16768.18,4.0,3.0,Email Campaign,Bronze,8558.48
CUST016985,0.3193,8,26737.719999999998,4.0,40.0,Organic Search,Gold,8537.35
CUST018989,0.1693,10,50389.72,13.0,20.0,Organic Search,Silver,8530.98
CUST006687,0.9749,1,8750.49,3.0,379.0,Organic Search,Silver,8530.85
CUST008734,0.8352,3,10207.76,1.0,62.0,Influencer,Bronze,8525.52
CUST011765,0.9551,2,8918.49,1.0,242.0,Influencer,Bronze,8518.05
CUST006311,0.9172,2,9278.94,6.0,151.0,Direct,Silver,8510.64
CUST000199,0.9714,1,8754.79,1.0,454.0,Direct,Bronze,8504.4
CUST019209,0.887,3,9585.94,1.0,143.0,Paid Social,Silver,8502.73
CUST013454,0.8132,3,10439.29,4.0,97.0,Email Campaign,Bronze,8489.23
CUST019386,0.3621,7,23406.05,8.0,3.0,Referral,Bronze,8475.33
CUST013918,0.9886,1,8566.16,2.0,303.0,Referral,Bronze,8468.51
CUST013598,0.8575,3,9867.09,6.0,79.0,Organic Search,Bronze,8461.03
CUST013658,0.3028,8,27932.76,6.0,49.0,Paid Social,Platinum,8458.04
CUST008608,0.727,4,11624.49,5.0,39.0,,Bronze,8451.0
CUST011232,0.9196,2,9189.3,4.0,101.0,Influencer,Gold,8450.48
CUST000463,0.981,1,8610.55,1.0,390.0,,,8446.95
CUST014847,0.8999,3,9386.470000000001,6.0,107.0,Paid Social,Bronze,8446.88
CUST003855,0.978,1,8631.24,1.0,206.0,Referral,Gold,8441.35
CUST008648,0.2624,8,32162.15,8.0,39.0,Organic Search,Silver,8439.35
CUST000843,0.4818,5,17501.88,2.0,101.0,,Bronze,8432.41
CUST013742,0.5761,4,14630.68,3.0,54.0,,Gold,8428.73
CUST010076,0.9652,1,8722.34,3.0,202.0,Email Campaign,Bronze,8418.8
CUST009180,0.9605,2,8762.24,3.0,193.0,Influencer,,8416.13
CUST001607,0.9201,2,9145.859999999999,2.0,117.0,Influencer,Silver,8415.11
CUST002365,0.9719,1,8643.529999999999,3.0,263.0,Organic Search,Bronze,8400.65
CUST014072,0.8876,3,9462.779999999999,5.0,127.0,Organic Search,Bronze,8399.16
CUST019481,0.5615,4,14956.55,1.0,88.0,Paid Social,Bronze,8398.1
CUST014097,0.2867,8,29272.26,11.0,27.0,Referral,Silver,8392.36
CUST013715,0.2924,8,28696.41,6.0,13.0,Organic Search,Bronze,8390.83
CUST002705,0.9712,1,8631.66,2.0,288.0,,Bronze,8383.07
CUST001359,0.3436,7,24396.86,5.0,17.0,Paid Social,Bronze,8382.76
CUST010194,0.5863,4,14296.89,4.0,102.0,Influencer,Bronze,8382.27
CUST006235,0.9662,1,8671.5,1.0,450.0,,Bronze,8378.4
CUST008431,0.9394,2,8915.27,4.0,105.0,Email Campaign,,8375.0
CUST002216,0.5014,5,16699.82,6.0,242.0,Organic Search,Silver,8373.29
CUST011862,0.8228,3,10168.8,7.0,48.0,Direct,Bronze,8366.89
CUST017508,0.7847,3,10654.810000000001,3.0,131.0,Email Campaign,Gold,8360.83
CUST002295,0.9248,2,9027.3,6.0,104.0,Organic Search,Silver,8348.45
CUST004042,0.8979,3,9283.14,4.0,229.0,,Bronze,8335.33
CUST016168,0.8494,3,9806.88,1.0,322.0,Influencer,Bronze,8329.96
CUST010769,0.9021,3,9231.01,4.0,150.0,Organic Search,Bronze,8327.29
CUST013944,0.9835,1,8465.130000000001,6.0,302.0,Organic Search,Silver,8325.46
CUST001438,0.978,1,8508.08,3.0,321.0,,Silver,8320.9
CUST018315,0.9767,1,8519.06,1.0,454.0,,Gold,8320.57
CUST010414,0.7372,3,11283.27,6.0,49.0,Referral,Silver,8318.03
CUST019868,0.3805,7,21817.73,4.0,6.0,Influencer,Silver,8301.65
CUST017086,0.6221,4,13342.009999999998,3.0,213.0,,Bronze,8300.06
CUST007542,0.9606,2,8637.59,7.0,225.0,Referral,Silver,8297.27
CUST015849,0.932,2,8884.529999999999,2.0,355.0,Organic Search,,8280.38
CUST011677,0.8895,3,9307.47,2.0,287.0,Paid Social,Bronze,8278.99
CUST018695,0.9378,2,8811.61,6.0,155.0,Referral,Bronze,8263.53
CUST004680,0.426,6,19257.79,4.0,19.0,Direct,Silver,8203.82
CUST011610,0.5046,5,16255.09,5.0,327.0,Referral,Bronze,8202.32
CUST015915,0.1639,10,50040.59,11.0,30.0,,Silver,8201.65
CUST005325,0.3151,8,26007.129999999997,5.0,91.0,,Bronze,8194.85
CUST004001,0.981,1,8340.259999999998,3.0,243.0,Influencer,Bronze,8181.8
CUST001702,0.3423,7,23900.18,5.0,24.0,Organic Search,Silver,8181.03
CUST008531,0.3951,7,20683.14,3.0,100.0,Paid Social,Silver,8171.91
CUST005150,0.949,2,8604.01,2.0,222.0,Paid Social,Bronze,8165.21
CUST014824,0.9224,2,8842.82,1.0,99.0,Referral,Bronze,8156.62
CUST017144,0.4273,6,19069.45,2.0,50.0,Organic Search,Bronze,8148.38
CUST005386,0.2634,8,30838.43,7.0,88.0,Influencer,Bronze,8122.84
CUST001908,0.2994,8,27109.92,6.0,18.0,Referral,Silver,8116.71
CUST019852,0.9438,2,8599.58,3.0,179.0,Organic Search,Bronze,8116.28
CUST003985,0.8484,3,9562.7,1.0,80.0,Marketplace,Bronze,8112.99
CUST015211,0.4753,5,17066.89,2.0,67.0,,Bronze,8111.89
CUST015948,0.987,1,8214.69,2.0,248.0,,Bronze,8107.9
CUST008805,0.9655,1,8397.15,4.0,183.0,Organic Search,Gold,8107.45
CUST018023,0.2135,9,37971.399999999994,9.0,13.0,Email Campaign,Bronze,8106.89
CUST002821,0.3379,7,23990.489999999998,3.0,103.0,Email Campaign,Bronze,8106.39
CUST003679,0.4438,6,18243.5,5.0,0.0,Referral,Bronze,8096.47
CUST004796,0.8472,3,9553.67,2.0,52.0,Marketplace,Bronze,8093.87
CUST002938,0.43,6,18819.77,9.0,5.0,Paid Social,Silver,8092.5
CUST012235,0.8925,3,9060.17,2.0,103.0,Paid Social,Silver,8086.2
CUST018952,0.9797,1,8241.99,4.0,256.0,Paid Social,Bronze,8074.68
CUST016026,0.867,3,9311.41,2.0,103.0,Direct,Bronze,8072.99
CUST005715,0.1673,10,48193.82,9.0,6.0,Direct,Gold,8062.83
CUST019447,0.9825,1,8201.73,1.0,361.0,Paid Social,Platinum,8058.2
CUST009688,0.7078,4,11383.72,3.0,76.0,Referral,Silver,8057.4
CUST002159,0.3049,8,26416.489999999998,8.0,102.0,,Silver,8054.39
CUST008797,0.8632,3,9314.64,1.0,95.0,Organic Search,Gold,8040.4
CUST011221,0.9752,1,8241.19,3.0,219.0,Marketplace,Silver,8036.81
CUST001864,0.378,7,21260.739999999998,4.0,98.0,Influencer,Bronze,8036.56
CUST015065,0.4449,6,18051.93,3.0,11.0,Direct,Silver,8031.3
CUST004124,0.7851,3,10226.42,10.0,65.0,Organic Search,Bronze,8028.76
CUST006253,0.9223,2,8701.560000000001,8.0,161.0,Direct,Bronze,8025.45
CUST003377,0.9576,2,8375.81,4.0,305.0,Paid Social,Bronze,8020.68
CUST010750,0.9473,2,8466.09,1.0,273.0,Paid Social,Bronze,8019.93
CUST012959,0.9798,1,8183.39,2.0,403.0,Organic Search,Silver,8018.09
CUST019113,0.9809,1,8156.34,1.0,283.0,Paid Social,,8000.55
CUST006376,0.7861,3,10171.07,5.0,107.0,Organic Search,Gold,7995.48
CUST019068,0.9515,2,8390.259999999998,5.0,227.0,Email Campaign,Gold,7983.33
CUST010975,0.9291,2,8576.68,1.0,210.0,Email Campaign,Gold,7968.59
CUST007467,0.8795,3,9051.04,3.0,123.0,Referral,Silver,7960.39
CUST009912,0.9749,1,8160.59,1.0,299.0,Influencer,Gold,7955.76
CUST003422,0.9582,2,8288.2,3.0,236.0,,Gold,7941.75
CUST004930,0.9695,1,8178.1,2.0,199.0,Influencer,Bronze,7928.67
CUST016355,0.3944,7,20096.22,4.0,35.0,Marketplace,,7925.95
CUST012288,0.8778,3,9026.54,3.0,99.0,Paid Social,Bronze,7923.5
CUST000281,0.928,2,8533.0,5.0,125.0,Paid Social,Silver,7918.62
CUST009232,0.4442,6,17820.44,4.0,13.0,Organic Search,Gold,7915.84
CUST012955,0.9455,2,8360.64,7.0,175.0,Referral,Gold,7904.99
CUST015535,0.3625,7,21789.86,1.0,400.0,Direct,Bronze,7898.82
CUST013890,0.1884,9,41893.0,8.0,78.0,Paid Social,,7892.64
CUST014217,0.1388,10,56773.66,6.0,21.0,Referral,Platinum,7880.18
CUST012683,0.8962,3,8767.05,3.0,97.0,Email Campaign,Platinum,7857.03
CUST001786,0.331,8,23720.13,4.0,18.0,Organic Search,,7851.36
CUST017454,0.3915,7,20053.260000000002,11.0,122.0,Organic Search,Bronze,7850.85
CUST007001,0.7959,3,9862.470000000001,4.0,48.0,Email Campaign,Bronze,7849.54
CUST011067,0.6905,4,11366.15,4.0,145.0,Direct,Silver,7848.33
CUST017020,0.9923,1,7904.33,2.0,369.0,Direct,Bronze,7843.47
CUST012107,0.937,2,8369.64,5.0,184.0,Influencer,Gold,7842.35
CUST015515,0.7233,4,10836.08,4.0,57.0,,Bronze,7837.74
CUST016955,0.9638,1,8108.54,4.0,213.0,,Silver,7815.01
CUST008184,0.303,8,25785.629999999997,7.0,7.0,Organic Search,Platinum,7813.05
CUST015960,0.531,5,14695.95,3.0,45.0,Paid Social,Bronze,7803.55
CUST007563,0.9091,2,8575.939999999999,2.0,165.0,Email Campaign,Bronze,7796.39
CUST012309,0.2141,9,36399.14,8.0,48.0,Influencer,Bronze,7793.06
CUST005031,0.8987,3,8667.79,3.0,177.0,Direct,Platinum,7789.74
CUST012090,0.8111,3,9601.289999999999,2.0,72.0,Referral,Bronze,7787.61
CUST008958,0.2574,9,30214.620000000003,4.0,3.0,Paid Social,Gold,7777.24
CUST007570,0.4937,5,15740.939999999999,3.0,115.0,Direct,Bronze,7771.3
CUST019134,0.7064,4,10994.75,3.0,64.0,Paid Social,Bronze,7766.69
CUST016276,0.3214,8,24140.83,5.0,28.0,Influencer,Silver,7758.86
CUST003653,0.4835,5,16041.37,4.0,114.0,Referral,Silver,7756.0
CUST000945,0.568,4,13643.07,5.0,116.0,Paid Social,Gold,7749.26
CUST000767,0.9776,1,7926.15,1.0,251.0,Referral,Bronze,7748.6
CUST006268,0.6095,4,12699.06,4.0,215.0,,Bronze,7740.08
CUST013646,0.5525,5,13994.740000000002,2.0,48.0,Organic Search,Silver,7732.09
CUST008423,0.2897,8,26647.71,10.0,145.0,Influencer,Bronze,7719.84
CUST001527,0.2997,8,25750.71,9.0,91.0,Direct,Bronze,7717.49
CUST004014,0.8167,3,9440.18,3.0,79.0,Paid Social,Silver,7709.8
CUST015382,0.937,2,8224.54,2.0,105.0,Organic Search,Bronze,7706.39
CUST013208,0.9854,1,7820.02,3.0,276.0,Paid Social,Silver,7705.85
CUST007875,0.9588,2,8033.26,2.0,173.0,Organic Search,Bronze,7702.29
CUST005159,0.3968,7,19401.65,3.0,8.0,Email Campaign,Silver,7698.57
CUST010894,0.8021,3,9590.39,4.0,100.0,Paid Social,,7692.45
CUST005141,0.5592,4,13752.24,3.0,58.0,Organic Search,Bronze,7690.25
CUST002137,0.2648,8,29036.32,13.0,17.0,Organic Search,Silver,7688.82
CUST018194,0.2376,9,32299.92,8.0,54.0,Organic Search,,7674.46
CUST003983,0.321,8,23825.760000000002,5.0,114.0,Marketplace,Gold,7648.07
CUST006084,0.5915,4,12928.54,3.0,38.0,Organic Search,Bronze,7647.23
CUST012794,0.2494,9,30639.17,4.0,4.0,Marketplace,Bronze,7641.41
CUST003026,0.1732,9,44106.299999999996,6.0,17.0,Email Campaign,Silver,7639.21
CUST001454,0.9806,1,7787.79,3.0,192.0,Organic Search,Platinum,7636.71
CUST007424,0.2946,8,25899.39,5.0,25.0,Direct,Silver,7629.96
CUST006957,0.9728,1,7838.75,4.0,261.0,Referral,,7625.54
CUST019662,0.1402,10,54384.01,13.0,4.0,Organic Search,Silver,7624.64
CUST005679,0.3711,7,20542.03,1.0,184.0,Direct,Bronze,7623.15
CUST017271,0.8102,3,9403.66,2.0,80.0,Organic Search,Silver,7618.85
CUST000098,0.8537,3,8922.240000000002,6.0,115.0,Direct,Bronze,7616.92
CUST015015,0.347,7,21912.71,4.0,103.0,,Silver,7603.71
CUST003544,0.9398,2,8087.120000000001,4.0,125.0,Direct,Silver,7600.28
CUST008601,0.9816,1,7742.28,1.0,251.0,Marketplace,Bronze,7599.82
CUST007333,0.3419,7,22219.85,3.0,12.0,Organic Search,,7596.97
CUST013563,0.4921,5,15420.4,7.0,115.0,Referral,Bronze,7588.38
CUST000743,0.6138,4,12347.400000000001,2.0,231.0,Referral,Silver,7578.83
CUST019416,0.8582,3,8831.01,1.0,74.0,Paid Social,Bronze,7578.77
CUST006208,0.4446,6,17042.04,4.0,107.0,Email Campaign,Bronze,7576.89
CUST900088,0.2044,9,37055.5,6.0,36.0,Paid Social,Gold,7574.14
CUST008612,0.5095,5,14856.35,4.0,4.0,Paid Social,Bronze,7569.31
CUST009018,0.9786,1,7730.63,3.0,233.0,Paid Social,Gold,7565.19
CUST011913,0.9741,1,7757.22,1.0,454.0,,Silver,7556.31
CUST000453,0.9871,1,7649.96,1.0,423.0,Referral,Silver,7551.28
CUST007932,0.3545,7,21276.629999999997,3.0,302.0,Paid Social,Bronze,7542.57
CUST014827,0.9087,2,8294.01,1.0,116.0,Direct,Bronze,7536.77
CUST017081,0.2046,9,36818.37,5.0,108.0,Influencer,Silver,7533.04
CUST005009,0.2609,8,28870.82,11.0,13.0,Direct,,7532.4
CUST011063,0.8902,3,8461.34,3.0,96.0,Referral,Gold,7532.28
CUST005800,0.5714,4,13152.45,3.0,212.0,Direct,Bronze,7515.31
CUST009739,0.2463,9,30501.1,7.0,104.0,Organic Search,Bronze,7512.42
CUST011477,0.8846,3,8489.449999999999,3.0,188.0,Email Campaign,Silver,7509.77
CUST018176,0.738,3,10172.46,3.0,106.0,Organic Search,Bronze,7507.28
CUST017698,0.8638,3,8687.64,5.0,140.0,Referral,Silver,7504.38
CUST009436,0.9717,1,7722.12,3.0,215.0,Paid Social,Bronze,7503.58
CUST003541,0.4237,6,17708.06,3.0,2.0,Organic Search,Silver,7502.91
CUST013945,0.2958,8,25336.5,9.0,11.0,Direct,Bronze,7494.54
CUST009620,0.2828,8,26491.15,7.0,76.0,Marketplace,Silver,7491.7
CUST012993,0.4163,6,17985.559999999998,6.0,10.0,Influencer,Bronze,7487.39
CUST005780,0.935,2,8006.67,7.0,246.0,Organic Search,Platinum,7486.24
CUST014327,0.8674,3,8619.86,10.0,121.0,Paid Social,Platinum,7476.87
CUST001062,0.1548,10,48283.54,12.0,21.0,Email Campaign,,7474.29
CUST009406,0.3101,8,24018.55,7.0,36.0,Referral,Gold,7448.15
CUST005477,0.9095,2,8187.27,3.0,96.0,Influencer,Gold,7446.32
CUST001235,0.904,3,8225.210000000001,2.0,123.0,,Gold,7435.59
CUST010549,0.9682,1,7677.14,1.0,327.0,Organic Search,Platinum,7433.01
CUST019825,0.4237,6,17542.2,3.0,26.0,Marketplace,Platinum,7432.63
CUST006917,0.7525,3,9876.37,9.0,103.0,Referral,Silver,7431.97
CUST001319,0.4782,5,15522.18,1.0,47.0,Paid Social,Silver,7422.71
CUST001119,0.42,6,17669.940000000002,6.0,134.0,Direct,Gold,7421.37
CUST007264,0.4917,5,15061.27,7.0,63.0,Organic Search,Silver,7405.63
CUST009065,0.3684,7,20098.010000000002,4.0,107.0,Organic Search,Bronze,7404.11
CUST014299,0.6811,4,10863.46,1.0,30.0,Paid Social,Bronze,7399.1
CUST015116,0.5057,5,14622.42,4.0,250.0,Organic Search,Bronze,7394.56
CUST014277,0.7935,3,9302.31,1.0,80.0,Referral,,7381.38
CUST000563,0.8955,3,8240.189999999999,5.0,93.0,Organic Search,,7379.09
CUST005984,0.6523,4,11311.92,2.0,356.0,Influencer,Bronze,7378.77
CUST000903,0.8356,3,8825.7,1.0,78.0,Paid Social,Bronze,7374.75
CUST007557,0.99,1,7436.76,3.0,378.0,,Bronze,7362.39
CUST001212,0.9303,2,7908.52,7.0,108.0,Email Campaign,Silver,7357.3
CUST001166,0.2994,8,24527.84,6.0,65.0,Paid Social,Bronze,7343.64
CUST015776,0.3814,7,19241.21,2.0,125.0,Referral,Bronze,7338.6
CUST003617,0.3767,7,19458.36,5.0,26.0,Organic Search,Silver,7329.96
CUST009994,0.8984,3,8158.049999999999,7.0,117.0,Organic Search,Silver,7329.19
CUST018411,0.3604,7,20331.62,6.0,15.0,Influencer,Bronze,7327.52
CUST013775,0.4646,6,15727.59,5.0,108.0,Direct,Bronze,7307.04
CUST016002,0.408,6,17899.289999999997,5.0,74.0,Direct,Bronze,7302.91
CUST018011,0.8748,3,8346.43,3.0,156.0,Organic Search,Bronze,7301.46
CUST003207,0.3846,7,18968.08,7.0,33.0,Referral,Bronze,7295.12
CUST010005,0.5909,4,12331.22,6.0,252.0,Paid Social,Platinum,7286.52
CUST014004,0.4947,5,14722.99,3.0,44.0,Marketplace,Bronze,7283.46
CUST004074,0.385,7,18885.54,6.0,48.0,,Platinum,7270.93
CUST005668,0.4928,5,14749.55,3.0,306.0,Influencer,Silver,7268.58
CUST001399,0.9241,2,7858.16,3.0,141.0,Influencer,Bronze,7261.73
CUST014202,0.9789,1,7416.13,3.0,208.0,,Bronze,7259.65
CUST004854,0.3326,8,21813.25,5.0,7.0,Organic Search,Silver,7255.09
CUST005391,0.5413,5,13400.380000000001,3.0,66.0,,Bronze,7253.63
CUST001648,0.9329,2,7766.1900000000005,6.0,105.0,Organic Search,Bronze,7245.08
CUST009204,0.9181,2,7885.25,5.0,118.0,Organic Search,Bronze,7239.45
CUST011379,0.3614,7,20029.79,6.0,71.0,Referral,Bronze,7238.77
CUST004931,0.2908,8,24872.36,8.0,8.0,Influencer,Bronze,7232.88
CUST014936,0.9842,1,7346.049999999999,2.0,413.0,Direct,Silver,7229.98
CUST014136,0.4735,5,15249.029999999999,4.0,108.0,Direct,Bronze,7220.42
CUST004238,0.9021,3,8000.53,7.0,95.0,,,7217.28
CUST014929,0.1755,9,41115.22,7.0,11.0,Marketplace,Platinum,7215.72
CUST018460,0.9854,1,7322.51,1.0,430.0,Direct,,7215.6
CUST006170,0.2596,8,27789.55,5.0,103.0,,Bronze,7214.17
CUST014992,0.9456,2,7622.05,5.0,120.0,Paid Social,Silver,7207.41
CUST015677,0.9102,2,7906.57,6.0,111.0,Paid Social,Bronze,7196.56
CUST012278,0.9883,1,7267.0599999999995,3.0,384.0,Email Campaign,Silver,7182.04
CUST004797,0.4595,6,15627.68,6.0,81.0,Influencer,Bronze,7180.92
CUST010398,0.9796,1,7326.59,3.0,205.0,Influencer,,7177.13
CUST019324,0.9317,2,7697.1900000000005,5.0,122.0,Paid Social,Bronze,7171.47
CUST016164,0.8441,3,8493.32,1.0,89.0,,Bronze,7169.21
CUST016847,0.5164,5,13880.7,4.0,12.0,Direct,Silver,7167.99
CUST000170,0.2237,9,32027.91,5.0,52.0,Paid Social,Platinum,7164.64
CUST010434,0.9236,2,7755.47,2.0,165.0,Direct,Silver,7162.95
CUST003813,0.983,1,7286.72,2.0,401.0,,Silver,7162.85
CUST000951,0.3418,7,20954.82,7.0,37.0,Paid Social,Silver,7162.36
CUST015924,0.421,6,17006.25,4.0,53.0,Paid Social,Silver,7159.63
CUST001708,0.7678,3,9321.46,4.0,127.0,Paid Social,Gold,7157.02
CUST010798,0.3397,7,21063.2,5.0,51.0,Organic Search,Bronze,7155.17
CUST016990,0.2255,9,31705.46,7.0,16.0,Email Campaign,Bronze,7149.58
CUST013835,0.9084,2,7867.6,3.0,108.0,Direct,Bronze,7146.93
CUST005285,0.7806,3,9146.48,7.0,53.0,Paid Social,Bronze,7139.74
CUST011915,0.3127,8,22832.12,7.0,30.0,Marketplace,Silver,7139.6
CUST012056,0.4844,5,14728.11,3.0,204.0,Direct,Gold,7134.3
CUST017373,0.9729,1,7329.15,4.0,215.0,Organic Search,Bronze,7130.53
CUST015686,0.8307,3,8578.7,1.0,87.0,Organic Search,Bronze,7126.33
CUST002883,0.4057,6,17564.9,3.0,3.0,Direct,Bronze,7126.08
CUST003989,0.5831,4,12210.84,4.0,94.0,,Bronze,7120.14
CUST012261,0.8509,3,8361.23,2.0,122.0,Marketplace,Bronze,7114.57
CUST019572,0.3254,8,21837.17,4.0,1.0,Marketplace,Bronze,7105.82
CUST017439,0.5286,5,13431.52,3.0,154.0,,Bronze,7099.9
CUST012946,0.8919,3,7956.79,6.0,115.0,Influencer,Bronze,7096.66
CUST010877,0.9357,2,7584.110000000001,6.0,148.0,,Bronze,7096.45
CUST016837,0.4412,6,16066.36,2.0,53.0,Organic Search,Silver,7088.48
CUST010419,0.3654,7,19381.879999999997,3.0,12.0,Organic Search,Bronze,7082.14
CUST007771,0.2375,9,29805.410000000003,6.0,80.0,Direct,Bronze,7078.78
CUST000890,0.8274,3,8554.09,3.0,58.0,Influencer,Silver,7077.65
CUST006802,0.9898,1,7130.36,4.0,278.0,Paid Social,Bronze,7057.63
CUST002350,0.7698,3,9165.43,3.0,81.0,Influencer,Silver,7055.55
CUST009930,0.4088,6,17246.29,4.0,17.0,Direct,Bronze,7050.28
CUST014247,0.364,7,19362.55,5.0,26.0,Paid Social,Bronze,7047.97
CUST000091,0.2165,9,32507.059999999998,10.0,28.0,Organic Search,Bronze,7037.78
CUST008779,0.4409,6,15953.270000000002,5.0,2.0,Organic Search,Silver,7033.8
CUST001689,0.7896,3,8905.46,7.0,90.0,Marketplace,Silver,7031.75
CUST016166,0.2375,9,29602.65,10.0,82.0,Referral,Gold,7030.63
CUST010669,0.5022,5,13989.38,3.0,27.0,Email Campaign,Silver,7025.47
CUST003413,0.9722,1,7220.67,1.0,204.0,Email Campaign,Bronze,7019.94
CUST010684,0.9428,2,7445.82,2.0,134.0,Paid Social,Silver,7019.92
CUST013333,0.8408,3,8347.710000000001,2.0,108.0,Paid Social,Bronze,7018.75
CUST016857,0.4831,5,14527.470000000001,3.0,19.0,Organic Search,Bronze,7018.22
CUST005198,0.4657,6,15062.1,2.0,14.0,Paid Social,Bronze,7014.42
CUST003689,0.8247,3,8504.06,4.0,113.0,Influencer,Bronze,7013.3
CUST006599,0.8754,3,8006.82,6.0,102.0,Marketplace,Bronze,7009.17
CUST010617,0.9171,2,7636.32,5.0,100.0,Organic Search,Gold,7003.27
CUST007109,0.4295,6,16286.2,8.0,55.0,Paid Social,,6994.92
CUST004402,0.3236,8,21606.35,4.0,14.0,Referral,Silver,6991.81
CUST009025,0.4731,5,14770.69,1.0,66.0,Influencer,Bronze,6988.01
CUST008479,0.3889,7,17959.91,6.0,145.0,Paid Social,Platinum,6984.61
CUST014139,0.976,1,7151.870000000001,4.0,196.0,Organic Search,Silver,6980.23
CUST008570,0.2271,9,30725.210000000003,7.0,15.0,Paid Social,Bronze,6977.7
CUST005174,0.2522,9,27665.91,9.0,3.0,Marketplace,Bronze,6977.34
CUST015852,0.4994,5,13954.7,3.0,55.0,Paid Social,Bronze,6968.98
CUST018356,0.2304,9,30236.190000000002,10.0,24.0,Organic Search,,6966.42
CUST014768,0.8593,3,8084.0,4.0,89.0,Marketplace,Bronze,6946.58
CUST017567,0.5956,4,11646.71,1.0,39.0,Organic Search,Bronze,6936.78
CUST008919,0.3886,7,17842.739999999998,4.0,25.0,Organic Search,Gold,6933.69
CUST000689,0.9796,1,7076.71,2.0,195.0,Influencer,,6932.35
CUST019271,0.4948,5,14009.259999999998,2.0,100.0,Referral,Silver,6931.78
CUST015139,0.4302,6,16108.0,2.0,55.0,Influencer,Silver,6929.66
CUST019289,0.9775,1,7088.84,4.0,243.0,Influencer,Bronze,6929.34
CUST010688,0.3269,8,21183.08,7.0,10.0,Organic Search,Bronze,6924.75
CUST000946,0.4568,6,15150.46,3.0,80.0,Paid Social,Silver,6920.73
CUST005891,0.9809,1,7053.889999999999,4.0,260.0,Influencer,Bronze,6919.16
CUST005644,0.9171,2,7543.63,4.0,183.0,Organic Search,,6918.26
CUST013441,0.4076,6,16963.61,5.0,48.0,Paid Social,Bronze,6914.37
CUST018066,0.8948,3,7725.22,4.0,123.0,Direct,Silver,6912.53
CUST017015,0.4382,6,15774.089999999998,3.0,2.0,Paid Social,,6912.21
CUST000343,0.3792,7,18224.42,5.0,27.0,Paid Social,Silver,6910.7
CUST007559,0.7165,4,9640.33,6.0,36.0,Referral,Bronze,6907.3
CUST000041,0.2566,9,26911.5,7.0,6.0,Email Campaign,,6905.49
CUST015371,0.9908,1,6962.870000000001,3.0,260.0,Direct,Platinum,6898.81
CUST008051,0.9776,1,7055.55,2.0,217.0,Influencer,Bronze,6897.51
CUST016203,0.8194,3,8416.44,9.0,71.0,Direct,Silver,6896.43
CUST010986,0.6952,4,9912.85,5.0,50.0,Referral,Platinum,6891.41
CUST013641,0.3629,7,18957.43,6.0,90.0,Organic Search,Silver,6879.65
CUST013359,0.9545,2,7204.9400000000005,7.0,184.0,,Silver,6877.12
CUST013531,0.8886,3,7737.43,7.0,130.0,Referral,Bronze,6875.48
CUST015726,0.8039,3,8551.0,6.0,106.0,Marketplace,Silver,6874.15
CUST018611,0.9304,2,7386.59,1.0,421.0,Organic Search,Bronze,6872.48
CUST014192,0.7394,3,9284.230000000001,3.0,87.0,Email Campaign,Bronze,6864.76
CUST016208,0.9409,2,7289.88,5.0,132.0,Referral,Bronze,6859.05
CUST006250,0.9601,2,7141.12,1.0,163.0,,Bronze,6856.19
CUST019907,0.7637,3,8969.970000000001,4.0,125.0,Paid Social,Silver,6850.37
CUST002068,0.8052,3,8504.529999999999,3.0,56.0,Direct,Bronze,6847.85
CUST009656,0.3564,7,19204.87,2.0,32.0,Organic Search,Bronze,6844.62
CUST016204,0.2826,8,24180.85,8.0,3.0,Influencer,Silver,6833.51
CUST009745,0.413,6,16543.42,5.0,166.0,Paid Social,Gold,6832.43
CUST000746,0.9824,1,6953.85,2.0,316.0,Organic Search,Bronze,6831.46
CUST014791,0.9785,1,6981.24,1.0,381.0,Paid Social,Bronze,6831.14
CUST011759,0.8595,3,7945.24,2.0,96.0,Direct,Silver,6828.93
CUST014355,0.7851,3,8697.54,1.0,120.0,Marketplace,Silver,6828.44
CUST013551,0.7097,4,9620.33,2.0,41.0,Paid Social,Bronze,6827.55
CUST002060,0.9403,2,7260.620000000001,3.0,150.0,Direct,Bronze,6827.16
CUST017278,0.4524,6,15085.699999999999,4.0,92.0,,Bronze,6824.77
CUST001624,0.8126,3,8396.5,3.0,57.0,Paid Social,Gold,6823.0
CUST010021,0.313,8,21781.24,4.0,37.0,,Bronze,6817.53
CUST015587,0.7485,3,9107.21,5.0,110.0,Paid Social,Platinum,6816.75
CUST007999,0.9301,2,7319.14,4.0,142.0,,Gold,6807.53
CUST019575,0.9761,1,6971.1900000000005,4.0,238.0,Direct,Bronze,6804.58
CUST018318,0.5446,5,12493.81,4.0,69.0,,Bronze,6804.13
CUST003638,0.2095,9,32464.58,5.0,42.0,Organic Search,Bronze,6801.33
CUST012408,0.9868,1,6880.31,1.0,454.0,Organic Search,,6789.49
CUST013132,0.9754,1,6956.72,2.0,217.0,Organic Search,Silver,6785.58
CUST018726,0.8228,3,8242.82,5.0,52.0,Referral,Silver,6782.19
CUST014406,0.6601,4,10274.16,2.0,189.0,Paid Social,Silver,6781.97
CUST007452,0.2368,9,28630.48,7.0,14.0,Organic Search,Silver,6779.7
CUST013740,0.2182,9,31034.67,10.0,31.0,Organic Search,Silver,6771.76
CUST001478,0.9711,1,6965.06,1.0,283.0,Marketplace,Bronze,6763.77
CUST018382,0.9496,2,7122.42,4.0,155.0,,Bronze,6763.45
CUST003982,0.4794,5,14090.32,3.0,80.0,Paid Social,Gold,6754.9
CUST018036,0.5009,5,13475.52,2.0,84.0,Influencer,Bronze,6749.89
CUST012996,0.9826,1,6866.46,2.0,299.0,,Bronze,6746.98
CUST019141,0.9238,2,7299.08,2.0,116.0,Email Campaign,Bronze,6742.89
CUST018800,0.4842,5,13917.2,2.0,75.0,Direct,Bronze,6738.71
CUST006650,0.9133,2,7368.68,4.0,123.0,,Bronze,6729.82
CUST008594,0.453,6,14842.529999999999,4.0,126.0,,Platinum,6723.67
CUST007390,0.9905,1,6786.02,1.0,259.0,Paid Social,,6721.55
CUST019511,0.9923,1,6771.5,3.0,387.0,Organic Search,Bronze,6719.36
CUST008624,0.4034,6,16649.440000000002,6.0,2.0,Paid Social,Bronze,6716.38
CUST016737,0.2518,9,26672.71,8.0,52.0,Referral,Gold,6716.19
CUST015708,0.9876,1,6797.84,5.0,217.0,Email Campaign,Gold,6713.55
CUST009978,0.9538,2,7033.99,4.0,176.0,Organic Search,Bronze,6709.02
CUST012986,0.9082,2,7382.45,4.0,136.0,Direct,Silver,6704.74
CUST001016,0.3079,8,21769.78,4.0,1.0,Organic Search,Silver,6702.92
CUST003474,0.9241,2,7253.01,5.0,154.0,,Silver,6702.51
CUST018830,0.4423,6,15137.93,6.0,46.0,Influencer,,6695.51
CUST003465,0.2479,9,26979.079999999998,9.0,24.0,Direct,Platinum,6688.11
CUST005899,0.434,6,15398.81,5.0,45.0,Organic Search,Platinum,6683.08
CUST003171,0.2784,8,23960.23,5.0,27.0,Organic Search,Bronze,6670.53
CUST013922,0.123,10,54210.380000000005,13.0,34.0,Direct,,6667.88
CUST014244,0.5426,5,12284.74,2.0,46.0,Marketplace,Bronze,6665.7
CUST007820,0.4561,6,14605.92,4.0,11.0,Organic Search,Bronze,6661.76
CUST004264,0.4612,6,14417.4,6.0,7.0,Paid Social,Platinum,6649.3
CUST001428,0.9887,1,6722.23,1.0,454.0,,Platinum,6646.27
CUST018876,0.4316,6,15392.86,3.0,13.0,Referral,Silver,6643.56
CUST004640,0.3365,7,19722.02,2.0,18.0,Organic Search,Bronze,6636.46
CUST000357,0.4948,5,13386.900000000001,2.0,0.0,Influencer,Bronze,6623.84
CUST010936,0.3324,8,19922.67,5.0,24.0,Paid Social,Silver,6622.3
CUST004443,0.9218,2,7177.44,1.0,171.0,Paid Social,Bronze,6616.16
CUST012797,0.9859,1,6693.1900000000005,3.0,346.0,Referral,Silver,6598.82
CUST001201,0.4279,6,15405.130000000001,4.0,15.0,Organic Search,Gold,6591.86
CUST001237,0.4878,5,13489.24,4.0,64.0,Influencer,Bronze,6580.05
CUST004561,0.9732,1,6759.9,4.0,262.0,Organic Search,Bronze,6578.73
CUST007759,0.5166,5,12718.82,3.0,172.0,Paid Social,Silver,6570.54
CUST002645,0.4525,6,14520.36,4.0,84.0,Influencer,Silver,6570.46
CUST015867,0.2092,9,31384.47,6.0,129.0,Email Campaign,Silver,6565.63
CUST007311,0.4582,6,14308.19,2.0,151.0,Email Campaign,Bronze,6556.01
CUST017189,0.28,8,23412.65,8.0,26.0,,Bronze,6555.54
CUST005689,0.3205,8,20434.86,5.0,51.0,Organic Search,Bronze,6549.37
CUST013973,0.92,2,7116.3,3.0,203.0,Organic Search,Bronze,6547.0
CUST010491,0.3231,8,20257.579999999998,4.0,79.0,Marketplace,Platinum,6545.22
CUST016638,0.8524,3,7676.8,3.0,111.0,Organic Search,Bronze,6543.7
CUST015524,0.5616,4,11645.2,4.0,124.0,Paid Social,,6539.94
CUST005870,0.4392,6,14881.359999999999,6.0,31.0,Paid Social,Gold,6535.89
CUST018923,0.725,4,9009.68,4.0,31.0,Organic Search,Bronze,6532.02
CUST002652,0.9687,1,6740.26,2.0,335.0,Marketplace,Silver,6529.29
CUST007693,0.2696,8,24206.52,9.0,27.0,Influencer,Silver,6526.08
CUST012810,0.3855,7,16928.07,5.0,87.0,Organic Search,Silver,6525.77
CUST006119,0.9871,1,6609.91,3.0,312.0,Direct,Bronze,6524.64
CUST009717,0.9849,1,6612.86,2.0,349.0,Paid Social,Silver,6513.01
CUST001100,0.5931,4,10974.93,1.0,23.0,Paid Social,Silver,6509.23
CUST001303,0.9679,1,6715.66,4.0,269.0,Influencer,Bronze,6500.09
CUST010508,0.669,4,9713.4,2.0,103.0,Organic Search,Bronze,6498.26
CUST001846,0.9908,1,6551.26,1.0,324.0,,Silver,6490.99
CUST006928,0.1749,9,37109.009999999995,10.0,16.0,Organic Search,Bronze,6490.37
CUST004122,0.2354,9,27539.690000000002,8.0,8.0,,Bronze,6482.84
CUST019772,0.4754,5,13633.93,4.0,101.0,Organic Search,Bronze,6481.57
CUST004907,0.9674,1,6697.0599999999995,2.0,316.0,Paid Social,Silver,6478.74
CUST009001,0.3863,7,16764.43,9.0,102.0,Email Campaign,Silver,6476.1
CUST008021,0.852,3,7590.41,1.0,133.0,Email Campaign,,6467.03
CUST015264,0.6209,4,10397.02,3.0,85.0,Marketplace,Bronze,6455.51
CUST016521,0.3397,7,19002.02,7.0,69.0,Direct,Bronze,6454.99
CUST015758,0.7214,4,8945.59,7.0,30.0,Direct,Bronze,6453.35
CUST005145,0.8965,3,7196.94,3.0,101.0,Email Campaign,Gold,6452.06
CUST005498,0.9232,2,6982.82,2.0,118.0,Organic Search,Bronze,6446.54
CUST000686,0.9683,1,6651.0599999999995,2.0,229.0,Referral,Bronze,6440.22
CUST000640,0.981,1,6563.5,2.0,370.0,Email Campaign,Silver,6438.79
CUST009670,0.4792,5,13434.31,7.0,14.0,,Bronze,6437.72
CUST015295,0.5874,4,10942.91,2.0,156.0,,Bronze,6427.87
CUST003914,0.9605,2,6685.07,4.0,291.0,Referral,Silver,6421.01
CUST010853,0.1248,10,51441.020000000004,11.0,62.0,,Silver,6419.84
CUST004508,0.9726,1,6599.38,3.0,241.0,Referral,Bronze,6418.56
CUST002463,0.9014,3,7118.36,12.0,257.0,Organic Search,Platinum,6416.49
CUST000412,0.9242,2,6941.13,6.0,192.0,Direct,Gold,6414.99
CUST010949,0.9737,1,6573.1,2.0,244.0,Marketplace,Platinum,6400.23
CUST014895,0.3888,7,16437.9,3.0,23.0,,Bronze,6391.06
CUST007726,0.4432,6,14415.3,5.0,13.0,Influencer,Silver,6388.86
CUST016533,0.2001,9,31908.559999999998,7.0,32.0,Paid Social,Bronze,6384.9
CUST016881,0.4802,5,13287.6,1.0,41.0,Organic Search,Bronze,6380.71
CUST008404,0.3684,7,17318.29,3.0,54.0,Marketplace,Silver,6380.06
CUST015937,0.9682,1,6578.75,3.0,272.0,,Platinum,6369.55
CUST006064,0.9244,2,6880.98,4.0,116.0,Influencer,Bronze,6360.78
CUST002848,0.5039,5,12618.69,1.0,105.0,Direct,Bronze,6358.56
CUST015156,0.348,7,18258.92,4.0,132.0,Paid Social,Bronze,6354.1
CUST017862,0.4216,6,15068.12,4.0,65.0,Referral,Silver,6352.72
CUST009625,0.3762,7,16872.34,3.0,4.0,Paid Social,Bronze,6347.37
CUST017227,0.2825,8,22436.41,5.0,39.0,Marketplace,Bronze,6338.29
CUST011311,0.2005,9,31579.14,11.0,23.0,Direct,Bronze,6331.62
CUST006769,0.9078,2,6971.0,5.0,126.0,Organic Search,Bronze,6328.27
CUST014560,0.9214,2,6848.43,2.0,96.0,Organic Search,Silver,6310.14
CUST007231,0.9656,1,6533.44,3.0,186.0,Organic Search,Bronze,6308.69
CUST002609,0.3108,8,20296.91,6.0,36.0,Organic Search,Bronze,6308.28
CUST002364,0.4133,6,15262.720000000001,3.0,182.0,Paid Social,Bronze,6308.08
CUST019459,0.299,8,21086.17,7.0,25.0,Email Campaign,Silver,6304.76
CUST017675,0.9764,1,6456.299999999999,3.0,231.0,Organic Search,Silver,6303.93
CUST018660,0.5055,5,12432.619999999999,2.0,276.0,Organic Search,Bronze,6284.69
CUST004874,0.947,2,6627.58,2.0,237.0,Marketplace,Silver,6276.32
CUST001838,0.3846,7,16307.87,3.0,3.0,Influencer,Bronze,6272.01
CUST003426,0.9692,1,6469.77,5.0,197.0,Paid Social,Bronze,6270.5
CUST004631,0.9457,2,6629.75,1.0,100.0,Direct,Silver,6269.75
CUST001540,0.1662,10,37670.39,11.0,24.0,Direct,Silver,6260.82
CUST006446,0.9493,2,6594.719999999999,8.0,227.0,Paid Social,Bronze,6260.37
CUST007770,0.3103,8,20168.58,3.0,86.0,Influencer,Bronze,6258.31
CUST002293,0.7202,4,8683.9,2.0,79.0,Organic Search,Bronze,6254.14
CUST009168,0.9675,1,6454.24,3.0,254.0,Paid Social,Bronze,6244.48
CUST013200,0.9773,1,6389.07,2.0,297.0,Influencer,Silver,6244.04
CUST012914,0.4433,6,14081.88,4.0,11.0,Influencer,Bronze,6242.5
CUST004969,0.9564,2,6524.22,2.0,118.0,Email Campaign,Bronze,6239.76
CUST007900,0.4968,5,12547.779999999999,2.0,17.0,Referral,Bronze,6233.74
CUST006984,0.8175,3,7624.33,2.0,54.0,Paid Social,Gold,6232.89
CUST003925,0.2637,8,23620.95,6.0,61.0,Referral,Bronze,6228.84
CUST006775,0.8565,3,7268.38,2.0,152.0,Organic Search,Bronze,6225.37
CUST011572,0.5487,5,11345.37,4.0,116.0,,Silver,6225.2
CUST018030,0.9525,2,6526.37,1.0,403.0,Paid Social,Gold,6216.37
CUST004846,0.9059,3,6861.67,1.0,382.0,Organic Search,,6215.99
CUST013558,0.4581,6,13563.23,4.0,67.0,Organic Search,Silver,6213.32
CUST016583,0.9799,1,6338.0,1.0,373.0,Influencer,Bronze,6210.61
CUST013493,0.3785,7,16408.37,2.0,31.0,Influencer,Silver,6210.57
CUST000449,0.4495,6,13805.46,4.0,100.0,Paid Social,Silver,6205.55
CUST008569,0.2018,9,30748.22,7.0,7.0,Paid Social,,6204.99
CUST003310,0.9314,2,6653.77,3.0,184.0,Paid Social,Platinum,6197.32
CUST014626,0.3334,7,18578.47,5.0,17.0,Direct,Bronze,6194.06
CUST005583,0.2353,9,26315.120000000003,10.0,3.0,Email Campaign,Bronze,6191.95
CUST016901,0.2852,8,21679.050000000003,3.0,33.0,,Platinum,6182.87
CUST008394,0.4655,6,13279.79,5.0,208.0,Organic Search,Bronze,6181.74
CUST006412,0.4925,5,12544.3,3.0,28.0,Paid Social,Bronze,6178.07
CUST005430,0.4736,5,13044.09,4.0,19.0,Paid Social,Platinum,6177.68
CUST001282,0.8743,3,7057.73,1.0,79.0,Marketplace,,6170.57
CUST012658,0.7109,4,8673.95,2.0,80.0,Referral,Bronze,6166.31
CUST017482,0.9573,2,6429.619999999999,4.0,106.0,Paid Social,Gold,6155.08
CUST015390,0.3003,8,20491.41,5.0,84.0,Organic Search,Silver,6153.57
CUST005746,0.3643,7,16875.63,4.0,80.0,Direct,Bronze,6147.79
CUST008912,0.9386,2,6548.62,1.0,179.0,Organic Search,,6146.53
CUST009687,0.428,6,14356.91,8.0,30.0,Direct,Bronze,6144.76
CUST006007,0.5324,5,11536.99,2.0,231.0,Paid Social,Bronze,6142.29
CUST008296,0.47,5,13052.96,4.0,19.0,Email Campaign,Bronze,6134.89
CUST000539,0.2278,9,26864.14,6.0,95.0,,Gold,6119.65
CUST008118,0.7441,3,8218.02,7.0,46.0,Organic Search,Bronze,6115.03
CUST010927,0.479,5,12762.68,3.0,48.0,Paid Social,Silver,6113.32
CUST000813,0.4266,6,14329.47,3.0,40.0,Organic Search,Bronze,6112.95
CUST017360,0.4362,6,14008.25,4.0,46.0,Organic Search,Silver,6110.4
CUST016292,0.2237,9,27313.15,7.0,8.0,Direct,,6109.95
CUST007504,0.8412,3,7254.29,2.0,143.0,Referral,Bronze,6102.31
CUST005202,0.8754,3,6969.58,2.0,156.0,Influencer,Silver,6101.17
CUST018738,0.2314,9,26362.809999999998,6.0,39.0,Influencer,Silver,6100.35
CUST004464,0.2458,9,24813.54,9.0,28.0,Referral,Bronze,6099.17
CUST017347,0.3872,7,15741.97,3.0,19.0,Organic Search,Silver,6095.29
CUST006629,0.9695,1,6282.91,4.0,209.0,Organic Search,Bronze,6091.28
CUST001407,0.992,1,6136.85,2.0,397.0,,Bronze,6087.76
CUST009666,0.9315,2,6533.14,3.0,108.0,Marketplace,Bronze,6085.62
CUST018013,0.9058,3,6712.96,1.0,205.0,Paid Social,Bronze,6080.6
CUST005736,0.2986,8,20358.809999999998,7.0,33.0,Influencer,Bronze,6079.14
CUST001488,0.9601,2,6330.530000000001,5.0,219.0,Direct,Bronze,6077.94
CUST010739,0.6377,4,9526.98,4.0,49.0,,Silver,6075.36
CUST019719,0.3629,7,16737.97,5.0,66.0,Organic Search,Silver,6074.21
CUST012533,0.7508,3,8081.33,3.0,47.0,Email Campaign,Gold,6067.46
CUST019753,0.6105,4,9933.73,2.0,122.0,Referral,Bronze,6064.54
CUST014843,0.7947,3,7627.75,2.0,84.0,,,6061.77
CUST017317,0.3496,7,17334.85,6.0,4.0,Email Campaign,Silver,6060.26
CUST018944,0.9389,2,6454.450000000001,3.0,127.0,Paid Social,Gold,6060.08
CUST000835,0.3452,7,17551.92,3.0,20.0,Organic Search,Gold,6058.92
CUST019047,0.3528,7,17169.9,5.0,8.0,Email Campaign,,6057.54
CUST017409,0.4388,6,13804.07,4.0,3.0,,Platinum,6057.23
CUST016536,0.982,1,6168.01,1.0,371.0,Paid Social,Bronze,6056.99
CUST007438,0.5789,4,10455.04,2.0,92.0,Paid Social,Bronze,6052.42
CUST006791,0.2422,9,24974.489999999998,5.0,65.0,Direct,Silver,6048.82
CUST018833,0.7863,3,7687.25,8.0,73.0,Organic Search,Silver,6044.48
CUST007207,0.8773,3,6888.1900000000005,4.0,57.0,Paid Social,Bronze,6043.01
CUST019670,0.8447,3,7152.24,1.0,87.0,,Silver,6041.5
CUST000979,0.1872,9,32251.03,9.0,110.0,,Silver,6037.39
CUST013787,0.3875,7,15542.91,5.0,22.0,Organic Search,Bronze,6022.88
CUST007861,0.9307,2,6464.370000000001,3.0,159.0,Influencer,Bronze,6016.39
CUST000999,0.3772,7,15946.900000000001,5.0,30.0,,Silver,6015.17
CUST002792,0.7581,3,7933.990000000001,3.0,96.0,Referral,Bronze,6014.76
CUST000368,0.9658,1,6227.23,2.0,387.0,Referral,Silver,6014.26
CUST001714,0.4824,5,12466.6,5.0,22.0,Marketplace,Bronze,6013.89
CUST013673,0.9082,2,6614.91,8.0,234.0,Organic Search,,6007.66
CUST010637,0.6504,4,9235.62,3.0,181.0,Marketplace,,6006.85
CUST003978,0.9425,2,6371.72,1.0,159.0,,Bronze,6005.35
CUST018792,0.9819,1,6112.51,2.0,423.0,Paid Social,Gold,6001.87
CUST014651,0.8958,3,6699.82,3.0,234.0,Organic Search,Bronze,6001.7
CUST017022,0.2947,8,20355.57,5.0,20.0,Email Campaign,Platinum,5998.79
CUST018352,0.951,2,6305.21,3.0,189.0,Organic Search,Silver,5996.25
CUST016786,0.9793,1,6122.76,4.0,317.0,Paid Social,Bronze,5996.02
CUST016189,0.1626,10,36866.64,10.0,14.0,Influencer,Silver,5994.52
CUST003076,0.5705,4,10504.65,1.0,3.0,Paid Social,Silver,5992.9
CUST004803,0.3476,7,17180.739999999998,5.0,18.0,Paid Social,Silver,5972.03
CUST005652,0.9838,1,6068.03,3.0,390.0,Email Campaign,Gold,5969.73
CUST010425,0.7823,3,7623.46,6.0,65.0,Direct,Bronze,5963.83
CUST016491,0.9024,3,6607.27,4.0,113.0,Influencer,Gold,5962.4
CUST005831,0.9712,1,6134.1,7.0,253.0,Direct,Gold,5957.44
CUST005683,0.8033,3,7408.96,8.0,67.0,Referral,Silver,5951.62
CUST000059,0.5835,4,10199.099999999999,3.0,150.0,Organic Search,Silver,5951.17
CUST000905,0.3225,8,18431.79,3.0,47.0,Organic Search,Gold,5944.25
CUST000644,0.444,6,13384.990000000002,2.0,84.0,,Bronze,5942.94
CUST017878,0.2472,9,24037.730000000003,4.0,14.0,Email Campaign,,5942.13
CUST016421,0.2767,8,21472.7,9.0,39.0,Marketplace,Bronze,5941.5
CUST008868,0.8444,3,7035.89,2.0,60.0,Direct,,5941.11
CUST000456,0.2473,9,24022.06,6.0,82.0,Organic Search,Bronze,5940.66
CUST018335,0.3778,7,15706.69,2.0,5.0,Paid Social,Bronze,5933.99
CUST013670,0.3975,6,14926.86,2.0,112.0,Organic Search,Silver,5933.43
CUST008856,0.9635,1,6154.84,3.0,195.0,Direct,Bronze,5930.19
CUST015536,0.4292,6,13814.900000000001,2.0,19.0,Direct,Bronze,5929.36
CUST013385,0.2466,9,24029.56,5.0,119.0,Direct,Gold,5925.69
CUST014438,0.7289,4,8128.74,1.0,65.0,Email Campaign,Silver,5925.04
CUST014559,0.9655,1,6124.3,2.0,199.0,Marketplace,Bronze,5913.01
CUST009312,0.3301,8,17899.760000000002,5.0,12.0,Organic Search,Bronze,5908.71
CUST001844,0.9758,1,6049.74,1.0,256.0,,Silver,5903.34
CUST009719,0.4644,6,12704.09,4.0,200.0,Marketplace,Bronze,5899.78
CUST012492,0.9228,2,6389.82,1.0,453.0,Paid Social,Bronze,5896.53
CUST006204,0.9278,2,6353.8,3.0,108.0,,,5895.06
CUST004801,0.207,9,28469.43,8.0,71.0,Influencer,Bronze,5893.17
CUST005920,0.161,10,36602.009999999995,9.0,17.0,,Bronze,5892.92
CUST009207,0.1938,9,30403.19,13.0,7.0,Referral,Bronze,5892.14
CUST004270,0.3454,7,17058.7,6.0,21.0,Paid Social,Silver,5892.07
CUST001270,0.4052,6,14528.349999999999,3.0,139.0,Organic Search,Bronze,5886.89
CUST008880,0.774,3,7603.34,8.0,68.0,Referral,Bronze,5884.99
CUST011284,0.158,10,37198.020000000004,8.0,32.0,Direct,Silver,5877.29
CUST008733,0.2628,8,22343.6,8.0,116.0,Organic Search,,5871.9
CUST004727,0.9863,1,5953.2,3.0,205.0,Email Campaign,Bronze,5871.64
CUST003709,0.3842,7,15282.720000000001,4.0,35.0,Paid Social,Silver,5871.62
CUST012382,0.7913,3,7414.3,3.0,161.0,Paid Social,Silver,5866.94
CUST014500,0.9193,2,6378.79,1.0,121.0,Referral,Bronze,5864.02
CUST017204,0.9917,1,5912.57,2.0,311.0,Organic Search,Silver,5863.5
CUST004423,0.4635,6,12644.77,3.0,74.0,Influencer,Gold,5860.85
CUST017052,0.9502,2,6164.08,2.0,169.0,Influencer,Bronze,5857.11
CUST017997,0.9587,2,6108.07,2.0,338.0,Influencer,,5855.81
CUST001088,0.5436,5,10770.189999999999,3.0,32.0,Direct,Gold,5854.68
CUST003064,0.8926,3,6556.4,1.0,179.0,Organic Search,Gold,5852.24
CUST007878,0.9874,1,5924.099999999999,2.0,229.0,Email Campaign,Bronze,5849.46
CUST006079,0.9515,2,6146.219999999999,2.0,232.0,Organic Search,Bronze,5848.13
CUST017822,0.9932,1,5885.88,1.0,342.0,Influencer,Bronze,5845.86
CUST004117,0.8837,3,6614.33,4.0,122.0,Email Campaign,Silver,5845.08
CUST001180,0.988,1,5914.75,2.0,290.0,Direct,Bronze,5843.77
CUST007169,0.287,8,20344.87,7.0,25.0,Influencer,Gold,5838.98
CUST019725,0.5197,5,11228.300000000001,5.0,120.0,Direct,Bronze,5835.35
CUST005890,0.4881,5,11954.0,4.0,57.0,,Bronze,5834.75
CUST015490,0.1252,10,46550.89,7.0,47.0,Direct,Silver,5828.17
CUST000909,0.9477,2,6147.21,1.0,398.0,Email Campaign,Silver,5825.71
CUST001569,0.0885,10,65826.16,12.0,25.0,Organic Search,Bronze,5825.62
CUST005494,0.7245,4,8031.15,4.0,115.0,Email Campaign,Bronze,5818.57
CUST003644,0.1246,10,46695.13,9.0,103.0,,,5818.21
CUST017579,0.3019,8,19269.489999999998,6.0,4.0,Marketplace,Bronze,5817.46
CUST001433,0.9342,2,6224.49,2.0,283.0,Influencer,Gold,5814.92
CUST004475,0.949,2,6126.610000000001,3.0,241.0,Influencer,Bronze,5814.15
CUST019400,0.2387,9,24342.34,5.0,125.0,,Bronze,5810.52
CUST005302,0.8897,3,6529.88,4.0,238.0,Paid Social,Gold,5809.63
CUST001425,0.2674,8,21725.26,7.0,38.0,Paid Social,Gold,5809.33
CUST011953,0.355,7,16355.82,5.0,15.0,Referral,Bronze,5806.32
CUST015701,0.196,9,29617.42,11.0,55.0,Organic Search,Bronze,5805.01
CUST002779,0.1835,9,31631.11,8.0,94.0,Paid Social,Silver,5804.31
CUST002633,0.5294,5,10954.73,2.0,23.0,,Bronze,5799.43
CUST015633,0.9766,1,5936.299999999999,2.0,399.0,Organic Search,Bronze,5797.39
CUST001677,0.9042,3,6406.719999999999,7.0,142.0,Referral,Bronze,5792.96
CUST012362,0.9674,1,5987.8,5.0,200.0,Email Campaign,Silver,5792.6
CUST012809,0.9418,2,6143.18,2.0,125.0,Paid Social,Gold,5785.65
CUST001990,0.3078,8,18782.370000000003,4.0,6.0,,Silver,5781.21
CUST018278,0.7878,3,7334.17,3.0,59.0,Direct,Gold,5777.86
CUST018220,0.9285,2,6215.57,6.0,154.0,Direct,Platinum,5771.16
CUST008287,0.9615,2,6001.889999999999,2.0,167.0,,Bronze,5770.82
CUST005540,0.3827,7,15077.67,4.0,142.0,Organic Search,Gold,5770.22
CUST007166,0.483,5,11946.48,4.0,27.0,Direct,Silver,5770.15
CUST002825,0.1887,9,30571.029999999995,8.0,25.0,,Silver,5768.75
CUST005924,0.8226,3,7012.540000000001,6.0,110.0,Marketplace,Platinum,5768.52
CUST017654,0.2982,8,19338.61,7.0,30.0,Paid Social,Platinum,5766.77
CUST001369,0.9807,1,5879.389999999999,2.0,321.0,,Bronze,5765.92
CUST014805,0.9645,1,5977.129999999999,2.0,216.0,Direct,Silver,5764.94
CUST007475,0.8458,3,6815.5599999999995,4.0,85.0,Referral,,5764.6
CUST019628,0.9802,1,5879.19,1.0,346.0,Organic Search,Bronze,5762.78
CUST008818,0.9321,2,6180.93,2.0,193.0,Paid Social,Bronze,5761.24
CUST013649,0.3721,7,15479.28,1.0,94.0,Paid Social,Platinum,5759.84
CUST008214,0.9905,1,5814.22,1.0,334.0,Marketplace,Bronze,5758.98
CUST017073,0.8604,3,6688.38,7.0,86.0,Marketplace,,5754.68
CUST017048,0.2477,9,23220.35,8.0,30.0,Organic Search,Gold,5751.68
CUST016487,0.9573,2,6004.32,1.0,203.0,Paid Social,Silver,5747.94
CUST008144,0.4397,6,13070.21,4.0,44.0,Direct,Gold,5746.97
CUST004197,0.989,1,5810.66,1.0,387.0,Referral,Bronze,5746.74
CUST011708,0.1658,10,34650.49,8.0,122.0,Email Campaign,Silver,5745.05
CUST005271,0.5235,5,10960.6,2.0,218.0,Organic Search,Bronze,5737.87
CUST015322,0.8918,3,6424.25,3.0,108.0,Paid Social,Bronze,5729.15
CUST014249,0.9376,2,6103.7,5.0,149.0,,Platinum,5722.83
CUST003831,0.3894,7,14686.74,3.0,66.0,Organic Search,Bronze,5719.02
CUST011836,0.9622,1,5941.58,4.0,274.0,Direct,Silver,5716.99
CUST015907,0.5758,4,9926.439999999999,3.0,66.0,Email Campaign,Silver,5715.64
CUST007463,0.1846,9,30955.059999999998,6.0,68.0,,Bronze,5714.3
CUST018155,0.8385,3,6814.82,7.0,75.0,Influencer,Platinum,5714.23
CUST015344,0.5054,5,11297.57,1.0,57.0,Organic Search,Gold,5709.79
CUST011497,0.2198,9,25964.42,9.0,27.0,Email Campaign,Silver,5706.98
CUST017402,0.9775,1,5829.05,2.0,227.0,Influencer,Silver,5697.9
CUST001281,0.5214,5,10927.76,2.0,28.0,Paid Social,,5697.73
CUST005413,0.4459,6,12768.24,5.0,117.0,Referral,Gold,5693.36
CUST003885,0.3563,7,15975.82,3.0,2.0,Organic Search,Silver,5692.18
CUST006908,0.2365,9,24063.32,4.0,5.0,Email Campaign,Bronze,5690.98
CUST016800,0.9666,1,5887.03,4.0,221.0,Referral,Bronze,5690.4
CUST000569,0.7488,3,7599.36,7.0,83.0,Direct,Bronze,5690.4
CUST007801,0.9461,2,6012.94,1.0,354.0,Direct,Silver,5688.84
CUST006900,0.3845,7,14790.87,3.0,69.0,Influencer,,5687.09
CUST012736,0.9758,1,5813.72,3.0,197.0,Organic Search,Bronze,5673.03
CUST008290,0.5,5,11340.98,3.0,55.0,,Silver,5670.49
CUST000632,0.9094,2,6232.98,2.0,130.0,Referral,Silver,5668.27
CUST007671,0.2236,9,25343.75,6.0,111.0,Paid Social,Gold,5666.86
CUST013266,0.5034,5,11256.710000000001,4.0,83.0,,Bronze,5666.63
CUST015635,0.2731,8,20746.23,9.0,22.0,Influencer,Silver,5665.8
CUST008560,0.9697,1,5840.389999999999,6.0,282.0,Referral,Bronze,5663.43
CUST015078,0.9132,2,6201.720000000001,4.0,130.0,Email Campaign,Bronze,5663.41
CUST001161,0.576,4,9828.94,4.0,89.0,Marketplace,Bronze,5661.47
CUST010376,0.9611,2,5890.549999999999,2.0,164.0,Paid Social,Silver,5661.41
CUST008497,0.3789,7,14939.48,3.0,95.0,,Silver,5660.57
CUST008585,0.4183,6,13531.310000000001,5.0,22.0,Influencer,Bronze,5660.15
CUST000168,0.7809,3,7247.34,9.0,90.0,Referral,Bronze,5659.45
CUST005289,0.915,2,6184.599999999999,2.0,120.0,Direct,Silver,5658.91
CUST011633,0.4595,6,12309.27,4.0,265.0,Influencer,Bronze,5656.11
CUST009944,0.9051,3,6242.53,8.0,121.0,Organic Search,Bronze,5650.11
CUST007054,0.1893,9,29838.92,9.0,44.0,Organic Search,Bronze,5648.51
CUST001484,0.8508,3,6630.89,1.0,146.0,Organic Search,,5641.56
CUST003200,0.6948,4,8117.54,2.0,234.0,Influencer,Silver,5640.07
CUST015009,0.8898,3,6337.57,8.0,143.0,Organic Search,Bronze,5639.17
CUST018101,0.3228,8,17459.48,6.0,16.0,,Bronze,5635.92
CUST010582,0.2876,8,19595.28,3.0,72.0,Email Campaign,,5635.6
CUST018426,0.7721,3,7291.07,3.0,53.0,Referral,Bronze,5629.44
CUST006423,0.1106,10,50877.4,13.0,97.0,Direct,Silver,5627.04
CUST017659,0.8955,3,6283.42,1.0,149.0,Influencer,Bronze,5626.8
CUST006143,0.4066,6,13825.58,2.0,26.0,Paid Social,Gold,5621.48
CUST000698,0.6381,4,8809.240000000002,2.0,102.0,Direct,Bronze,5621.18
CUST013335,0.5128,5,10959.060000000001,2.0,83.0,Paid Social,Bronze,5619.81
CUST010410,0.546,5,10291.03,1.0,102.0,Paid Social,Bronze,5618.9
CUST019121,0.3759,7,14946.61,6.0,30.0,Email Campaign,Silver,5618.43
CUST005760,0.358,7,15680.74,8.0,51.0,Direct,Silver,5613.7
CUST013292,0.9569,2,5865.93,1.0,418.0,,Bronze,5613.11
CUST012609,0.9867,1,5687.57,1.0,385.0,,Platinum,5611.93
CUST011889,0.9015,3,6217.76,2.0,111.0,,Gold,5605.31
CUST006794,0.3503,7,16000.45,7.0,113.0,Organic Search,Bronze,5604.96
CUST006098,0.3845,7,14560.08,2.0,139.0,Email Campaign,Silver,5598.35
CUST015846,0.192,9,29157.9,7.0,56.0,Direct,Bronze,5598.32
CUST012057,0.9097,2,6147.41,1.0,260.0,Direct,Bronze,5592.3
CUST010161,0.7449,3,7505.82,9.0,37.0,,Bronze,5591.09
CUST000158,0.4561,6,12249.07,2.0,26.0,Referral,Silver,5586.8
CUST006316,0.4975,5,11227.49,7.0,34.0,Organic Search,Gold,5585.68
CUST013729,0.7439,3,7508.32,4.0,48.0,Paid Social,Silver,5585.44
CUST014454,0.1314,10,42458.69,15.0,21.0,Paid Social,Platinum,5579.07
CUST009784,0.9176,2,6078.84,5.0,124.0,Organic Search,Platinum,5577.94
CUST002049,0.9634,1,5789.6,5.0,247.0,Organic Search,Silver,5577.7
CUST007543,0.5043,5,11052.939999999999,3.0,177.0,,Bronze,5574.0
CUST007486,0.4547,6,12255.84,1.0,10.0,Influencer,Gold,5572.73
CUST019285,0.3317,8,16799.379999999997,7.0,0.0,Email Campaign,Bronze,5572.35
CUST015175,0.5551,4,10026.71,1.0,23.0,Paid Social,Silver,5565.83
CUST017617,0.9299,2,5977.6,2.0,151.0,Influencer,Gold,5558.57
CUST018929,0.3613,7,15383.99,5.0,73.0,,Bronze,5558.24
CUST018598,0.9417,2,5899.02,2.0,103.0,Organic Search,Bronze,5555.11
CUST010001,0.2633,8,21081.27,4.0,126.0,Direct,Bronze,5550.7
CUST008314,0.9415,2,5893.46,2.0,165.0,Paid Social,Bronze,5548.69
CUST011761,0.2489,9,22289.21,7.0,31.0,Organic Search,Gold,5547.78
CUST006565,0.1725,9,32146.54,9.0,18.0,Organic Search,Silver,5545.28
CUST014720,0.8508,3,6516.75,4.0,176.0,Referral,Bronze,5544.45
CUST014425,0.4344,6,12756.779999999999,3.0,23.0,Referral,Silver,5541.55
CUST001219,0.639,4,8666.57,2.0,123.0,Marketplace,,5537.94
CUST011099,0.5854,4,9446.65,2.0,102.0,Paid Social,Gold,5530.07
CUST005567,0.2141,9,25828.980000000003,6.0,72.0,Referral,Silver,5529.98
CUST005607,0.3148,8,17563.409999999996,6.0,31.0,Marketplace,Bronze,5528.96
CUST017444,0.7684,3,7190.56,3.0,44.0,Influencer,Bronze,5525.23
CUST004875,0.3703,7,14914.6,4.0,24.0,Email Campaign,Bronze,5522.88
CUST017639,0.3147,8,17538.78,7.0,13.0,Paid Social,Platinum,5519.45
CUST007603,0.778,3,7091.280000000001,5.0,41.0,Paid Social,Bronze,5517.02
CUST017163,0.5115,5,10751.45,4.0,67.0,Referral,Gold,5499.37
CUST018306,0.1796,9,30616.190000000002,8.0,55.0,Influencer,Silver,5498.67
CUST018242,0.203,9,27071.75,7.0,25.0,Organic Search,Silver,5495.57
CUST019371,0.6049,4,9077.45,1.0,435.0,,Platinum,5490.95
CUST900175,0.8816,3,6227.549999999999,4.0,103.0,Direct,Bronze,5490.21
CUST013236,0.3914,7,14011.130000000001,7.0,59.0,Email Campaign,Bronze,5483.96
CUST012857,0.9086,2,6035.24,2.0,92.0,Paid Social,Bronze,5483.62
CUST003991,0.1534,10,35732.850000000006,9.0,82.0,Marketplace,Silver,5481.42
CUST007053,0.3921,7,13968.41,3.0,34.0,Paid Social,Bronze,5477.01
CUST007253,0.2398,9,22838.57,8.0,117.0,Marketplace,Gold,5476.69
CUST016917,0.2961,8,18481.97,6.0,32.0,Paid Social,Bronze,5472.51
CUST015456,0.8933,3,6124.58,5.0,144.0,Referral,Bronze,5471.09
CUST005076,0.4874,5,11205.77,6.0,11.0,Paid Social,Silver,5461.69
CUST011253,0.3483,7,15667.84,6.0,43.0,Organic Search,Silver,5457.11
CUST010766,0.9732,1,5605.889999999999,2.0,365.0,Paid Social,Bronze,5455.65
CUST004535,0.3839,7,14197.720000000001,5.0,29.0,Paid Social,Silver,5450.5
CUST004522,0.2725,8,19986.420000000002,7.0,24.0,Organic Search,Bronze,5446.3
CUST014670,0.2739,8,19862.3,8.0,68.0,Organic Search,Bronze,5440.28
CUST000414,0.9584,2,5675.860000000001,3.0,177.0,Referral,Silver,5439.74
CUST004542,0.4542,6,11963.59,4.0,172.0,Paid Social,Bronze,5433.86
CUST900033,0.2462,9,22060.15,7.0,109.0,Email Campaign,Silver,5431.21
CUST015697,0.2413,9,22466.809999999998,5.0,114.0,Direct,Gold,5421.24
CUST015284,0.9849,1,5503.45,2.0,325.0,Influencer,Bronze,5420.35
CUST004030,0.8904,3,6085.469999999999,8.0,123.0,Marketplace,Silver,5418.5
CUST004344,0.9282,2,5837.53,1.0,101.0,Paid Social,Bronze,5418.4
CUST015011,0.7968,3,6795.790000000001,4.0,71.0,Referral,Silver,5414.89
CUST013465,0.9524,2,5685.51,1.0,165.0,Influencer,,5414.88
CUST900012,0.0958,10,56486.56,22.0,25.0,Referral,Bronze,5411.41
CUST014964,0.2947,8,18348.89,5.0,51.0,Influencer,,5407.42
CUST017641,0.9886,1,5464.79,1.0,316.0,Organic Search,Bronze,5402.49
CUST000258,0.1332,10,40556.01,12.0,97.0,Organic Search,Silver,5402.06
CUST011736,0.4766,5,11333.689999999999,2.0,28.0,Referral,Bronze,5401.64
CUST015997,0.3175,8,17012.54,6.0,91.0,Paid Social,Silver,5401.48
CUST011956,0.4901,5,11019.36,2.0,234.0,Organic Search,Bronze,5400.59
CUST016386,0.9833,1,5492.12,1.0,234.0,Email Campaign,Bronze,5400.4
CUST011527,0.6508,4,8285.3,6.0,34.0,Email Campaign,Bronze,5392.07
CUST015255,0.2466,9,21862.37,7.0,37.0,Organic Search,Silver,5391.26
CUST005888,0.4248,6,12670.279999999999,3.0,74.0,Direct,Gold,5382.33
CUST000201,0.2531,9,21247.8,7.0,31.0,Paid Social,Gold,5377.82
CUST014286,0.545,5,9862.81,5.0,196.0,Influencer,Gold,5375.23
CUST003375,0.605,4,8881.380000000001,5.0,33.0,Referral,Gold,5373.23
CUST001738,0.9765,1,5501.910000000001,2.0,221.0,,Gold,5372.62
CUST008231,0.8582,3,6256.47,1.0,444.0,Influencer,Gold,5369.3
CUST018550,0.9437,2,5689.24,5.0,189.0,Organic Search,Silver,5368.94
CUST011995,0.9835,1,5454.07,5.0,285.0,Organic Search,Silver,5364.08
CUST011808,0.5363,5,10001.03,1.0,100.0,Direct,Silver,5363.55
CUST003179,0.0609,10,88058.88,17.0,98.0,Referral,Gold,5362.79
CUST007605,0.3623,7,14782.64,6.0,104.0,Influencer,Silver,5355.75
CUST002490,0.2869,8,18659.54,11.0,30.0,Referral,Silver,5353.42
CUST019114,0.5758,4,9290.23,1.0,136.0,Paid Social,Bronze,5349.31
CUST017583,0.1675,10,31933.05,9.0,23.0,,Gold,5348.79
CUST010160,0.9271,2,5764.6900000000005,4.0,275.0,,Bronze,5344.44
CUST013597,0.2643,8,20204.27,9.0,21.0,Paid Social,Silver,5339.99
CUST000455,0.5648,4,9448.54,2.0,115.0,Influencer,Silver,5336.54
CUST003529,0.2838,8,18802.91,6.0,26.0,Referral,Bronze,5336.27
CUST013245,0.4364,6,12227.88,3.0,26.0,Organic Search,Silver,5336.25
CUST002691,0.3428,7,15561.720000000001,3.0,100.0,Organic Search,,5334.56
CUST008467,0.9176,2,5804.87,3.0,139.0,Marketplace,Bronze,5326.55
CUST000808,0.7713,3,6904.19,1.0,57.0,Paid Social,Silver,5325.2
CUST016669,0.4492,6,11848.45,2.0,130.0,Paid Social,Bronze,5322.32
CUST005234,0.2703,8,19688.120000000003,6.0,9.0,Organic Search,Silver,5321.7
CUST007936,0.966,1,5507.610000000001,4.0,190.0,Paid Social,Silver,5320.35
CUST000171,0.2654,8,20041.85,5.0,0.0,Influencer,Bronze,5319.11
CUST012913,0.5686,4,9347.76,5.0,131.0,Paid Social,Bronze,5315.14
CUST004824,0.9482,2,5605.41,3.0,201.0,Paid Social,,5315.05
CUST006803,0.9596,2,5537.24,5.0,335.0,Paid Social,,5313.54
CUST018276,0.2359,9,22517.66,12.0,4.0,Marketplace,Bronze,5311.92
CUST003956,0.2959,8,17948.059999999998,7.0,128.0,Organic Search,Bronze,5310.83
CUST002783,0.3259,8,16293.580000000002,5.0,2.0,Referral,Bronze,5310.08
CUST003758,0.1913,9,27751.13,10.0,2.0,Referral,Gold,5308.79
CUST019570,0.2684,8,19765.21,7.0,121.0,,,5304.98
CUST005243,0.439,6,12073.95,3.0,60.0,Direct,Bronze,5300.46
CUST007903,0.419,6,12642.18,4.0,35.0,Paid Social,Bronze,5297.07
CUST004146,0.3446,7,15371.27,4.0,24.0,,Gold,5296.94
CUST015941,0.4774,5,11094.93,2.0,30.0,Organic Search,Bronze,5296.72
CUST018563,0.9187,2,5764.679999999999,2.0,312.0,Email Campaign,Bronze,5296.01
CUST007474,0.9701,1,5457.4800000000005,2.0,232.0,Email Campaign,Bronze,5294.3
CUST012701,0.9944,1,5323.8,3.0,373.0,Organic Search,Gold,5293.99
CUST009760,0.9918,1,5337.530000000001,3.0,314.0,Organic Search,Bronze,5293.76
CUST000400,0.3411,7,15516.54,6.0,1.0,Paid Social,Silver,5292.69
CUST018298,0.7722,3,6853.139999999999,3.0,65.0,Organic Search,Bronze,5291.99
CUST013183,0.6049,4,8744.910000000002,2.0,18.0,Influencer,Silver,5289.8
CUST005918,0.2915,8,18144.489999999998,12.0,33.0,Referral,,5289.12
CUST006969,0.1568,10,33721.94,12.0,1.0,Direct,Bronze,5287.6
CUST015004,0.3431,7,15408.439999999999,6.0,58.0,Paid Social,Silver,5286.64
CUST006537,0.4484,6,11788.58,2.0,48.0,Paid Social,Bronze,5286.0
CUST014920,0.8632,3,6113.53,6.0,134.0,Referral,Silver,5277.2
CUST010823,0.8144,3,6470.73,3.0,70.0,Influencer,Bronze,5269.76
CUST018285,0.5202,5,10125.19,4.0,23.0,Paid Social,Silver,5267.12
CUST012855,0.584,4,9002.91,1.0,214.0,Paid Social,Bronze,5257.7
CUST000345,0.0763,10,68854.06,13.0,84.0,Organic Search,Bronze,5253.56
CUST007752,0.2597,8,20219.5,5.0,101.0,Paid Social,Bronze,5251.0
CUST012595,0.2198,9,23873.92,7.0,1.0,Referral,Bronze,5247.49
CUST002697,0.1946,9,26958.55,10.0,0.0,Organic Search,Bronze,5246.13
CUST018559,0.9237,2,5677.1,1.0,92.0,Email Campaign,Bronze,5243.94
CUST003927,0.9262,2,5661.04,5.0,125.0,Email Campaign,Silver,5243.26
CUST003247,0.1744,9,30033.88,8.0,22.0,Paid Social,,5237.91
CUST001909,0.4321,6,12106.69,3.0,160.0,,Bronze,5231.3
CUST013173,0.3147,8,16617.1,10.0,92.0,Organic Search,Silver,5229.4
CUST008402,0.3605,7,14502.710000000001,4.0,7.0,Organic Search,Silver,5228.23
CUST000411,0.6587,4,7932.72,1.0,311.0,Influencer,,5225.28
CUST002564,0.9642,1,5417.68,2.0,352.0,Organic Search,Gold,5223.73
CUST002677,0.4411,6,11835.48,2.0,1.0,Influencer,Bronze,5220.63
CUST009421,0.3358,7,15543.01,4.0,10.0,Referral,Bronze,5219.34
CUST015136,0.2228,9,23423.36,6.0,0.0,Organic Search,Gold,5218.72
CUST001192,0.3871,7,13478.810000000001,5.0,42.0,Paid Social,Platinum,5217.65
CUST013570,0.4679,6,11150.68,4.0,78.0,Email Campaign,Bronze,5217.4
CUST012789,0.6103,4,8547.07,2.0,6.0,Organic Search,Bronze,5216.28
CUST003467,0.1802,9,28935.24,9.0,18.0,Organic Search,,5214.13
CUST008713,0.4831,5,10788.199999999999,4.0,75.0,Marketplace,Silver,5211.78
CUST004351,0.2031,9,25660.07,12.0,16.0,,Silver,5211.56
CUST018200,0.3159,8,16491.78,5.0,39.0,,,5209.75
CUST016534,0.9809,1,5308.93,1.0,351.0,Organic Search,Silver,5207.53
CUST016306,0.5962,4,8730.29,3.0,306.0,,Bronze,5205.0
CUST018813,0.4788,5,10863.48,4.0,54.0,Organic Search,Bronze,5201.43
CUST013719,0.9834,1,5289.030000000001,2.0,283.0,Organic Search,Bronze,5201.23
CUST010615,0.2274,9,22867.56,6.0,22.0,Email Campaign,Silver,5200.08
CUST016110,0.9537,2,5452.29,5.0,286.0,Email Campaign,Bronze,5199.85
CUST000287,0.8122,3,6399.76,3.0,164.0,Email Campaign,Gold,5197.89
CUST008565,0.6432,4,8076.97,1.0,162.0,Organic Search,Bronze,5195.11
CUST011707,0.2797,8,18550.81,2.0,54.0,Organic Search,Platinum,5188.66
CUST006921,0.1268,10,40915.56,12.0,4.0,Referral,Silver,5188.09
CUST008857,0.2521,9,20560.91,5.0,27.0,Referral,Bronze,5183.41
CUST013438,0.7344,3,7055.63,1.0,38.0,Paid Social,Silver,5181.65
CUST009423,0.4357,6,11885.07,6.0,11.0,Paid Social,Silver,5178.32
CUST009901,0.1028,10,50338.15,13.0,58.0,Email Campaign,Bronze,5174.76
CUST017322,0.9894,1,5229.83,1.0,426.0,Direct,Gold,5174.39
CUST009113,0.8029,3,6444.389999999999,3.0,65.0,Referral,,5174.2
CUST006758,0.3742,7,13813.81,6.0,17.0,Marketplace,Bronze,5169.13
CUST016390,0.1579,10,32726.980000000003,9.0,10.0,Email Campaign,Silver,5167.59
CUST009629,0.9018,3,5728.960000000001,3.0,122.0,Organic Search,Bronze,5166.38
CUST000971,0.4046,6,12756.81,3.0,13.0,Paid Social,Silver,5161.41
CUST018613,0.9698,1,5321.65,1.0,425.0,Direct,Gold,5160.94
CUST017857,0.5077,5,10162.52,5.0,24.0,Paid Social,Gold,5159.51
CUST012376,0.9429,2,5471.7,2.0,104.0,Direct,Bronze,5159.27
CUST003972,0.4354,6,11843.46,2.0,144.0,Organic Search,,5156.64
CUST010288,0.7797,3,6609.17,4.0,82.0,Email Campaign,,5153.17
CUST019343,0.4259,6,12097.99,2.0,50.0,Influencer,Silver,5152.53
CUST010391,0.7763,3,6624.93,1.0,42.0,Organic Search,Silver,5142.93
CUST018972,0.9206,2,5580.11,5.0,105.0,,Bronze,5137.05
CUST003257,0.4895,5,10491.39,1.0,26.0,Influencer,Gold,5135.54
CUST008258,0.9852,1,5210.32,1.0,439.0,Organic Search,Gold,5133.21
CUST002324,0.9701,1,5290.71,1.0,359.0,,Silver,5132.52
CUST013492,0.4695,5,10931.189999999999,4.0,142.0,,Bronze,5132.19
CUST005524,0.4722,5,10866.13,1.0,38.0,Organic Search,Bronze,5130.99
CUST000925,0.651,4,7881.67,2.0,243.0,Marketplace,Bronze,5130.97
CUST005897,0.4956,5,10350.89,5.0,268.0,Influencer,Gold,5129.9
CUST019208,0.9757,1,5249.26,2.0,303.0,Organic Search,Bronze,5121.7
CUST017368,0.7569,3,6762.18,6.0,85.0,Organic Search,Platinum,5118.29
CUST017335,0.1943,9,26325.620000000003,13.0,83.0,Direct,Platinum,5115.07
CUST017291,0.7647,3,6688.780000000001,3.0,96.0,Direct,Silver,5114.91
CUST012022,0.2428,9,21064.91,4.0,11.0,Organic Search,Silver,5114.56
CUST002709,0.2245,9,22770.1,7.0,15.0,Referral,Bronze,5111.89
CUST013683,0.164,10,31151.13,12.0,132.0,Email Campaign,Gold,5108.79
CUST008302,0.4027,6,12679.98,2.0,109.0,Email Campaign,Gold,5106.23
CUST009362,0.3682,7,13867.57,9.0,58.0,Organic Search,Gold,5106.04
CUST003572,0.9627,1,5301.33,2.0,256.0,Influencer,Bronze,5103.59
CUST008891,0.3126,8,16324.77,5.0,1.0,Direct,Bronze,5103.12
CUST000887,0.3353,7,15209.439999999999,5.0,83.0,Organic Search,Bronze,5099.73
CUST016945,0.3592,7,14197.279999999999,5.0,99.0,Paid Social,Gold,5099.66
CUST003616,0.4307,6,11837.64,2.0,23.0,Paid Social,Bronze,5098.47
CUST011881,0.9808,1,5193.929999999999,3.0,276.0,Organic Search,Silver,5094.21
CUST010855,0.9585,2,5313.9,1.0,343.0,Referral,Bronze,5093.37
CUST000188,0.9426,2,5402.9400000000005,4.0,361.0,Referral,Platinum,5092.81
CUST007374,0.9704,1,5246.17,2.0,345.0,Paid Social,Bronze,5090.88
CUST010822,0.5436,5,9364.98,1.0,113.0,Marketplace,Silver,5090.8
CUST008212,0.3098,8,16424.49,3.0,2.0,Influencer,Gold,5088.31
CUST014941,0.443,6,11480.38,1.0,141.0,Paid Social,Silver,5085.81
CUST007856,0.2207,9,23043.35,6.0,64.0,Referral,Bronze,5085.67
CUST014773,0.4286,6,11865.560000000001,4.0,36.0,Referral,Bronze,5085.58
CUST009526,0.2574,9,19756.02,10.0,45.0,Organic Search,Gold,5085.2
CUST011415,0.8747,3,5811.76,3.0,97.0,Marketplace,Gold,5083.55
CUST005343,0.9508,2,5343.36,1.0,127.0,Organic Search,Bronze,5080.47
CUST005149,0.9253,2,5481.5599999999995,3.0,103.0,Email Campaign,Platinum,5072.09
CUST000676,0.5851,4,8659.86,1.0,196.0,Organic Search,Gold,5066.88
CUST002028,0.1399,10,36206.97,11.0,17.0,Email Campaign,Silver,5065.36
CUST010171,0.286,8,17706.43,5.0,43.0,Direct,Silver,5064.04
CUST005486,0.8345,3,6067.52,1.0,46.0,Influencer,Silver,5063.35
CUST007083,0.482,5,10498.39,3.0,19.0,Organic Search,Bronze,5060.22
CUST018764,0.263,8,19238.54,5.0,100.0,,Bronze,5059.74
CUST003410,0.8949,3,5652.51,1.0,179.0,Paid Social,Bronze,5058.43
CUST009384,0.9333,2,5418.71,4.0,324.0,Referral,Bronze,5057.28
CUST019853,0.3537,7,14278.6,3.0,22.0,Referral,Platinum,5050.34
CUST002445,0.4072,6,12401.17,4.0,85.0,Paid Social,,5049.76
CUST012092,0.2182,9,23133.87,7.0,35.0,Email Campaign,Bronze,5047.81
CUST011658,0.4485,6,11252.460000000001,2.0,61.0,Organic Search,Silver,5046.73
CUST014776,0.5741,4,8788.869999999999,2.0,196.0,Referral,Bronze,5045.69
CUST002964,0.6644,4,7593.76,1.0,182.0,Email Campaign,Bronze,5045.29
CUST017724,0.634,4,7956.04,1.0,209.0,Direct,Bronze,5044.13
CUST015865,0.9378,2,5378.39,2.0,157.0,Direct,,5043.85
CUST014949,0.266,8,18956.52,6.0,124.0,Paid Social,Platinum,5042.43
CUST007711,0.9596,2,5253.82,1.0,307.0,Organic Search,Bronze,5041.57
CUST018556,0.1116,10,45153.12,11.0,83.0,Organic Search,Gold,5039.09
CUST014008,0.5678,4,8870.16,3.0,52.0,Influencer,Bronze,5036.48
CUST010162,0.8929,3,5639.78,1.0,142.0,,Silver,5035.76
CUST014840,0.5319,5,9459.769999999999,2.0,21.0,Paid Social,,5031.65
CUST017502,0.7257,4,6928.92,2.0,52.0,Organic Search,Gold,5028.32
CUST006896,0.2718,8,18495.739999999998,5.0,23.0,Organic Search,,5027.14
CUST017176,0.3753,7,13393.800000000001,7.0,26.0,,,5026.69
CUST018092,0.5545,5,9064.58,3.0,189.0,Paid Social,Gold,5026.31
CUST006566,0.6247,4,8045.7300000000005,2.0,55.0,Marketplace,Silver,5026.17
CUST010074,0.5556,4,9044.71,5.0,167.0,Organic Search,,5025.24
CUST012216,0.4766,5,10529.37,3.0,32.0,Paid Social,Platinum,5018.3
CUST016525,0.2251,9,22283.59,8.0,37.0,Direct,Silver,5016.04
CUST005436,0.2375,9,21118.11,5.0,16.0,Referral,,5015.55
CUST013347,0.2205,9,22733.93,5.0,38.0,Direct,,5012.83
CUST019936,0.9797,1,5116.29,1.0,377.0,Paid Social,Bronze,5012.43
CUST006556,0.4237,6,11827.59,7.0,115.0,Influencer,Gold,5011.35
CUST016746,0.8913,3,5620.5599999999995,2.0,175.0,Referral,Silver,5009.61
CUST017341,0.1517,10,32991.29,13.0,0.0,Email Campaign,Bronze,5004.78
CUST002074,0.4844,5,10328.880000000001,4.0,120.0,,Bronze,5003.31
CUST015809,0.7918,3,6312.33,2.0,63.0,Marketplace,Bronze,4998.1
CUST015148,0.3964,7,12608.029999999999,6.0,98.0,Paid Social,Bronze,4997.82
CUST005506,0.4502,6,11085.92,3.0,42.0,,Bronze,4990.88
CUST004644,0.3732,7,13371.11,3.0,158.0,Influencer,,4990.1
CUST011920,0.7541,3,6610.02,3.0,65.0,Direct,Gold,4984.62
CUST003496,0.1679,10,29673.28,8.0,9.0,Referral,Silver,4982.14
CUST000040,0.8929,3,5577.33,2.0,128.0,,Gold,4980.0
CUST003067,0.8011,3,6216.03,1.0,46.0,Influencer,Silver,4979.66
CUST009544,0.7619,3,6532.87,8.0,44.0,Organic Search,Silver,4977.39
CUST019370,0.64,4,7776.25,5.0,45.0,,Bronze,4976.8
CUST010701,0.5095,5,9762.41,4.0,0.0,Influencer,Silver,4973.95
CUST011970,0.9043,3,5498.08,3.0,104.0,Marketplace,Gold,4971.91
CUST010983,0.959,2,5183.57,6.0,323.0,Influencer,Bronze,4971.04
CUST001091,0.9336,2,5323.77,4.0,151.0,Paid Social,,4970.27
CUST017781,0.2616,8,18991.48,12.0,62.0,Email Campaign,Silver,4968.17
CUST017876,0.8697,3,5706.76,1.0,116.0,Referral,Gold,4963.17
CUST017379,0.2636,8,18827.78,7.0,2.0,Direct,Bronze,4963.0
CUST019259,0.9301,2,5334.26,1.0,306.0,Direct,Bronze,4961.4
CUST003520,0.5386,5,9211.41,2.0,203.0,Paid Social,Bronze,4961.27
CUST012678,0.9665,1,5127.9,4.0,238.0,Email Campaign,Silver,4956.12
CUST018618,0.9873,1,5019.19,1.0,433.0,Paid Social,Bronze,4955.45
CUST013796,0.6512,4,7601.78,1.0,121.0,Paid Social,Silver,4950.28
CUST018329,0.2239,9,22084.09,7.0,49.0,Paid Social,Silver,4944.63
CUST000761,0.3835,7,12882.15,3.0,1.0,Marketplace,Bronze,4940.3
CUST019817,0.8147,3,6052.8,3.0,75.0,Organic Search,Bronze,4931.22
CUST004223,0.4643,6,10617.31,1.0,55.0,Direct,Bronze,4929.62
CUST012580,0.2625,8,18763.52,5.0,8.0,Referral,Silver,4925.42
CUST017748,0.7007,4,7019.05,3.0,93.0,Paid Social,Silver,4918.25
CUST017461,0.9496,2,5177.46,6.0,198.0,Direct,Silver,4916.52
CUST009023,0.8312,3,5914.05,5.0,123.0,Paid Social,,4915.76
CUST008827,0.4825,5,10181.76,1.0,279.0,Email Campaign,Bronze,4912.7
CUST003614,0.4197,6,11698.33,3.0,261.0,Direct,,4909.79
CUST004004,0.8947,3,5485.91,4.0,163.0,,Gold,4908.24
CUST015209,0.36,7,13618.4,4.0,101.0,Paid Social,Gold,4902.62
CUST010732,0.7742,3,6331.639999999999,3.0,102.0,Paid Social,Silver,4901.96
CUST018173,0.9901,1,4948.29,1.0,434.0,Marketplace,Bronze,4899.3
CUST002175,0.4066,6,12048.26,4.0,66.0,Organic Search,Silver,4898.82
CUST009209,0.4625,6,10576.96,1.0,424.0,Influencer,Bronze,4891.84
CUST018778,0.9607,2,5090.23,3.0,182.0,Paid Social,Silver,4890.18
CUST006438,0.9375,2,5208.81,2.0,98.0,Organic Search,Bronze,4883.26
CUST007245,0.2232,9,21876.35,5.0,30.0,Email Campaign,Silver,4882.8
CUST011108,0.3901,7,12516.48,3.0,28.0,,Bronze,4882.68
CUST018541,0.4004,6,12185.43,4.0,119.0,Influencer,,4879.05
CUST012836,0.2604,8,18734.09,13.0,10.0,Marketplace,Gold,4878.36
CUST012968,0.2316,9,21058.97,6.0,9.0,Organic Search,Bronze,4877.26
CUST002986,0.217,9,22464.57,9.0,2.0,Marketplace,Silver,4874.81
CUST018172,0.273,8,17852.510000000002,10.0,22.0,Organic Search,Silver,4873.74
CUST008165,0.1821,9,26755.57,8.0,31.0,Organic Search,,4872.19
CUST006347,0.3542,7,13752.59,5.0,15.0,Organic Search,Bronze,4871.17
CUST018394,0.5289,5,9209.67,2.0,129.0,Email Campaign,Bronze,4870.99
CUST014690,0.1452,10,33538.83,11.0,39.0,Influencer,Bronze,4869.84
CUST000769,0.498,5,9777.73,3.0,27.0,Paid Social,Bronze,4869.31
CUST007678,0.3594,7,13548.27,4.0,53.0,Influencer,Platinum,4869.25
CUST017009,0.3381,7,14398.51,6.0,17.0,Direct,Bronze,4868.14
CUST018497,0.9372,2,5191.59,2.0,365.0,Paid Social,Platinum,4865.56
CUST016522,0.6732,4,7224.88,3.0,112.0,Email Campaign,Bronze,4863.79
CUST016835,0.9854,1,4929.47,1.0,279.0,Paid Social,,4857.5
CUST018942,0.8465,3,5738.01,1.0,188.0,Paid Social,Bronze,4857.23
CUST011812,0.329,8,14759.34,6.0,43.0,Marketplace,Platinum,4855.82
CUST008558,0.2557,9,18984.26,5.0,11.0,Referral,Bronze,4854.28
CUST011871,0.722,4,6721.99,4.0,133.0,Organic Search,Bronze,4853.28
CUST000464,0.9716,1,4993.98,2.0,208.0,Paid Social,Bronze,4852.15
CUST007665,0.8344,3,5809.76,4.0,112.0,,Silver,4847.66
CUST002354,0.5478,5,8848.42,4.0,51.0,Direct,Bronze,4847.16
CUST018447,0.4317,6,11209.14,3.0,185.0,Paid Social,Bronze,4838.99
CUST004150,0.9372,2,5159.3099999999995,4.0,215.0,Direct,Platinum,4835.31
CUST015641,0.9758,1,4951.59,1.0,258.0,Paid Social,Silver,4831.76
CUST006397,0.5853,4,8251.89,2.0,108.0,Referral,Platinum,4829.83
CUST005046,0.5708,4,8457.21,3.0,188.0,Paid Social,Bronze,4827.38
CUST004671,0.8085,3,5970.59,4.0,112.0,Direct,Bronze,4827.22
CUST000362,0.3733,7,12927.53,3.0,114.0,Direct,Silver,4825.85
CUST001661,0.8734,3,5520.2,6.0,127.0,Paid Social,Bronze,4821.34
CUST016232,0.4805,5,10030.689999999999,2.0,10.0,Influencer,Silver,4819.75
CUST010781,0.9763,1,4936.54,1.0,312.0,Organic Search,Bronze,4819.54
CUST001216,0.966,1,4988.139999999999,2.0,205.0,Organic Search,Bronze,4818.54
CUST002320,0.8736,3,5515.26,1.0,144.0,,Bronze,4818.13
CUST016592,0.5784,4,8329.66,3.0,149.0,Paid Social,Bronze,4817.88
CUST010494,0.3234,8,14897.28,4.0,24.0,Referral,Gold,4817.78
CUST018141,0.9448,2,5098.9,5.0,173.0,Paid Social,Bronze,4817.44
CUST014117,0.2712,8,17755.850000000002,3.0,32.0,Paid Social,Silver,4815.39
CUST010193,0.3986,6,12079.36,4.0,118.0,,Bronze,4814.83
CUST015517,0.3933,7,12241.11,6.0,47.0,Influencer,Platinum,4814.43
CUST005136,0.3247,8,14824.34,7.0,1.0,Email Campaign,Platinum,4813.46
CUST003116,0.1671,10,28798.95,6.0,19.0,Direct,Gold,4812.3
CUST007746,0.9493,2,5067.78,1.0,275.0,,Bronze,4810.84
CUST008976,0.91,2,5282.21,2.0,126.0,Marketplace,Platinum,4806.81
CUST014420,0.4939,5,9725.48,2.0,210.0,Marketplace,Silver,4803.41
CUST001528,0.2652,8,18096.850000000002,5.0,73.0,Referral,Bronze,4799.28
CUST005300,0.9254,2,5183.21,5.0,290.0,,Gold,4796.54
CUST009054,0.3071,8,15615.13,4.0,5.0,Organic Search,Bronze,4795.41
CUST003815,0.7378,3,6499.17,2.0,33.0,Paid Social,Bronze,4795.09
CUST009455,0.5018,5,9552.39,2.0,93.0,Direct,Bronze,4793.39
CUST000090,0.4509,6,10630.09,4.0,202.0,Email Campaign,Silver,4793.11
CUST016926,0.3738,7,12821.07,6.0,40.0,Paid Social,Silver,4792.52
CUST016743,0.4109,6,11663.41,2.0,24.0,Email Campaign,Bronze,4792.5
CUST003715,0.9658,1,4961.47,2.0,309.0,Organic Search,Bronze,4791.79
CUST005085,0.8497,3,5639.110000000001,3.0,102.0,Referral,Silver,4791.55
CUST017390,0.9264,2,5168.89,1.0,321.0,Influencer,Bronze,4788.46
CUST015819,0.3852,7,12426.01,3.0,44.0,Email Campaign,Silver,4786.5
CUST014410,0.9076,2,5268.72,5.0,211.0,Email Campaign,Silver,4781.89
CUST010713,0.1156,10,41343.93,14.0,21.0,Referral,Bronze,4779.36
CUST013409,0.4231,6,11294.800000000001,3.0,135.0,Organic Search,Bronze,4778.83
CUST017401,0.4402,6,10855.4,2.0,39.0,Influencer,Bronze,4778.55
CUST009552,0.3985,6,11990.130000000001,2.0,56.0,Paid Social,Platinum,4778.07
CUST009934,0.8944,3,5337.82,5.0,146.0,,Silver,4774.15
CUST013718,0.921,2,5182.58,7.0,190.0,Email Campaign,Gold,4773.16
CUST003484,0.3615,7,13200.07,4.0,67.0,Paid Social,Bronze,4771.83
CUST015582,0.3323,8,14354.01,5.0,8.0,Organic Search,Bronze,4769.84
CUST017547,0.1911,9,24955.09,6.0,15.0,Referral,Gold,4768.92
CUST004652,0.214,9,22282.85,8.0,22.0,Marketplace,Bronze,4768.53
CUST010764,0.3747,7,12725.01,1.0,5.0,,Silver,4768.06
CUST012939,0.3485,7,13680.189999999999,7.0,20.0,Organic Search,,4767.55
CUST005630,0.1944,9,24494.75,8.0,30.0,Organic Search,Silver,4761.78
CUST001578,0.931,2,5114.25,1.0,107.0,Organic Search,,4761.37
CUST008148,0.9814,1,4850.07,3.0,220.0,Paid Social,Bronze,4759.86
CUST015986,0.4049,6,11748.99,3.0,11.0,Organic Search,Silver,4757.17
CUST010311,0.9088,2,5229.47,4.0,210.0,Referral,Silver,4752.54
CUST006850,0.4675,6,10163.53,3.0,23.0,Email Campaign,Silver,4751.45
CUST019998,0.4707,5,10083.97,4.0,46.0,Direct,Bronze,4746.52
CUST009667,0.386,7,12281.92,4.0,87.0,Marketplace,Bronze,4740.82
CUST012953,0.3798,7,12472.900000000001,2.0,95.0,Organic Search,Bronze,4737.21
CUST001644,0.7486,3,6324.59,2.0,195.0,Paid Social,,4734.59
CUST011908,0.4066,6,11637.91,2.0,79.0,Referral,Bronze,4731.97
CUST008345,0.3557,7,13292.25,4.0,2.0,Paid Social,Silver,4728.05
CUST004503,0.9619,1,4915.28,5.0,151.0,Organic Search,Bronze,4728.01
CUST014207,0.4572,6,10338.0,1.0,28.0,Influencer,Silver,4726.53
CUST007411,0.3941,7,11987.82,3.0,79.0,Direct,Bronze,4724.4
CUST002786,0.4915,5,9611.310000000001,3.0,49.0,Organic Search,Silver,4723.96
CUST011597,0.2556,9,18476.55,3.0,86.0,Organic Search,Silver,4722.61
CUST019182,0.9578,2,4926.78,2.0,152.0,Email Campaign,Silver,4718.87
CUST005367,0.9222,2,5115.79,3.0,132.0,Direct,,4717.78
CUST014706,0.8562,3,5508.03,1.0,85.0,Marketplace,Bronze,4715.98
CUST005384,0.8497,3,5549.75,1.0,43.0,Organic Search,Silver,4715.62
CUST007219,0.4391,6,10735.73,1.0,1.0,Paid Social,Bronze,4714.06
CUST012401,0.9125,2,5164.73,3.0,115.0,Paid Social,Bronze,4712.82
CUST001885,0.2121,9,22205.620000000003,3.0,5.0,Organic Search,Bronze,4709.81
CUST009157,0.982,1,4791.459999999999,3.0,374.0,Paid Social,Silver,4705.21
CUST008177,0.2799,8,16806.13,5.0,125.0,Organic Search,Silver,4704.04
CUST018111,0.2581,8,18207.38,7.0,49.0,Influencer,Silver,4699.32
CUST003849,0.5074,5,9259.95,3.0,81.0,,Bronze,4698.5
CUST006748,0.2805,8,16748.68,6.0,6.0,Organic Search,Gold,4698.0
CUST016378,0.5225,5,8989.09,2.0,133.0,Paid Social,Bronze,4696.8
CUST007093,0.941,2,4989.070000000001,2.0,129.0,Paid Social,Gold,4694.71
CUST019977,0.3448,7,13603.79,4.0,98.0,Referral,Silver,4690.59
CUST012634,0.3826,7,12254.95,3.0,123.0,Email Campaign,,4688.74
CUST010423,0.4502,6,10407.37,6.0,27.0,Direct,Bronze,4685.4
CUST001628,0.8935,3,5240.5199999999995,9.0,108.0,Email Campaign,Silver,4682.4
CUST003868,0.4159,6,11252.869999999999,4.0,146.0,Referral,Silver,4680.07
CUST001699,0.4726,5,9898.33,3.0,87.0,Organic Search,Silver,4677.95
CUST014611,0.2625,8,17819.45,6.0,22.0,Paid Social,Platinum,4677.61
CUST000828,0.8922,3,5240.71,1.0,109.0,Paid Social,Bronze,4675.76
CUST001979,0.4408,6,10606.720000000001,3.0,79.0,Organic Search,Bronze,4675.44
CUST002305,0.424,6,11017.64,2.0,18.0,Direct,Bronze,4671.48
CUST010381,0.156,10,29935.83,8.0,71.0,Influencer,Bronze,4669.99
CUST014411,0.9379,2,4977.77,5.0,126.0,Direct,Bronze,4668.65
CUST018193,0.9513,2,4907.280000000001,3.0,219.0,Influencer,Silver,4668.3
CUST004955,0.7801,3,5984.19,2.0,108.0,Referral,Platinum,4668.27
CUST016248,0.4729,5,9864.09,5.0,41.0,Organic Search,Silver,4664.73
CUST004053,0.8633,3,5400.8,1.0,403.0,,Silver,4662.51
CUST005020,0.9903,1,4706.76,3.0,250.0,Direct,Silver,4661.1
CUST002948,0.3035,8,15346.869999999999,5.0,45.0,,Bronze,4657.78
CUST011149,0.293,8,15894.19,6.0,111.0,Email Campaign,Bronze,4657.0
CUST003219,0.5303,5,8777.2,1.0,17.0,Email Campaign,Bronze,4654.55
CUST000928,0.989,1,4705.54,1.0,441.0,Marketplace,Bronze,4653.78
CUST019879,0.1865,9,24940.71,10.0,19.0,Organic Search,Gold,4651.44
CUST005982,0.7139,4,6513.84,1.0,187.0,Direct,Bronze,4650.23
CUST000642,0.9897,1,4695.15,2.0,239.0,Influencer,Bronze,4646.79
CUST019831,0.4889,5,9504.35,3.0,83.0,Paid Social,Silver,4646.68
CUST004662,0.4325,6,10742.34,4.0,24.0,Direct,Bronze,4646.06
CUST006437,0.9703,1,4787.51,5.0,284.0,Paid Social,Silver,4645.32
CUST008635,0.3033,8,15315.14,6.0,14.0,Organic Search,Gold,4645.08
CUST010524,0.244,9,19029.829999999998,8.0,60.0,Organic Search,Silver,4643.28
CUST000307,0.2571,9,18047.36,9.0,11.0,,Silver,4639.98
CUST016623,0.3574,7,12974.619999999999,7.0,58.0,Influencer,Bronze,4637.13
CUST008505,0.524,5,8847.08,2.0,73.0,Direct,Bronze,4635.87
CUST012268,0.2586,8,17925.18,4.0,7.0,Organic Search,Bronze,4635.45
CUST016035,0.9889,1,4686.61,1.0,396.0,Referral,Bronze,4634.59
CUST014453,0.2627,8,17639.18,2.0,86.0,Organic Search,Silver,4633.81
CUST001133,0.8962,3,5170.0199999999995,3.0,108.0,Referral,Silver,4633.37
CUST000518,0.5704,4,8121.41,3.0,233.0,Paid Social,Bronze,4632.45
CUST004610,0.3176,8,14577.91,2.0,136.0,Email Campaign,Bronze,4629.94
CUST019568,0.196,9,23612.12,8.0,17.0,Referral,Silver,4627.98
CUST018323,0.2402,9,19245.03,5.0,87.0,Influencer,Silver,4622.66
CUST004314,0.504,5,9170.23,1.0,10.0,Marketplace,Silver,4621.8
CUST900074,0.9724,1,4747.53,1.0,195.0,,Silver,4616.5
CUST011095,0.9079,2,5083.410000000001,2.0,126.0,,Bronze,4615.23
CUST011863,0.2491,9,18520.79,5.0,71.0,Influencer,Platinum,4613.53
CUST001799,0.2217,9,20790.15,6.0,98.0,Paid Social,Bronze,4609.18
CUST006705,0.455,6,10126.880000000001,2.0,40.0,Direct,Bronze,4607.73
CUST010883,0.9159,2,5030.76,4.0,236.0,Direct,Platinum,4607.67
CUST019939,0.0915,10,50236.66,9.0,1.0,Referral,,4596.65
CUST018367,0.8714,3,5274.16,2.0,185.0,Organic Search,Silver,4595.9
CUST002646,0.2514,9,18281.2,1.0,6.0,Referral,Platinum,4595.89
CUST016329,0.1855,9,24764.48,8.0,18.0,Organic Search,Gold,4593.81
CUST006891,0.445,6,10316.16,3.0,102.0,Paid Social,Gold,4590.69
CUST009466,0.2396,9,19157.98,7.0,51.0,Paid Social,Silver,4590.25
CUST008645,0.3048,8,15058.2,2.0,28.0,Direct,Bronze,4589.74
CUST016794,0.9726,1,4718.74,3.0,221.0,Direct,Silver,4589.45
CUST012069,0.4588,6,9999.78,1.0,124.0,Organic Search,Silver,4587.9
CUST007860,0.9511,2,4819.45,6.0,340.0,Paid Social,Platinum,4583.78
CUST005821,0.8333,3,5498.49,7.0,122.0,,Bronze,4581.89
CUST003632,0.3695,7,12399.529999999999,4.0,23.0,Email Campaign,,4581.63
CUST013476,0.6876,4,6661.27,2.0,240.0,Organic Search,Bronze,4580.29
CUST005108,0.2733,8,16751.54,4.0,42.0,Organic Search,Silver,4578.2
CUST009064,0.2927,8,15634.55,4.0,72.0,,Silver,4576.23
CUST003951,0.4388,6,10424.23,3.0,10.0,Email Campaign,Silver,4574.15
CUST000319,0.7781,3,5876.0599999999995,3.0,68.0,Direct,Silver,4572.16
CUST005329,0.3374,7,13548.02,6.0,98.0,,Bronze,4571.1
CUST017220,0.3365,7,13579.14,6.0,22.0,Organic Search,Silver,4569.38
CUST004276,0.8874,3,5141.24,3.0,208.0,Email Campaign,Bronze,4562.34
CUST012146,0.3354,7,13600.4,8.0,88.0,,Bronze,4561.57
CUST006142,0.2347,9,19424.39,4.0,17.0,Influencer,Gold,4558.9
CUST012999,0.2839,8,16058.08,6.0,44.0,Paid Social,Bronze,4558.89
CUST018496,0.5105,5,8929.63,3.0,74.0,Marketplace,Bronze,4558.58
CUST002958,0.9531,2,4782.19,1.0,289.0,Paid Social,Bronze,4557.91
CUST018643,0.4411,6,10329.38,1.0,42.0,Email Campaign,Bronze,4556.29
CUST000029,0.4046,6,11260.76,5.0,72.0,Referral,Bronze,4556.1
CUST006640,0.1982,9,22981.34,10.0,104.0,Referral,Silver,4554.9
CUST014433,0.1597,10,28520.45,9.0,9.0,Email Campaign,Bronze,4554.72
CUST007454,0.5791,4,7862.24,2.0,235.0,Organic Search,Bronze,4553.02
CUST019584,0.2916,8,15595.66,3.0,114.0,Paid Social,Platinum,4547.69
CUST013522,0.2693,8,16874.4,11.0,99.0,Organic Search,Bronze,4544.28
CUST014118,0.331,8,13715.21,4.0,107.0,,Bronze,4539.73
CUST003043,0.9472,2,4792.46,2.0,167.0,Direct,Bronze,4539.42
CUST012337,0.4952,5,9156.48,3.0,33.0,Direct,Silver,4534.29
CUST017574,0.5161,5,8783.74,3.0,5.0,Paid Social,Bronze,4533.29
CUST009177,0.9161,2,4944.33,3.0,120.0,Organic Search,Silver,4529.5
CUST019108,0.861,3,5260.01,1.0,140.0,Marketplace,Silver,4528.87
CUST005570,0.2133,9,21229.22,5.0,119.0,Organic Search,Bronze,4528.19
CUST005866,0.6175,4,7332.55,2.0,201.0,,Bronze,4527.85
CUST006694,0.1284,10,35246.61,9.0,99.0,Marketplace,Bronze,4525.66
CUST005822,0.9286,2,4869.59,2.0,159.0,Marketplace,Silver,4521.9
CUST016366,0.9689,1,4660.0,1.0,438.0,Influencer,Platinum,4515.07
CUST019866,0.1614,10,27953.3,12.0,20.0,,Bronze,4511.66
CUST013439,0.2676,8,16853.8,8.0,26.0,,Silver,4510.08
CUST010043,0.9156,2,4922.18,3.0,112.0,Email Campaign,Silver,4506.75
CUST014260,0.9775,1,4610.17,4.0,227.0,Paid Social,Silver,4506.44
CUST018785,0.4215,6,10687.6,5.0,69.0,Paid Social,Bronze,4504.82
CUST012461,0.9764,1,4610.49,1.0,402.0,Organic Search,Bronze,4501.68
CUST004137,0.5339,5,8430.8,6.0,40.0,,Bronze,4501.2
CUST004113,0.4628,6,9722.38,5.0,12.0,,Silver,4499.52
CUST001205,0.222,9,20267.760000000002,5.0,0.0,Direct,Platinum,4499.44
CUST018544,0.3819,7,11780.01,4.0,137.0,Direct,Silver,4498.79
CUST012557,0.8815,3,5099.129999999999,4.0,183.0,Email Campaign,Silver,4494.88
CUST007442,0.9653,1,4655.75,3.0,230.0,,Silver,4494.2
CUST016216,0.5428,5,8277.880000000001,6.0,270.0,Paid Social,Silver,4493.23
CUST001647,0.278,8,16155.73,4.0,102.0,Direct,,4491.29
CUST000419,0.2421,9,18548.65,7.0,2.0,Paid Social,Silver,4490.63
CUST004548,0.9299,2,4827.400000000001,2.0,102.0,,Silver,4489.0
CUST016543,0.9484,2,4732.4,5.0,164.0,Organic Search,Gold,4488.21
CUST008854,0.7108,4,6313.99,6.0,70.0,Paid Social,Bronze,4487.98
CUST008478,0.2042,9,21970.81,6.0,11.0,Organic Search,Bronze,4486.44
CUST012488,0.2489,9,18022.980000000003,8.0,9.0,Paid Social,Bronze,4485.92
CUST016392,0.3253,8,13789.86,6.0,4.0,Direct,Gold,4485.84
CUST013765,0.1406,10,31888.54,9.0,10.0,Referral,Silver,4483.53
CUST002567,0.8699,3,5152.6,6.0,109.0,,Silver,4482.25
CUST004080,0.3152,8,14219.85,5.0,35.0,Referral,,4482.1
CUST003340,0.9184,2,4879.3099999999995,3.0,90.0,Paid Social,,4481.16
CUST007748,0.2941,8,15231.39,8.0,6.0,Direct,Silver,4479.55
CUST001424,0.4781,5,9367.369999999999,3.0,38.0,,Platinum,4478.54
CUST003144,0.9641,1,4639.55,1.0,348.0,Paid Social,Bronze,4472.99
CUST010290,0.3881,7,11521.86,3.0,29.0,,Bronze,4471.63
CUST003705,0.5922,4,7543.49,2.0,185.0,Email Campaign,,4467.25
CUST015469,0.9769,1,4572.59,1.0,391.0,Influencer,Bronze,4466.96
CUST013262,0.1494,10,29892.25,6.0,82.0,Organic Search,,4465.9
CUST013193,0.512,5,8712.19,5.0,4.0,Marketplace,Bronze,4460.64
CUST016247,0.2122,9,21020.559999999998,7.0,12.0,,Gold,4460.56
CUST017631,0.9838,1,4532.47,2.0,202.0,Direct,Bronze,4459.04
CUST018799,0.3808,7,11701.53,4.0,10.0,,Silver,4455.94
CUST011048,0.9011,3,4942.59,2.0,122.0,Organic Search,Bronze,4453.77
CUST017013,0.9134,2,4875.03,8.0,253.0,Organic Search,Gold,4452.85
CUST013421,0.2186,9,20367.74,6.0,82.0,Direct,Gold,4452.39
CUST002100,0.5465,5,8129.8099999999995,3.0,40.0,Organic Search,Platinum,4442.94
CUST002215,0.9797,1,4534.74,1.0,431.0,Influencer,Bronze,4442.68
CUST017302,0.8105,3,5475.200000000001,5.0,68.0,Paid Social,Bronze,4437.65
CUST015744,0.1607,10,27604.76,7.0,87.0,Referral,Bronze,4436.08
CUST002285,0.2746,8,16140.49,10.0,43.0,Influencer,Gold,4432.18
CUST016757,0.6597,4,6717.95,2.0,171.0,Referral,Platinum,4431.83
CUST016188,0.5582,4,7919.2,2.0,316.0,Paid Social,Gold,4420.5
CUST018455,0.5201,5,8498.2,2.0,239.0,Paid Social,Bronze,4419.91
CUST015963,0.3477,7,12710.59,4.0,87.0,Referral,Bronze,4419.47
CUST015936,0.2149,9,20559.93,7.0,136.0,Direct,Bronze,4418.33
CUST017157,0.432,6,10226.42,5.0,41.0,Referral,Bronze,4417.81
CUST015766,0.3707,7,11915.310000000001,7.0,180.0,Paid Social,Bronze,4417.01
CUST018624,0.3918,7,11272.43,6.0,31.0,Referral,Bronze,4416.54
CUST007380,0.5943,4,7423.83,3.0,126.0,Marketplace,Bronze,4411.98
CUST011968,0.971,1,4543.17,1.0,346.0,Influencer,Bronze,4411.42
CUST001687,0.9688,1,4551.49,3.0,329.0,Referral,Gold,4409.48
CUST006689,0.3651,7,12077.29,5.0,149.0,Email Campaign,Bronze,4409.42
CUST013810,0.4046,6,10895.42,6.0,17.0,Organic Search,Bronze,4408.29
CUST009443,0.3636,7,12121.06,6.0,41.0,Influencer,Bronze,4407.22
CUST017426,0.8252,3,5340.469999999999,6.0,84.0,Referral,Bronze,4406.96
CUST012695,0.9776,1,4507.47,1.0,371.0,Email Campaign,Silver,4406.5
CUST019619,0.2796,8,15758.880000000001,5.0,111.0,Influencer,Silver,4406.18
CUST003470,0.403,6,10931.67,4.0,24.0,Referral,Silver,4405.46
CUST017506,0.2754,8,15974.739999999998,7.0,18.0,Organic Search,Bronze,4399.44
CUST000656,0.3576,7,12296.939999999999,4.0,97.0,Organic Search,Silver,4397.39
CUST002140,0.4213,6,10434.730000000001,3.0,76.0,Organic Search,Silver,4396.15
CUST016681,0.3956,7,11100.23,7.0,104.0,Paid Social,Silver,4391.25
CUST005134,0.2494,9,17602.260000000002,4.0,44.0,Direct,Gold,4390.0
CUST010180,0.4862,5,9028.05,5.0,112.0,Direct,Bronze,4389.44
CUST015778,0.9759,1,4496.19,4.0,396.0,Referral,Bronze,4387.83
CUST005931,0.5771,4,7593.16,4.0,103.0,Paid Social,Silver,4382.01
CUST013490,0.4479,6,9780.21,2.0,256.0,Organic Search,Bronze,4380.56
CUST010525,0.2532,9,17290.93,5.0,37.0,Paid Social,Bronze,4378.06
CUST016697,0.3654,7,11960.400000000001,5.0,38.0,Marketplace,Bronze,4370.33
CUST010051,0.5197,5,8408.24,4.0,49.0,Organic Search,Platinum,4369.76
CUST003336,0.5537,5,7887.620000000001,2.0,123.0,Marketplace,Bronze,4367.38
CUST002919,0.3518,7,12414.259999999998,3.0,70.0,Email Campaign,Bronze,4367.34
CUST010516,0.4344,6,10041.619999999999,3.0,34.0,Paid Social,Silver,4362.08
CUST008391,0.2096,9,20800.56,7.0,37.0,Marketplace,Bronze,4359.8
CUST004712,0.8976,3,4853.96,5.0,115.0,Organic Search,,4356.91
CUST019514,0.4044,6,10771.17,4.0,94.0,Influencer,Silver,4355.86
CUST012249,0.7209,4,6041.5,5.0,61.0,Paid Social,Gold,4355.32
CUST013382,0.3929,7,11083.95,3.0,10.0,,Silver,4354.88
CUST001655,0.9832,1,4422.27,1.0,374.0,Influencer,Bronze,4347.98
CUST008543,0.9429,2,4609.969999999999,2.0,103.0,,Bronze,4346.74
CUST016900,0.927,2,4687.8099999999995,3.0,107.0,Organic Search,Gold,4345.6
CUST008696,0.4163,6,10437.470000000001,2.0,74.0,Referral,,4345.12
CUST009661,0.9851,1,4410.83,4.0,351.0,Paid Social,Bronze,4345.11
CUST014451,0.2657,8,16343.630000000001,7.0,18.0,Paid Social,Gold,4342.5
CUST007364,0.9335,2,4650.1900000000005,3.0,207.0,Paid Social,Bronze,4340.95
CUST008120,0.4076,6,10648.429999999998,2.0,45.0,Organic Search,Gold,4340.3
CUST019892,0.9756,1,4447.54,4.0,222.0,Paid Social,Silver,4339.02
CUST019118,0.3695,7,11739.79,2.0,25.0,Direct,Bronze,4337.85
CUST011887,0.1365,10,31760.01,7.0,37.0,Direct,Gold,4335.24
CUST013622,0.4334,6,10001.46,1.0,25.0,Influencer,Silver,4334.63
CUST018902,0.5796,4,7476.85,1.0,59.0,Organic Search,Bronze,4333.58
CUST006042,0.1675,10,25863.91,12.0,23.0,,Gold,4332.2
CUST007062,0.3942,7,10986.830000000002,3.0,2.0,Direct,Silver,4331.01
CUST017101,0.9704,1,4459.73,1.0,284.0,Email Campaign,Bronze,4327.72
CUST007962,0.222,9,19492.63,6.0,17.0,Organic Search,Silver,4327.36
CUST005855,0.2322,9,18634.68,7.0,63.0,Email Campaign,Bronze,4326.97
CUST008126,0.5253,5,8233.08,2.0,25.0,Influencer,Bronze,4324.84
CUST010163,0.3839,7,11240.480000000001,3.0,21.0,Organic Search,Bronze,4315.22
CUST002015,0.4266,6,10102.29,2.0,65.0,Organic Search,Silver,4309.64
CUST003191,0.3353,7,12847.849999999999,5.0,14.0,Organic Search,Gold,4307.88
CUST008728,0.2583,8,16660.86,7.0,1.0,Referral,Silver,4303.5
CUST014437,0.433,6,9936.48,4.0,110.0,Direct,Bronze,4302.5
CUST013992,0.1938,9,22199.949999999997,6.0,61.0,Marketplace,Bronze,4302.35
CUST005860,0.3853,7,11157.41,2.0,68.0,Organic Search,Bronze,4298.95
CUST009427,0.6555,4,6554.6,3.0,110.0,Direct,Bronze,4296.54
CUST011112,0.9828,1,4368.13,4.0,234.0,Email Campaign,Bronze,4293.0
CUST011875,0.3915,7,10963.689999999999,3.0,13.0,Referral,Bronze,4292.28
CUST019436,0.5747,4,7468.37,2.0,204.0,Organic Search,Bronze,4292.07
CUST009886,0.9668,1,4437.26,1.0,251.0,Influencer,Bronze,4289.94
CUST006393,0.603,4,7113.0599999999995,2.0,31.0,Paid Social,Gold,4289.18
CUST008894,0.9595,2,4469.22,2.0,229.0,Influencer,Silver,4288.22
CUST012905,0.5712,4,7502.44,3.0,127.0,Paid Social,Gold,4285.39
CUST000436,0.2279,9,18796.47,4.0,19.0,Direct,Gold,4283.72
CUST012385,0.4605,6,9300.83,4.0,107.0,Paid Social,Bronze,4283.03
CUST018974,0.1077,10,39746.57,9.0,5.0,,Silver,4280.71
CUST011460,0.9836,1,4351.37,2.0,423.0,Referral,Silver,4280.01
CUST014142,0.9329,2,4587.53,4.0,248.0,Organic Search,Bronze,4279.71
CUST011054,0.9525,2,4491.070000000001,2.0,255.0,Email Campaign,Bronze,4277.74
CUST012965,0.3341,7,12798.03,5.0,106.0,,,4275.82
CUST018119,0.7715,3,5541.549999999999,3.0,47.0,Organic Search,Bronze,4275.31
CUST006214,0.9655,1,4426.54,4.0,285.0,Organic Search,Platinum,4273.82
CUST008096,0.402,6,10627.74,5.0,5.0,Direct,Silver,4272.35
CUST011083,0.0992,10,43059.22,10.0,80.0,Direct,Bronze,4271.47
CUST005626,0.9172,2,4656.45,1.0,274.0,Paid Social,Bronze,4270.9
CUST018985,0.9586,2,4454.29,3.0,240.0,Paid Social,Silver,4269.88
CUST007089,0.3172,8,13451.28,7.0,50.0,Referral,Gold,4266.75
CUST009392,0.17,10,25096.54,7.0,2.0,Organic Search,Bronze,4266.41
CUST018381,0.9334,2,4570.33,4.0,145.0,Paid Social,Silver,4265.95
CUST017134,0.3941,7,10823.789999999999,5.0,5.0,Organic Search,Bronze,4265.66
CUST006897,0.7795,3,5471.51,3.0,50.0,Paid Social,Silver,4265.04
CUST007295,0.0825,10,51694.729999999996,14.0,10.0,,Bronze,4264.82
CUST006790,0.1597,10,26692.12,6.0,0.0,Direct,Silver,4262.73
CUST018861,0.2142,9,19897.920000000002,5.0,46.0,Direct,Silver,4262.13
CUST010534,0.9584,2,4443.31,3.0,290.0,Marketplace,Bronze,4258.47
CUST008069,0.0622,10,68415.89,15.0,55.0,Direct,Silver,4255.47
CUST008681,0.1594,10,26693.94,8.0,2.0,Referral,Bronze,4255.01
CUST008890,0.4689,5,9072.18,6.0,108.0,Direct,Silver,4253.95
CUST003909,0.5125,5,8298.04,4.0,157.0,Direct,Silver,4252.75
CUST006357,0.3607,7,11787.220000000001,4.0,2.0,Direct,Bronze,4251.65
CUST010251,0.7216,4,5890.27,8.0,58.0,Organic Search,Bronze,4250.42
CUST016777,0.1769,9,24020.79,7.0,2.0,Organic Search,Silver,4249.28
CUST011105,0.8927,3,4759.95,2.0,122.0,Referral,Bronze,4249.21
CUST011971,0.8625,3,4922.71,2.0,100.0,Organic Search,Silver,4245.84
CUST002540,0.5021,5,8451.52,2.0,41.0,Influencer,Bronze,4243.51
CUST016235,0.8718,3,4866.63,9.0,108.0,Marketplace,Gold,4242.73
CUST900003,0.2182,9,19432.9,5.0,87.0,Email Campaign,Silver,4240.26
CUST019874,0.1058,10,40050.46,9.0,7.0,Direct,Silver,4237.34
CUST000604,0.9821,1,4310.77,2.0,243.0,Paid Social,Gold,4233.61
CUST012793,0.2136,9,19812.27,7.0,12.0,Referral,Platinum,4231.9
CUST013550,0.2446,9,17292.96,8.0,22.0,Organic Search,,4229.86
CUST008758,0.9754,1,4334.83,3.0,206.0,Paid Social,Bronze,4228.19
CUST018246,0.9743,1,4337.15,1.0,266.0,Organic Search,Bronze,4225.69
CUST001373,0.3042,8,13890.38,10.0,152.0,Organic Search,Silver,4225.45
CUST000852,0.9859,1,4283.72,1.0,306.0,Influencer,Silver,4223.32
CUST019803,0.5017,5,8417.74,2.0,69.0,Influencer,Bronze,4223.18
CUST012795,0.3779,7,11172.52,4.0,52.0,Direct,Bronze,4222.1
CUST013274,0.601,4,7024.9800000000005,3.0,98.0,Direct,Bronze,4222.01
CUST008626,0.7944,3,5311.74,3.0,83.0,Organic Search,Bronze,4219.65
CUST014774,0.6575,4,6417.6,1.0,426.0,Paid Social,Silver,4219.57
CUST008984,0.8484,3,4972.79,2.0,102.0,Referral,Gold,4218.92
CUST015419,0.1133,10,37224.83,16.0,77.0,Paid Social,Platinum,4217.57
CUST016170,0.2254,9,18705.289999999997,5.0,157.0,Referral,Silver,4216.17
CUST018183,0.8812,3,4783.78,3.0,117.0,Email Campaign,Bronze,4215.47
CUST010836,0.4694,5,8978.02,4.0,60.0,Paid Social,Gold,4214.28
CUST003846,0.2516,9,16746.33,6.0,28.0,Referral,Bronze,4213.38
CUST017386,0.8787,3,4793.85,6.0,99.0,Influencer,Gold,4212.36
CUST005327,0.9769,1,4309.07,2.0,254.0,Organic Search,Platinum,4209.53
CUST009419,0.2228,9,18892.77,5.0,9.0,Influencer,Gold,4209.31
CUST007489,0.9626,1,4371.81,1.0,294.0,Marketplace,Silver,4208.3
CUST005079,0.9497,2,4430.639999999999,4.0,226.0,Email Campaign,Gold,4207.78
CUST018484,0.3892,7,10806.869999999999,2.0,39.0,Email Campaign,Bronze,4206.03
CUST007631,0.0582,10,72226.47,13.0,4.0,Organic Search,Platinum,4203.58
CUST006838,0.5298,5,7932.81,1.0,59.0,Marketplace,Bronze,4202.8
CUST011133,0.9846,1,4263.92,2.0,279.0,Organic Search,Bronze,4198.26
CUST009390,0.2252,9,18637.05,8.0,93.0,Organic Search,Platinum,4197.06
CUST000922,0.2528,9,16592.07,5.0,40.0,Referral,Platinum,4194.48
CUST015063,0.4831,5,8677.16,3.0,213.0,Influencer,Gold,4191.94
CUST017212,0.3801,7,11023.199999999999,4.0,21.0,Paid Social,Silver,4189.92
CUST003298,0.4372,6,9582.34,2.0,87.0,,Silver,4189.4
CUST019213,0.8987,3,4659.52,4.0,211.0,Organic Search,Bronze,4187.51
CUST005293,0.4955,5,8450.640000000001,2.0,55.0,Direct,Silver,4187.29
CUST003269,0.3765,7,11112.619999999999,5.0,12.0,Referral,Silver,4183.9
CUST005457,0.7028,4,5951.22,10.0,46.0,Referral,Silver,4182.52
CUST000220,0.4475,6,9345.23,5.0,27.0,Paid Social,Bronze,4181.99
CUST019738,0.9429,2,4433.34,3.0,122.0,Organic Search,Bronze,4180.2
CUST007073,0.2756,8,15165.080000000002,4.0,42.0,Referral,Bronze,4179.5
CUST011354,0.3439,7,12147.130000000001,5.0,10.0,Email Campaign,Platinum,4177.4
CUST002501,0.9364,2,4458.99,1.0,113.0,Paid Social,Silver,4175.4
CUST002695,0.3827,7,10906.04,1.0,115.0,Organic Search,Silver,4173.74
CUST019278,0.9526,2,4380.71,1.0,124.0,Paid Social,Bronze,4173.06
CUST013181,0.9703,1,4293.58,3.0,238.0,Organic Search,Platinum,4166.06
CUST013363,0.9721,1,4282.05,5.0,356.0,Organic Search,Silver,4162.58
CUST019871,0.4209,6,9887.69,5.0,56.0,Referral,Bronze,4161.73
CUST013046,0.99,1,4203.34,4.0,195.0,Organic Search,Silver,4161.31
CUST016444,0.6989,4,5952.76,4.0,137.0,Referral,Silver,4160.38
CUST007910,0.8963,3,4640.53,9.0,177.0,Marketplace,Silver,4159.31
CUST014236,0.9167,2,4535.26,2.0,106.0,Direct,Silver,4157.47
CUST008030,0.0832,10,49939.3,13.0,68.0,Direct,Bronze,4154.95
CUST003193,0.7203,4,5764.79,4.0,59.0,Paid Social,Bronze,4152.38
CUST017499,0.8922,3,4653.83,7.0,112.0,Organic Search,Silver,4152.15
CUST010080,0.4067,6,10208.279999999999,2.0,2.0,Organic Search,Bronze,4151.71
CUST018474,0.8578,3,4837.39,5.0,101.0,Paid Social,Gold,4149.51
CUST006738,0.9637,1,4304.83,5.0,275.0,Referral,Bronze,4148.56
CUST009884,0.2417,9,17162.489999999998,9.0,44.0,Direct,Gold,4148.17
CUST005130,0.1225,10,33838.9,6.0,112.0,Referral,Bronze,4145.27
CUST003324,0.4756,5,8709.06,1.0,82.0,Influencer,Bronze,4142.03
CUST012554,0.6454,4,6417.41,1.0,348.0,Paid Social,,4141.8
CUST005593,0.6289,4,6578.38,3.0,54.0,Referral,Bronze,4137.14
CUST008289,0.9659,1,4282.07,4.0,303.0,Influencer,,4136.05
CUST008209,0.8643,3,4781.62,3.0,102.0,Organic Search,Platinum,4132.75
CUST005529,0.2742,8,15065.54,7.0,30.0,Organic Search,Bronze,4130.97
CUST013811,0.3894,7,10606.79,7.0,32.0,Organic Search,Bronze,4130.28
CUST016210,0.4007,6,10305.08,4.0,29.0,Direct,Bronze,4129.25
CUST018802,0.4131,6,9993.88,2.0,63.0,Organic Search,Platinum,4128.47
CUST019349,0.509,5,8109.5,2.0,40.0,Influencer,Bronze,4127.74
CUST012331,0.4836,5,8535.01,1.0,110.0,,Gold,4127.53
CUST015337,0.5728,4,7202.990000000001,1.0,203.0,Influencer,Platinum,4125.87
CUST009259,0.0801,10,51499.240000000005,14.0,6.0,Referral,Platinum,4125.09
CUST006757,0.3953,7,10434.380000000001,6.0,108.0,Referral,Silver,4124.71
CUST012818,0.2241,9,18396.190000000002,7.0,27.0,Influencer,Silver,4122.59
CUST014485,0.7473,3,5516.58,1.0,37.0,Marketplace,Bronze,4122.54
CUST012617,0.9431,2,4369.55,1.0,140.0,Paid Social,Silver,4120.92
CUST003879,0.3644,7,11307.849999999999,4.0,107.0,Direct,Bronze,4120.58
CUST017965,0.3885,7,10605.199999999999,2.0,37.0,Referral,Gold,4120.12
CUST003550,0.8891,3,4632.8,3.0,224.0,Direct,,4119.02
CUST013530,0.9685,1,4251.79,2.0,298.0,,Bronze,4117.86
CUST005737,0.4182,6,9844.34,2.0,19.0,,,4116.9
CUST011076,0.1976,9,20827.34,7.0,111.0,,Bronze,4115.48
CUST004779,0.9242,2,4452.81,1.0,356.0,Paid Social,Gold,4115.29
CUST009602,0.477,5,8623.1,3.0,2.0,Organic Search,Bronze,4113.22
CUST002859,0.9206,2,4466.4400000000005,3.0,137.0,Direct,Bronze,4111.8
CUST012009,0.4318,6,9520.4,4.0,73.0,Paid Social,Silver,4110.91
CUST005774,0.462,6,8890.7,1.0,108.0,Organic Search,Bronze,4107.5
CUST016833,0.9146,2,4489.25,5.0,112.0,Organic Search,,4105.87
CUST002485,0.3567,7,11507.11,7.0,186.0,Organic Search,Gold,4104.59
CUST011717,0.4432,6,9256.1,5.0,185.0,Influencer,Bronze,4102.3
CUST018416,0.2028,9,20213.42,7.0,37.0,Paid Social,Silver,4099.28
CUST015529,0.9891,1,4144.31,1.0,431.0,Marketplace,Silver,4099.14
CUST017534,0.9461,2,4330.89,1.0,172.0,Influencer,Bronze,4097.46
CUST015145,0.1993,9,20555.239999999998,6.0,76.0,Referral,Bronze,4096.66
CUST008944,0.2532,9,16177.3,6.0,39.0,Organic Search,Silver,4096.09
CUST004833,0.979,1,4181.97,2.0,392.0,Marketplace,Gold,4094.15
CUST003274,0.9752,1,4197.81,5.0,268.0,Direct,Bronze,4093.7
CUST001557,0.1779,9,23008.52,5.0,99.0,Referral,Silver,4093.22
CUST002816,0.4892,5,8363.46,4.0,82.0,Organic Search,Bronze,4091.4
CUST010794,0.129,10,31712.49,10.0,7.0,Referral,Gold,4090.91
CUST008071,0.34,7,12023.25,4.0,41.0,Organic Search,Bronze,4087.9
CUST004110,0.3395,7,12040.79,3.0,32.0,Organic Search,Silver,4087.85
CUST000073,0.8739,3,4677.45,6.0,108.0,Organic Search,Silver,4087.62
CUST004873,0.3808,7,10727.66,4.0,28.0,Referral,Bronze,4085.09
CUST000571,0.984,1,4150.78,2.0,259.0,Organic Search,Silver,4084.37
CUST008877,0.3033,8,13457.63,4.0,36.0,Organic Search,Silver,4081.7
CUST013374,0.9829,1,4152.68,1.0,328.0,Organic Search,Bronze,4081.67
CUST011482,0.3643,7,11195.310000000001,3.0,35.0,Referral,,4078.45
CUST015914,0.9798,1,4162.4,1.0,306.0,Paid Social,Bronze,4078.32
CUST000334,0.9634,1,4230.46,2.0,161.0,Paid Social,Silver,4075.63
CUST003731,0.5018,5,8121.66,1.0,170.0,Influencer,Bronze,4075.45
CUST009368,0.4209,6,9675.69,5.0,225.0,,Bronze,4072.5
CUST009657,0.9469,2,4299.95,2.0,201.0,Marketplace,Bronze,4071.62
CUST004090,0.9,3,4523.099999999999,3.0,239.0,Influencer,Silver,4070.79
CUST014859,0.9724,1,4181.9,3.0,313.0,,Silver,4066.48
CUST005115,0.7329,3,5543.93,3.0,104.0,,,4063.15
CUST018363,0.3147,8,12907.73,7.0,75.0,Paid Social,Gold,4062.06
CUST010650,0.2279,9,17812.81,4.0,68.0,Email Campaign,Bronze,4059.54
CUST017122,0.538,5,7543.0599999999995,2.0,93.0,Organic Search,Platinum,4058.17
CUST007629,0.3784,7,10722.7,3.0,94.0,Organic Search,Silver,4057.47
CUST000305,0.5165,5,7852.2699999999995,3.0,74.0,Organic Search,Bronze,4055.7
CUST015767,0.35,7,11585.41,4.0,15.0,,Bronze,4054.89
CUST001833,0.4033,6,10050.67,4.0,18.0,Influencer,Bronze,4053.44
CUST004273,0.0567,10,71488.45,18.0,7.0,Referral,Bronze,4053.4
CUST010584,0.9516,2,4258.84,2.0,215.0,Paid Social,Platinum,4052.71
CUST019898,0.3616,7,11205.52,5.0,123.0,Email Campaign,Silver,4051.92
CUST017280,0.4879,5,8301.65,3.0,252.0,Organic Search,Bronze,4050.38
CUST013596,0.8975,3,4512.29,3.0,132.0,Referral,Bronze,4049.78
CUST004510,0.9127,2,4429.93,3.0,106.0,Influencer,Bronze,4043.2
CUST017953,0.9705,1,4164.35,3.0,334.0,Organic Search,Bronze,4041.5
CUST006263,0.3141,8,12866.15,7.0,35.0,Paid Social,Bronze,4041.26
CUST010845,0.9836,1,4108.42,4.0,279.0,Paid Social,Bronze,4041.04
CUST005379,0.3826,7,10554.869999999999,4.0,79.0,Referral,Bronze,4038.29
CUST019521,0.2058,9,19616.24,5.0,50.0,Organic Search,Gold,4037.02
CUST011678,0.9767,1,4132.1,1.0,226.0,Direct,Platinum,4035.82
CUST000129,0.9642,1,4184.68,6.0,383.0,Marketplace,Gold,4034.87
CUST012982,0.4023,6,10026.08,2.0,64.0,Organic Search,Bronze,4033.49
CUST009415,0.3095,8,13028.91,4.0,100.0,,Bronze,4032.45
CUST018461,0.6527,4,6176.59,2.0,108.0,Direct,Bronze,4031.46
CUST003453,0.6124,4,6582.94,4.0,31.0,,Bronze,4031.39
CUST000962,0.8698,3,4632.34,4.0,100.0,Marketplace,Silver,4029.21
CUST001444,0.0778,10,51747.19,11.0,10.0,Email Campaign,Platinum,4025.93
CUST014714,0.0553,10,72798.7,21.0,7.0,Referral,Silver,4025.77
CUST007658,0.914,2,4404.4,3.0,129.0,Referral,,4025.62
CUST000972,0.4683,6,8590.02,1.0,59.0,Referral,Bronze,4022.71
CUST000973,0.1168,10,34439.369999999995,9.0,17.0,Organic Search,Bronze,4022.52
CUST015329,0.5083,5,7912.88,2.0,31.0,Organic Search,Bronze,4022.12
CUST015969,0.4025,6,9992.23,5.0,57.0,Email Campaign,Bronze,4021.87
CUST007071,0.4465,6,9005.57,2.0,11.0,Influencer,Bronze,4020.99
CUST001476,0.4893,5,8214.79,3.0,10.0,Organic Search,,4019.5
CUST004370,0.4763,5,8436.91,2.0,23.0,Influencer,,4018.5
CUST016624,0.5828,4,6893.32,3.0,63.0,Organic Search,Bronze,4017.43
CUST006680,0.1478,10,27175.199999999997,8.0,110.0,Referral,Silver,4016.49
CUST004406,0.9633,1,4165.28,5.0,237.0,Influencer,Platinum,4012.41
CUST009580,0.1475,10,27175.82,6.0,58.0,,,4008.43
CUST004752,0.3363,7,11914.09,3.0,149.0,Organic Search,Bronze,4006.71
CUST014348,0.2763,8,14498.529999999999,8.0,14.0,Paid Social,Bronze,4005.94
CUST011046,0.4035,6,9926.46,4.0,52.0,Paid Social,Gold,4005.33
CUST014119,0.9362,2,4277.45,4.0,186.0,Organic Search,Gold,4004.55
CUST011667,0.8518,3,4699.139999999999,2.0,80.0,Email Campaign,Bronze,4002.73
CUST003175,0.7743,3,5169.27,1.0,33.0,Organic Search,Silver,4002.57
CUST010100,0.3241,8,12345.68,5.0,39.0,Email Campaign,Silver,4001.23
CUST004533,0.4177,6,9578.75,1.0,111.0,Marketplace,Silver,4001.04
CUST006180,0.988,1,4049.1899999999996,2.0,375.0,Direct,Silver,4000.6
CUST000969,0.9086,2,4396.1,5.0,130.0,Email Campaign,Silver,3994.3
CUST002149,0.5004,5,7980.8,2.0,1.0,,Silver,3993.59
CUST008277,0.5176,5,7710.92,4.0,104.0,Email Campaign,,3991.17
CUST005275,0.3787,7,10537.74,3.0,124.0,,,3990.64
CUST012604,0.2147,9,18586.059999999998,7.0,4.0,Direct,Bronze,3990.43
CUST018892,0.3509,7,11350.36,4.0,60.0,Referral,Bronze,3982.84
CUST003239,0.9745,1,4086.02,4.0,281.0,,Bronze,3981.83
CUST007514,0.3304,8,12051.009999999998,3.0,116.0,,Bronze,3981.65
CUST018294,0.431,6,9236.82,2.0,20.0,Paid Social,Bronze,3981.07
CUST013933,0.8844,3,4500.49,2.0,94.0,,Bronze,3980.23
CUST000773,0.9762,1,4075.83,1.0,418.0,Organic Search,Silver,3978.83
CUST018561,0.4115,6,9668.44,3.0,48.0,Organic Search,Bronze,3978.56
CUST006134,0.4097,6,9707.07,2.0,181.0,Direct,Silver,3976.99
CUST004085,0.4263,6,9327.6,3.0,37.0,Influencer,Silver,3976.36
CUST006516,0.9303,2,4273.59,5.0,170.0,Paid Social,Bronze,3975.72
CUST014345,0.9719,1,4090.12,5.0,306.0,Referral,Bronze,3975.19
CUST010932,0.8932,3,4450.2,2.0,135.0,Paid Social,Silver,3974.92
CUST011260,0.4837,5,8217.68,2.0,41.0,,,3974.89
CUST015894,0.3285,8,12095.990000000002,3.0,78.0,Paid Social,Bronze,3973.53
CUST019026,0.3103,8,12799.599999999999,5.0,72.0,Organic Search,Bronze,3971.72
CUST016114,0.9183,2,4321.51,7.0,131.0,Referral,Silver,3968.44
CUST017530,0.2624,8,15117.08,5.0,12.0,Direct,Bronze,3966.72
CUST006216,0.9591,2,4130.87,2.0,368.0,Organic Search,,3961.92
CUST011975,0.3561,7,11124.55,3.0,29.0,Organic Search,Silver,3961.45
CUST017115,0.4707,5,8415.76,6.0,39.0,Paid Social,Bronze,3961.3
CUST012598,0.4247,6,9327.19,3.0,103.0,Paid Social,Bronze,3961.26
CUST013398,0.8945,3,4427.35,6.0,112.0,Referral,,3960.26
CUST006756,0.243,9,16292.439999999999,5.0,20.0,Organic Search,Bronze,3959.06
CUST008675,0.9743,1,4062.07,1.0,392.0,Influencer,Bronze,3957.67
CUST011764,0.3664,7,10799.66,2.0,101.0,Organic Search,Bronze,3957.0
CUST008037,0.9312,2,4247.45,7.0,108.0,Email Campaign,Bronze,3955.23
CUST008609,0.4342,6,9094.779999999999,4.0,31.0,Organic Search,Silver,3948.95
CUST017098,0.4033,6,9789.220000000001,4.0,73.0,Marketplace,Bronze,3947.99
CUST009704,0.8844,3,4463.71,3.0,116.0,Direct,Gold,3947.71
CUST001669,0.9816,1,4020.18,1.0,278.0,Paid Social,Silver,3946.21
CUST000444,0.2538,9,15543.599999999999,7.0,84.0,Referral,Gold,3944.97
CUST005895,0.5763,4,6839.92,3.0,99.0,Email Campaign,Platinum,3941.85
CUST014302,0.8509,3,4632.17,7.0,204.0,Email Campaign,Silver,3941.51
CUST001638,0.5379,5,7326.84,3.0,27.0,Influencer,Bronze,3941.11
CUST013767,0.9359,2,4207.8,5.0,149.0,Paid Social,Silver,3938.08
CUST011267,0.1455,10,27054.74,7.0,137.0,,Bronze,3936.46
CUST015327,0.1837,9,21421.54,6.0,22.0,Organic Search,Bronze,3935.14
CUST011237,0.2661,8,14782.94,4.0,0.0,Referral,Bronze,3933.74
CUST003206,0.9345,2,4209.17,3.0,136.0,Referral,Silver,3933.47
CUST018640,0.9653,1,4074.86,1.0,214.0,Direct,Bronze,3933.46
CUST016075,0.9028,3,4356.65,3.0,175.0,,Bronze,3933.18
CUST001207,0.6599,4,5960.110000000001,2.0,99.0,Email Campaign,Silver,3933.08
CUST016574,0.967,1,4064.73,2.0,215.0,Email Campaign,Bronze,3930.59
CUST013194,0.9769,1,4022.9,3.0,340.0,Organic Search,Bronze,3929.97
CUST004528,0.5095,5,7711.37,3.0,225.0,Marketplace,Bronze,3928.94
CUST019657,0.9626,1,4081.3999999999996,4.0,277.0,Referral,Bronze,3928.76
CUST015104,0.2233,9,17592.739999999998,8.0,26.0,Referral,Bronze,3928.46
CUST008743,0.2342,9,16773.91,3.0,22.0,Referral,Silver,3928.45
CUST001774,0.2026,9,19377.74,4.0,111.0,Email Campaign,,3925.93
CUST010415,0.5184,5,7567.7300000000005,4.0,56.0,Referral,Bronze,3923.11
CUST010884,0.4802,5,8168.54,2.0,137.0,Email Campaign,Silver,3922.53
CUST011011,0.4502,6,8711.03,2.0,77.0,Organic Search,Bronze,3921.71
CUST014666,0.4134,6,9482.86,3.0,13.0,Paid Social,Bronze,3920.21
CUST013639,0.2332,9,16805.86,5.0,47.0,Direct,Silver,3919.13
CUST018582,0.1762,9,22225.39,10.0,3.0,Paid Social,Silver,3916.11
CUST009240,0.2415,9,16211.87,7.0,62.0,Marketplace,Bronze,3915.17
CUST015398,0.1838,9,21300.93,6.0,23.0,Paid Social,Gold,3915.11
CUST006260,0.9908,1,3949.7,1.0,364.0,Influencer,Bronze,3913.36
CUST008809,0.9775,1,4003.24,2.0,438.0,Paid Social,Bronze,3913.17
CUST009951,0.3801,7,10286.970000000001,2.0,77.0,Email Campaign,Bronze,3910.08
CUST000013,0.6788,4,5759.82,1.0,106.0,Email Campaign,,3909.77
CUST005763,0.946,2,4132.719999999999,2.0,177.0,Referral,Silver,3909.55
CUST006656,0.395,7,9897.380000000001,3.0,32.0,Paid Social,Bronze,3909.47
CUST005462,0.4049,6,9654.05,5.0,10.0,Direct,Bronze,3908.92
CUST001842,0.8906,3,4384.99,2.0,130.0,Email Campaign,Bronze,3905.27
CUST009885,0.3511,7,11121.51,8.0,11.0,Direct,Silver,3904.76
CUST010977,0.9746,1,4004.61,1.0,448.0,Influencer,Bronze,3902.89
CUST013833,0.9571,2,4077.5,3.0,285.0,Organic Search,Bronze,3902.58
CUST017056,0.911,2,4283.74,3.0,119.0,Referral,Bronze,3902.49
CUST014409,0.9815,1,3974.88,5.0,392.0,,Silver,3901.34
CUST011323,0.4266,6,9144.45,4.0,47.0,Email Campaign,Bronze,3901.02
CUST014069,0.4616,6,8449.85,3.0,12.0,Organic Search,Bronze,3900.45
CUST019549,0.3288,8,11862.24,4.0,5.0,,,3900.3
CUST004545,0.1955,9,19934.03,5.0,81.0,Organic Search,Platinum,3897.1
CUST004682,0.8828,3,4413.17,2.0,104.0,Referral,Bronze,3895.95
CUST019364,0.9476,2,4109.13,1.0,174.0,,Silver,3893.81
CUST017594,0.2314,9,16825.64,7.0,2.0,Referral,Bronze,3893.45
CUST010451,0.2031,9,19167.83,7.0,34.0,Referral,,3892.99
CUST001360,0.9829,1,3959.7999999999997,2.0,312.0,,Silver,3892.09
CUST008754,0.5535,5,7029.95,1.0,74.0,Paid Social,Silver,3891.08
CUST013621,0.3312,8,11748.34,8.0,10.0,Organic Search,Bronze,3891.05
CUST000451,0.9858,1,3944.7,1.0,325.0,Organic Search,Silver,3888.69
CUST017731,0.2772,8,14022.25,6.0,46.0,Paid Social,Bronze,3886.97
CUST002420,0.0421,10,92279.43,14.0,17.0,Direct,Platinum,3884.96
CUST013325,0.4325,6,8980.07,2.0,294.0,Paid Social,Gold,3883.88
CUST017905,0.2483,9,15641.14,2.0,21.0,Organic Search,Platinum,3883.7
CUST003842,0.9568,2,4058.74,2.0,166.0,Influencer,Bronze,3883.4
CUST014029,0.1674,10,23197.579999999998,7.0,5.0,Referral,Bronze,3883.27
CUST000457,0.5811,4,6681.24,2.0,129.0,Marketplace,Gold,3882.47
CUST019987,0.403,6,9633.470000000001,4.0,27.0,Direct,Silver,3882.29
CUST013350,0.4855,5,7995.62,2.0,61.0,Paid Social,,3881.87
CUST018870,0.4878,5,7950.77,3.0,167.0,Marketplace,Gold,3878.39
CUST002750,0.4044,6,9586.66,5.0,10.0,Organic Search,Silver,3876.85
CUST006035,0.4368,6,8872.61,4.0,102.0,Marketplace,Platinum,3875.56
CUST008991,0.4379,6,8846.84,7.0,35.0,Paid Social,Bronze,3874.03
CUST008017,0.1344,10,28811.94,10.0,32.0,Email Campaign,Silver,3872.32
CUST001673,0.0995,10,38917.69,9.0,23.0,Direct,,3872.31
CUST019107,0.3408,7,11362.359999999999,2.0,53.0,Email Campaign,Platinum,3872.29
CUST001341,0.8913,3,4344.39,2.0,116.0,Paid Social,Silver,3872.15
CUST016512,0.1419,10,27279.879999999997,8.0,108.0,Referral,,3871.01
CUST004765,0.3821,7,10122.34,4.0,16.0,Organic Search,Gold,3867.75
CUST003411,0.438,6,8830.34,1.0,31.0,Paid Social,Bronze,3867.69
CUST013680,0.7713,3,5011.1900000000005,5.0,135.0,Organic Search,Bronze,3865.13
CUST007908,0.3096,8,12483.27,3.0,30.0,Organic Search,Silver,3864.82
CUST012473,0.3006,8,12845.79,4.0,2.0,Organic Search,Bronze,3861.44
CUST010066,0.4036,6,9566.83,4.0,24.0,Influencer,Bronze,3861.17
CUST006117,0.4038,6,9560.14,4.0,75.0,Email Campaign,Bronze,3860.38
CUST004045,0.1732,9,22282.079999999998,7.0,57.0,Direct,Silver,3859.26
CUST015496,0.2275,9,16962.129999999997,9.0,25.0,Organic Search,Silver,3858.88
CUST017902,0.2111,9,18272.09,11.0,11.0,Organic Search,Bronze,3857.24
CUST016963,0.2331,9,16545.79,7.0,31.0,Marketplace,Platinum,3856.82
CUST012848,0.144,10,26782.28,9.0,11.0,Organic Search,Bronze,3856.65
CUST010149,0.2449,9,15734.95,7.0,21.0,Direct,Bronze,3853.49
CUST019260,0.6395,4,6025.78,3.0,110.0,Paid Social,Gold,3853.49
CUST006878,0.7971,3,4831.43,5.0,111.0,Influencer,Platinum,3851.13
CUST002302,0.1026,10,37527.32,10.0,17.0,Direct,Bronze,3850.3
CUST011431,0.3356,7,11468.94,7.0,108.0,Referral,,3848.98
CUST000312,0.575,4,6688.780000000001,3.0,212.0,Influencer,Silver,3846.05
CUST009924,0.9882,1,3888.93,1.0,418.0,Organic Search,,3843.04
CUST019369,0.9596,2,4003.55,1.0,219.0,Organic Search,Bronze,3841.81
CUST016344,0.3006,8,12774.1,10.0,97.0,Email Campaign,Silver,3839.89
CUST015617,0.4608,6,8330.62,5.0,1.0,Organic Search,Bronze,3838.75
CUST012936,0.9603,2,3997.13,2.0,236.0,Organic Search,Gold,3838.44
CUST018422,0.4556,6,8423.98,4.0,56.0,,Bronze,3837.97
CUST006166,0.9238,2,4153.02,4.0,138.0,Email Campaign,Silver,3836.56
CUST007141,0.9706,1,3951.62,1.0,241.0,Paid Social,,3835.44
CUST004925,0.2147,9,17863.44,10.0,10.0,Organic Search,,3835.28
CUST013984,0.7111,4,5388.77,3.0,262.0,Referral,Bronze,3831.95
CUST012251,0.2905,8,13187.0,8.0,20.0,,Bronze,3830.82
CUST014898,0.2944,8,13000.9,6.0,9.0,Email Campaign,Gold,3827.46
CUST014749,0.9402,2,4063.22,1.0,98.0,Organic Search,Bronze,3820.24
CUST015017,0.9049,3,4221.45,2.0,146.0,Referral,Bronze,3819.99
CUST013288,0.9909,1,3854.7299999999996,3.0,251.0,Organic Search,Bronze,3819.65
CUST006003,0.9921,1,3849.74,1.0,454.0,Email Campaign,Bronze,3819.33
CUST000965,0.3417,7,11174.390000000001,3.0,92.0,Paid Social,,3818.29
CUST007807,0.2942,8,12976.26,7.0,48.0,Direct,Silver,3817.62
CUST017345,0.4608,6,8284.07,4.0,24.0,Paid Social,,3817.3
CUST006266,0.2631,8,14500.08,2.0,11.0,Email Campaign,Bronze,3814.97
CUST014396,0.4399,6,8662.869999999999,2.0,49.0,Organic Search,Bronze,3810.8
CUST003781,0.8118,3,4691.0,6.0,93.0,,Silver,3808.15
CUST010833,0.9436,2,4034.35,2.0,408.0,Direct,Silver,3806.81
CUST019958,0.2598,8,14652.66,4.0,162.0,Organic Search,Platinum,3806.76
CUST006233,0.9443,2,4027.21,1.0,385.0,Paid Social,Bronze,3802.89
CUST002548,0.5486,5,6931.7,7.0,198.0,Organic Search,Bronze,3802.73
CUST019374,0.9612,2,3953.95,6.0,336.0,Direct,Platinum,3800.54
CUST017895,0.3021,8,12573.33,4.0,52.0,Direct,Bronze,3798.4
CUST010568,0.4997,5,7597.32,3.0,101.0,Direct,Platinum,3796.38
CUST003356,0.5954,4,6375.75,1.0,116.0,Marketplace,Bronze,3796.12
CUST014746,0.3581,7,10597.83,2.0,10.0,Organic Search,Silver,3795.08
CUST014495,0.949,2,3998.2,2.0,125.0,Direct,Bronze,3794.29
CUST008075,0.2448,9,15499.05,6.0,40.0,Organic Search,Bronze,3794.17
CUST001953,0.4064,6,9332.66,1.0,16.0,,Silver,3792.79
CUST014113,0.8943,3,4240.59,7.0,190.0,Referral,Gold,3792.36
CUST017367,0.3583,7,10572.87,1.0,67.0,Influencer,Bronze,3788.26
CUST011205,0.9818,1,3858.17,1.0,231.0,Paid Social,Bronze,3787.95
CUST001386,0.4866,5,7781.75,1.0,122.0,Influencer,Gold,3786.6
CUST019423,0.885,3,4277.75,1.0,81.0,Influencer,Bronze,3785.81
CUST011784,0.1603,10,23608.879999999997,13.0,32.0,Referral,Silver,3784.5
CUST014242,0.399,6,9480.64,1.0,25.0,Organic Search,Bronze,3782.78
CUST014364,0.2557,9,14790.48,7.0,104.0,Influencer,Bronze,3781.93
CUST004130,0.4307,6,8777.23,1.0,124.0,Direct,Bronze,3780.35
CUST007041,0.6579,4,5745.59,5.0,56.0,Marketplace,Bronze,3780.02
CUST012509,0.5083,5,7436.1,4.0,181.0,Organic Search,Bronze,3779.77
CUST015281,0.2911,8,12972.36,3.0,24.0,Paid Social,Silver,3776.25
CUST011110,0.7567,3,4989.15,4.0,67.0,Email Campaign,Silver,3775.29
CUST018982,0.076,10,49651.77,13.0,3.0,,Silver,3773.53
CUST013606,0.1586,10,23792.52,5.0,108.0,,Platinum,3773.49
CUST010663,0.91,2,4144.969999999999,3.0,191.0,Paid Social,Gold,3771.92
CUST000106,0.4917,5,7664.52,5.0,72.0,Referral,Bronze,3768.64
CUST017910,0.3337,7,11292.81,4.0,115.0,Influencer,Bronze,3768.41
CUST000249,0.4559,6,8265.56,5.0,185.0,Marketplace,Bronze,3768.27
CUST015497,0.2249,9,16750.72,4.0,23.0,Influencer,Bronze,3767.24
CUST005601,0.9297,2,4051.43,1.0,360.0,Marketplace,Bronze,3766.61
CUST014852,0.126,10,29888.42,7.0,9.0,Marketplace,Bronze,3765.94
CUST015574,0.8266,3,4555.54,2.0,361.0,Direct,Bronze,3765.61
CUST018905,0.9659,1,3896.2,2.0,153.0,Paid Social,Bronze,3763.34
CUST016860,0.9811,1,3834.43,1.0,426.0,Organic Search,Bronze,3761.96
CUST015290,0.2615,8,14384.61,4.0,87.0,,Bronze,3761.58
CUST013968,0.2459,9,15290.400000000001,8.0,4.0,Organic Search,Bronze,3759.91
CUST003627,0.067,10,56093.03,17.0,33.0,Direct,Gold,3758.23
CUST013128,0.9684,1,3880.16,2.0,281.0,Direct,Bronze,3757.55
CUST005948,0.886,3,4238.7,6.0,110.0,Marketplace,,3755.49
CUST017085,0.9024,3,4158.96,7.0,106.0,Email Campaign,Bronze,3753.05
CUST002144,0.3495,7,10737.81,3.0,39.0,Referral,Bronze,3752.86
CUST011756,0.5054,5,7417.01,2.0,129.0,Organic Search,Silver,3748.56
CUST011227,0.1916,9,19560.22,9.0,2.0,Direct,Silver,3747.74
CUST018342,0.9853,1,3800.95,1.0,443.0,Paid Social,Bronze,3745.08
CUST018364,0.4217,6,8875.96,4.0,146.0,Organic Search,Bronze,3742.99
CUST018732,0.5167,5,7241.0,3.0,277.0,Paid Social,,3741.42
CUST016285,0.5352,5,6990.58,5.0,46.0,Paid Social,Bronze,3741.36
CUST000994,0.9902,1,3778.03,1.0,373.0,Organic Search,Bronze,3741.01
CUST004382,0.2276,9,16430.59,12.0,18.0,Direct,Bronze,3739.6
CUST012529,0.7385,3,5063.12,2.0,75.0,Email Campaign,Silver,3739.11
CUST016274,0.971,1,3849.25,4.0,207.0,Organic Search,Bronze,3737.62
CUST008147,0.6075,4,6152.07,3.0,110.0,Organic Search,Silver,3737.38
CUST017117,0.9455,2,3951.48,2.0,217.0,Marketplace,Bronze,3736.12
CUST003936,0.1064,10,35100.24,13.0,18.0,Paid Social,Platinum,3734.67
CUST019227,0.3607,7,10350.86,5.0,95.0,Organic Search,Gold,3733.56
CUST007386,0.2888,8,12926.83,8.0,45.0,Paid Social,Silver,3733.27
CUST004616,0.397,7,9402.2,3.0,6.0,Organic Search,,3732.67
CUST003732,0.6852,4,5442.79,2.0,200.0,Paid Social,Gold,3729.4
CUST013812,0.9662,1,3859.0600000000004,2.0,191.0,Paid Social,,3728.62
CUST007285,0.9768,1,3817.16,3.0,273.0,Organic Search,Silver,3728.6
CUST002608,0.1271,10,29335.64,9.0,13.0,Organic Search,Silver,3728.56
CUST001004,0.1781,9,20925.83,12.0,19.0,Paid Social,Bronze,3726.89
CUST018651,0.4025,6,9255.99,4.0,185.0,Influencer,Gold,3725.54
CUST016435,0.4392,6,8482.25,3.0,0.0,Influencer,Bronze,3725.4
CUST012004,0.4026,6,9251.85,4.0,96.0,Organic Search,Bronze,3724.79
CUST006344,0.8361,3,4453.24,9.0,114.0,Email Campaign,Bronze,3723.35
CUST000552,0.4829,5,7709.26,3.0,52.0,Organic Search,Bronze,3722.8
CUST009873,0.1022,10,36419.8,8.0,16.0,Email Campaign,Bronze,3722.1
CUST018919,0.2906,8,12799.5,3.0,13.0,,Silver,3719.53
CUST005966,0.4854,5,7640.25,2.0,58.0,,Bronze,3708.58
CUST015663,0.9921,1,3737.8,1.0,359.0,Email Campaign,Gold,3708.27
CUST002952,0.964,1,3845.37,6.0,234.0,Influencer,Silver,3706.94
CUST002886,0.258,8,14364.92,6.0,103.0,Referral,Bronze,3706.15
CUST001696,0.2025,9,18299.03,11.0,3.0,Organic Search,Gold,3705.55
CUST017333,0.1788,9,20723.420000000002,7.0,42.0,Direct,Bronze,3705.35
CUST015546,0.4777,5,7756.02,2.0,163.0,Paid Social,Silver,3705.05
CUST010065,0.9117,2,4059.42,4.0,210.0,Paid Social,,3700.97
CUST012832,0.4661,6,7940.06,1.0,77.0,Marketplace,Silver,3700.86
CUST005362,0.5317,5,6957.4800000000005,6.0,108.0,Organic Search,Bronze,3699.29
CUST017721,0.4175,6,8853.470000000001,3.0,121.0,Organic Search,Bronze,3696.32
CUST012255,0.9911,1,3729.34,1.0,454.0,Email Campaign,Bronze,3696.15
CUST015140,0.279,8,13245.420000000002,5.0,54.0,,Silver,3695.47
CUST012563,0.6122,4,6035.83,2.0,19.0,Paid Social,,3695.14
CUST010901,0.2253,9,16396.870000000003,5.0,44.0,Organic Search,Bronze,3694.21
CUST013117,0.0899,10,41082.009999999995,14.0,24.0,,Gold,3693.27
CUST014752,0.2009,9,18382.49,8.0,31.0,,Gold,3693.04
CUST005444,0.3663,7,10076.970000000001,3.0,121.0,Direct,Bronze,3691.19
CUST017119,0.3663,7,10071.27,3.0,266.0,,Silver,3689.11
CUST018227,0.8552,3,4313.08,8.0,171.0,Referral,Silver,3688.55
CUST018180,0.4557,6,8092.74,1.0,98.0,Paid Social,Gold,3687.86
CUST003534,0.9846,1,3744.22,2.0,359.0,Marketplace,Silver,3686.56
CUST003965,0.9572,2,3850.57,1.0,267.0,Organic Search,Silver,3685.77
CUST015864,0.277,8,13304.560000000001,5.0,5.0,Email Campaign,Bronze,3685.36
CUST009804,0.7728,3,4766.41,2.0,65.0,Referral,Bronze,3683.48
CUST009340,0.9775,1,3765.36,3.0,241.0,Organic Search,Bronze,3680.64
CUST011573,0.9814,1,3744.81,1.0,361.0,Influencer,Bronze,3675.16
CUST017486,0.2936,8,12510.17,6.0,42.0,Paid Social,Gold,3672.99
CUST016594,0.454,6,8085.75,3.0,126.0,Organic Search,Bronze,3670.93
CUST017180,0.5941,4,6178.42,2.0,122.0,Marketplace,Bronze,3670.6
CUST011965,0.2992,8,12266.97,3.0,112.0,Referral,Gold,3670.28
CUST007512,0.3971,7,9242.25,5.0,18.0,Influencer,Platinum,3670.1
CUST001489,0.9794,1,3746.74,1.0,229.0,Organic Search,Bronze,3669.56
CUST017980,0.299,8,12266.0,4.0,42.0,,,3667.53
CUST002227,0.2801,8,13090.36,6.0,3.0,Marketplace,,3666.61
CUST008771,0.9837,1,3727.17,1.0,305.0,Email Campaign,Bronze,3666.42
CUST017709,0.3623,7,10116.23,2.0,12.0,Influencer,Bronze,3665.11
CUST010598,0.5217,5,7022.42,3.0,191.0,Marketplace,Bronze,3663.6
CUST005783,0.9253,2,3958.49,2.0,143.0,Paid Social,Bronze,3662.79
CUST012364,0.4354,6,8410.7,3.0,115.0,Paid Social,Gold,3662.02
CUST004469,0.3501,7,10458.869999999999,6.0,134.0,Email Campaign,Bronze,3661.65
CUST016627,0.9825,1,3721.8599999999997,3.0,291.0,,Silver,3656.73
CUST011106,0.4293,6,8517.55,3.0,8.0,Email Campaign,Bronze,3656.58
CUST004676,0.7587,3,4818.24,2.0,37.0,,Silver,3655.6
CUST004436,0.5013,5,7291.84,1.0,18.0,Paid Social,Bronze,3655.4
CUST012161,0.3449,7,10596.32,3.0,11.0,,Gold,3654.67
CUST010014,0.7658,3,4772.3,2.0,123.0,Organic Search,,3654.63
CUST013480,0.9178,2,3981.0699999999997,3.0,216.0,Referral,Bronze,3653.83
CUST002389,0.0483,10,75647.94,11.0,14.0,Organic Search,Gold,3653.8
CUST014985,0.2546,9,14349.720000000001,8.0,97.0,Paid Social,Bronze,3653.44
CUST009744,0.4888,5,7472.749999999999,4.0,106.0,Organic Search,Silver,3652.68
CUST018708,0.1798,9,20308.059999999998,7.0,61.0,Email Campaign,Bronze,3651.39
CUST005452,0.9767,1,3737.5,3.0,298.0,,Bronze,3650.42
CUST009445,0.6108,4,5974.58,1.0,47.0,Referral,,3649.27
CUST013472,0.8229,3,4433.070000000001,2.0,76.0,Influencer,Bronze,3647.97
CUST001600,0.3321,8,10983.26,9.0,59.0,,Bronze,3647.54
CUST006880,0.4853,5,7507.39,1.0,6.0,Organic Search,,3643.34
CUST018866,0.1861,9,19572.940000000002,5.0,5.0,,,3642.52
CUST009111,0.2809,8,12966.64,6.0,34.0,Direct,Silver,3642.33
CUST015288,0.4279,6,8504.74,1.0,38.0,Marketplace,Silver,3639.18
CUST007437,0.5033,5,7230.14,4.0,122.0,Marketplace,Silver,3638.93
CUST008670,0.1521,10,23919.29,8.0,34.0,Influencer,Bronze,3638.12
CUST013824,0.1916,9,18982.4,5.0,3.0,,Gold,3637.03
CUST018689,0.4811,5,7558.54,4.0,23.0,Influencer,Bronze,3636.41
CUST014848,0.7434,3,4891.51,3.0,52.0,Paid Social,Bronze,3636.35
CUST014889,0.9428,2,3856.7099999999996,3.0,186.0,Organic Search,Bronze,3636.11
CUST015851,0.3214,8,11309.01,5.0,125.0,Organic Search,Silver,3634.72
CUST013417,0.4822,5,7536.56,5.0,14.0,Organic Search,Bronze,3634.13
CUST013628,0.1418,10,25623.61,8.0,16.0,Referral,Bronze,3633.43
CUST002625,0.215,9,16897.739999999998,3.0,121.0,Direct,Silver,3633.01
CUST006800,0.9719,1,3734.07,6.0,232.0,Direct,Bronze,3629.14
CUST017593,0.2618,8,13858.53,4.0,99.0,Direct,Silver,3628.16
CUST015394,0.4709,5,7701.25,2.0,22.0,Direct,Bronze,3626.52
CUST015698,0.3837,7,9443.61,4.0,10.0,Organic Search,Silver,3623.51
CUST001417,0.3728,7,9716.74,4.0,21.0,Influencer,Platinum,3622.4
CUST017863,0.1943,9,18640.91,8.0,10.0,Email Campaign,Silver,3621.93
CUST001134,0.8947,3,4044.0,1.0,208.0,,Bronze,3618.17
CUST014938,0.4065,6,8899.9,3.0,46.0,Organic Search,Bronze,3617.81
CUST009135,0.3051,8,11856.269999999999,5.0,183.0,Organic Search,Silver,3617.35
CUST003608,0.3147,8,11494.09,6.0,50.0,Influencer,Gold,3617.19
CUST005752,0.9703,1,3727.76,1.0,283.0,Marketplace,Silver,3617.05
CUST004847,0.1266,10,28556.129999999997,20.0,2.0,Referral,Bronze,3615.21
CUST013772,0.0781,10,46269.17,9.0,55.0,,Gold,3613.62
CUST010211,0.2064,9,17503.9,6.0,104.0,,,3612.8
CUST002984,0.4592,6,7866.9400000000005,4.0,23.0,Email Campaign,Silver,3612.5
CUST016666,0.6848,4,5272.1900000000005,3.0,60.0,Marketplace,Silver,3610.4
CUST012445,0.0994,10,36293.45,11.0,73.0,Organic Search,Bronze,3607.57
CUST003511,0.8819,3,4090.27,4.0,150.0,Paid Social,Gold,3607.21
CUST017154,0.104,10,34684.520000000004,10.0,118.0,Referral,Silver,3607.19
CUST014722,0.8999,3,4007.74,1.0,101.0,Organic Search,Bronze,3606.57
CUST017667,0.5175,5,6968.64,2.0,350.0,Paid Social,Bronze,3606.27
CUST012465,0.9747,1,3698.93,1.0,288.0,Marketplace,Platinum,3605.35
CUST012992,0.4697,5,7675.41,2.0,83.0,Email Campaign,Bronze,3605.14
CUST001643,0.3697,7,9743.220000000001,5.0,83.0,Paid Social,Gold,3602.07
CUST005420,0.9541,2,3774.44,1.0,147.0,Paid Social,Bronze,3601.19
CUST003078,0.1924,9,18712.67,6.0,9.0,Referral,Bronze,3600.32
CUST010843,0.9296,2,3872.8599999999997,2.0,130.0,Email Campaign,Silver,3600.21
CUST000747,0.4495,6,8005.139999999999,4.0,126.0,Organic Search,,3598.31
CUST000080,0.2008,9,17918.85,8.0,47.0,Email Campaign,Silver,3598.11
CUST004304,0.2458,9,14637.26,6.0,33.0,Email Campaign,Bronze,3597.84
CUST006875,0.4112,6,8744.45,3.0,111.0,Referral,Silver,3595.72
CUST006876,0.203,9,17705.24,5.0,102.0,,,3594.16
CUST010176,0.6628,4,5419.49,2.0,197.0,Influencer,Bronze,3592.04
CUST017256,0.9884,1,3633.03,1.0,427.0,Referral,Silver,3590.89
CUST004615,0.9748,1,3681.97,3.0,340.0,Paid Social,Bronze,3589.18
CUST014517,0.9832,1,3646.94,2.0,339.0,Direct,Gold,3585.67
CUST014741,0.3836,7,9346.5,5.0,15.0,Organic Search,Bronze,3585.32
CUST002493,0.3766,7,9517.06,5.0,101.0,Direct,,3584.12
CUST018630,0.1567,10,22865.09,10.0,17.0,Direct,Gold,3582.96
CUST016972,0.6825,4,5249.41,2.0,31.0,Marketplace,Silver,3582.72
CUST017363,0.9263,2,3866.38,1.0,115.0,Organic Search,Gold,3581.43
CUST007158,0.2797,8,12801.720000000001,5.0,105.0,Paid Social,Silver,3580.64
CUST015258,0.2889,8,12393.0,6.0,5.0,Influencer,Silver,3580.34
CUST000038,0.7117,4,5028.049999999999,7.0,51.0,Direct,Bronze,3578.46
CUST019986,0.3025,8,11824.25,4.0,135.0,Influencer,Bronze,3576.84
CUST008532,0.9644,1,3708.7799999999997,3.0,270.0,Organic Search,Bronze,3576.75
CUST006418,0.981,1,3643.16,3.0,298.0,Marketplace,Bronze,3573.94
CUST016970,0.2438,9,14654.28,5.0,19.0,Organic Search,Bronze,3572.71
CUST018762,0.4223,6,8459.449999999999,2.0,99.0,Organic Search,Bronze,3572.43
CUST000162,0.3444,7,10367.78,4.0,18.0,Direct,Silver,3570.66
CUST016565,0.3849,7,9276.619999999999,4.0,54.0,,Bronze,3570.57
CUST014061,0.7554,3,4726.4400000000005,5.0,55.0,Referral,Silver,3570.35
CUST018039,0.379,7,9412.15,1.0,72.0,Organic Search,Gold,3567.2
CUST002972,0.3415,7,10445.04,1.0,100.0,Referral,Silver,3566.98
CUST011044,0.9567,2,3728.2799999999997,2.0,164.0,Referral,Bronze,3566.85
CUST017989,0.9892,1,3603.94,3.0,352.0,Influencer,Gold,3565.02
CUST012709,0.1739,9,20498.190000000002,3.0,41.0,Email Campaign,Platinum,3564.64
CUST010837,0.9394,2,3791.6699999999996,2.0,108.0,Paid Social,Bronze,3561.89
CUST017926,0.8869,3,4015.42,6.0,101.0,Referral,Silver,3561.28
CUST011333,0.1602,10,22219.84,7.0,10.0,,Silver,3559.62
CUST009649,0.2268,9,15687.22,5.0,42.0,Organic Search,Gold,3557.86
CUST019716,0.0712,10,49963.5,17.0,8.0,Referral,Gold,3557.4
CUST019931,0.4519,6,7872.03,1.0,27.0,Influencer,Bronze,3557.37
CUST000410,0.4437,6,8015.27,1.0,58.0,Direct,Bronze,3556.38
CUST015487,0.4067,6,8743.61,2.0,1.0,Marketplace,Bronze,3556.03
CUST014743,0.9842,1,3612.08,1.0,346.0,Organic Search,Bronze,3555.01
CUST007913,0.1799,9,19759.4,7.0,14.0,Referral,Silver,3554.72
CUST004605,0.3373,7,10522.48,5.0,28.0,Organic Search,Bronze,3549.23
CUST012272,0.3746,7,9472.94,4.0,33.0,Organic Search,Bronze,3548.56
CUST011210,0.5633,4,6295.74,1.0,5.0,Paid Social,Bronze,3546.39
CUST016448,0.9256,2,3831.0299999999997,2.0,93.0,Marketplace,Silver,3546.0
CUST010490,0.2654,8,13360.93,4.0,28.0,Direct,Gold,3545.99
CUST014471,0.2087,9,16987.510000000002,13.0,3.0,Email Campaign,Bronze,3545.29
CUST006483,0.9592,2,3693.39,4.0,204.0,Email Campaign,Bronze,3542.7
CUST009652,0.9248,2,3828.79,3.0,137.0,Paid Social,Platinum,3540.86
CUST016054,0.3181,8,11128.53,7.0,41.0,Organic Search,,3539.99
CUST014845,0.334,7,10597.11,1.0,22.0,,Bronze,3539.43
CUST001317,0.3311,8,10683.05,2.0,0.0,Organic Search,Bronze,3537.16
CUST004073,0.4321,6,8184.53,3.0,79.0,Organic Search,,3536.54
CUST007562,0.2751,8,12854.0,3.0,54.0,Direct,Silver,3536.14
CUST015898,0.9266,2,3814.05,1.0,130.0,Paid Social,Silver,3534.1
CUST006645,0.3091,8,11431.76,2.0,7.0,Marketplace,Gold,3533.56
CUST019537,0.9799,1,3600.91,1.0,235.0,Paid Social,,3528.53
CUST000265,0.952,2,3705.99,6.0,205.0,Organic Search,Bronze,3528.1
CUST003394,0.315,8,11199.8,3.0,152.0,,Silver,3527.94
CUST017735,0.4265,6,8269.35,3.0,88.0,Organic Search,Silver,3526.88
CUST017166,0.7366,3,4787.49,4.0,79.0,,Platinum,3526.47
CUST019022,0.2232,9,15793.92,8.0,8.0,Email Campaign,Gold,3525.2
CUST017235,0.8657,3,4071.67,2.0,121.0,Marketplace,Gold,3524.84
CUST007113,0.1408,10,25030.86,7.0,11.0,Direct,,3524.35
CUST001822,0.2862,8,12305.36,4.0,21.0,Paid Social,Gold,3521.79
CUST004481,0.5164,5,6818.56,2.0,1.0,Paid Social,Bronze,3521.1
CUST015737,0.9894,1,3557.93,5.0,227.0,Direct,Bronze,3520.22
CUST007818,0.6028,4,5835.41,3.0,116.0,Referral,Bronze,3517.59
CUST012358,0.5103,5,6893.17,4.0,51.0,,Bronze,3517.58
CUST010544,0.4757,5,7392.93,4.0,49.0,Organic Search,Bronze,3516.82
CUST016815,0.2694,8,13045.47,9.0,116.0,,Bronze,3514.45
CUST010309,0.9781,1,3591.39,5.0,233.0,Organic Search,Bronze,3512.74
CUST017558,0.1592,10,22059.19,6.0,0.0,Influencer,,3511.82
CUST005332,0.6088,4,5767.91,3.0,60.0,Paid Social,Bronze,3511.5
CUST003555,0.9811,1,3579.0899999999997,3.0,275.0,Organic Search,Bronze,3511.45
CUST011714,0.96,2,3655.73,1.0,172.0,Email Campaign,Bronze,3509.5
CUST016147,0.2604,8,13475.689999999999,7.0,51.0,Organic Search,Platinum,3509.07
CUST009932,0.9151,2,3833.45,2.0,115.0,Direct,Gold,3507.99
CUST005963,0.3145,8,11140.01,7.0,27.0,Direct,Bronze,3503.53
CUST007137,0.6131,4,5714.32,2.0,257.0,Influencer,Bronze,3503.45
CUST014574,0.2947,8,11885.880000000001,4.0,34.0,Organic Search,Platinum,3502.77
CUST006128,0.8521,3,4108.99,11.0,107.0,Organic Search,Bronze,3501.27
CUST015600,0.2059,9,16996.98,6.0,116.0,Email Campaign,Bronze,3499.68
CUST014231,0.978,1,3576.27,3.0,320.0,Organic Search,Bronze,3497.59
CUST013444,0.9314,2,3746.89,5.0,334.0,Referral,Silver,3489.85
CUST012307,0.0701,10,49751.7,16.0,52.0,Referral,Bronze,3487.59
CUST008143,0.9781,1,3564.8,4.0,203.0,Paid Social,Silver,3486.73
CUST016143,0.4919,5,7087.969999999999,3.0,44.0,Paid Social,Platinum,3486.57
CUST014359,0.5163,5,6743.3,1.0,72.0,,Gold,3481.57
CUST004028,0.4934,5,7053.370000000001,3.0,18.0,Direct,Bronze,3480.13
CUST009683,0.2284,9,15231.17,6.0,13.0,,Silver,3478.8
CUST019440,0.7658,3,4541.860000000001,3.0,89.0,Referral,Silver,3478.16
CUST018410,0.316,8,10996.820000000002,2.0,130.0,Marketplace,Bronze,3475.0
CUST004208,0.9174,2,3787.22,1.0,134.0,,Silver,3474.4
CUST006467,0.9529,2,3645.94,5.0,192.0,Marketplace,Bronze,3474.22
CUST008945,0.436,6,7968.17,4.0,189.0,Paid Social,Silver,3474.12
CUST018311,0.2493,9,13934.970000000001,3.0,55.0,Email Campaign,Bronze,3473.99
CUST011591,0.9011,3,3850.7599999999998,3.0,158.0,Organic Search,Silver,3469.92
CUST001700,0.2636,8,13163.4,4.0,97.0,Referral,Bronze,3469.87
CUST005882,0.1558,10,22263.87,9.0,21.0,,Silver,3468.71
CUST002399,0.2809,8,12348.55,7.0,10.0,Referral,Bronze,3468.71
CUST014997,0.16,10,21678.050000000003,6.0,34.0,Referral,Bronze,3468.49
CUST017387,0.4119,6,8419.529999999999,3.0,102.0,Email Campaign,Silver,3468.0
CUST002477,0.4974,5,6971.52,3.0,138.0,Paid Social,Bronze,3467.63
CUST016200,0.5783,4,5995.9,4.0,176.0,Paid Social,Gold,3467.43
CUST017225,0.4092,6,8469.72,1.0,69.0,Organic Search,Bronze,3465.81
CUST018202,0.4547,6,7619.15,4.0,74.0,Direct,Bronze,3464.43
CUST013964,0.3067,8,11291.779999999999,3.0,43.0,Paid Social,Silver,3463.19
CUST011169,0.517,5,6695.35,2.0,115.0,Paid Social,Bronze,3461.5
CUST012312,0.268,8,12912.59,4.0,101.0,Email Campaign,Bronze,3460.57
CUST008886,0.4251,6,8135.43,3.0,49.0,Paid Social,Gold,3458.37
CUST007022,0.1239,10,27910.45,12.0,10.0,Organic Search,Silver,3458.1
CUST007085,0.4782,5,7230.7300000000005,4.0,99.0,Organic Search,Silver,3457.74
CUST000627,0.9638,1,3587.05,2.0,418.0,Organic Search,Bronze,3457.2
CUST010826,0.0481,10,71732.38,14.0,13.0,Email Campaign,Gold,3450.33
CUST018854,0.1008,10,34209.46,10.0,62.0,Referral,Silver,3448.31
CUST013948,0.1635,10,21084.7,7.0,118.0,Email Campaign,Bronze,3447.35
CUST002658,0.5491,5,6273.72,1.0,133.0,Organic Search,Bronze,3444.9
CUST005836,0.9269,2,3714.9,4.0,184.0,Direct,Bronze,3443.34
CUST005879,0.9766,1,3524.0699999999997,2.0,377.0,Paid Social,Bronze,3441.61
CUST006048,0.1762,9,19531.08,13.0,7.0,,Gold,3441.38
CUST003236,0.5528,5,6224.17,1.0,108.0,Organic Search,Silver,3440.72
CUST018954,0.3773,7,9118.52,6.0,115.0,,Bronze,3440.42
CUST018587,0.2371,9,14509.220000000001,4.0,66.0,Organic Search,Gold,3440.14
CUST016659,0.8676,3,3962.98,1.0,100.0,Paid Social,Bronze,3438.28
CUST007051,0.7583,3,4532.55,10.0,80.0,Influencer,Platinum,3437.03
CUST011613,0.2384,9,14415.12,4.0,6.0,Organic Search,Bronze,3436.56
CUST007822,0.2348,9,14625.33,7.0,71.0,Influencer,Bronze,3434.03
CUST007341,0.5492,5,6251.9,1.0,26.0,Organic Search,Gold,3433.54
CUST007239,0.9676,1,3546.73,1.0,271.0,Email Campaign,Bronze,3431.82
CUST018425,0.7855,3,4368.75,10.0,96.0,Email Campaign,Bronze,3431.65
CUST016726,0.1463,10,23449.28,8.0,119.0,Referral,Bronze,3430.63
CUST003661,0.149,10,23015.91,9.0,44.0,Organic Search,Gold,3429.37
CUST014987,0.3095,8,11077.77,5.0,46.0,Email Campaign,Bronze,3428.57
CUST010908,0.2738,8,12519.64,6.0,24.0,Direct,Bronze,3427.88
CUST001464,0.2472,9,13864.720000000001,6.0,105.0,Email Campaign,Silver,3427.36
CUST006178,0.8432,3,4059.8199999999997,8.0,140.0,Organic Search,Bronze,3423.24
CUST019001,0.904,3,3786.15,7.0,108.0,Referral,Silver,3422.68
CUST016049,0.9688,1,3532.34,5.0,210.0,Organic Search,Bronze,3422.13
CUST004159,0.986,1,3470.04,3.0,309.0,Influencer,Bronze,3421.46
CUST000718,0.3001,8,11400.81,4.0,71.0,Email Campaign,Gold,3421.38
CUST004132,0.9423,2,3628.3999999999996,2.0,154.0,Direct,Gold,3419.04
CUST015277,0.2182,9,15655.14,8.0,6.0,Direct,Bronze,3415.95
CUST019330,0.1677,10,20366.29,9.0,18.0,Direct,Bronze,3415.43
CUST012243,0.966,1,3534.46,2.0,254.0,Referral,,3414.29
CUST005614,0.462,6,7385.400000000001,1.0,147.0,Paid Social,Platinum,3412.05
CUST005072,0.1088,10,31345.93,9.0,94.0,Direct,Silver,3410.44
CUST004390,0.9779,1,3482.67,1.0,363.0,Paid Social,Bronze,3405.7
CUST003074,0.0781,10,43592.97,10.0,3.0,Referral,Gold,3404.61
CUST009221,0.3068,8,11094.56,4.0,25.0,Paid Social,Bronze,3403.81
CUST001543,0.5163,5,6590.25,2.0,136.0,Influencer,Gold,3402.55
CUST001927,0.3348,7,10157.36,5.0,99.0,Organic Search,Gold,3400.68
CUST018035,0.2523,9,13470.27,6.0,135.0,Marketplace,Gold,3398.55
CUST002908,0.9817,1,3460.1,1.0,332.0,Referral,Bronze,3396.78
CUST017374,0.5012,5,6770.6,2.0,78.0,Organic Search,Bronze,3393.42
CUST000185,0.8262,3,4105.610000000001,7.0,81.0,Organic Search,Gold,3392.05
CUST009819,0.269,8,12609.49,6.0,18.0,,Silver,3391.95
CUST007796,0.6203,4,5467.56,2.0,254.0,Influencer,Silver,3391.53
CUST011093,0.5285,5,6415.389999999999,5.0,31.0,,Bronze,3390.53
CUST016202,0.3001,8,11294.449999999999,4.0,99.0,Paid Social,Bronze,3389.46
CUST013874,0.5078,5,6668.87,1.0,97.0,Organic Search,Bronze,3386.45
CUST007353,0.0837,10,40445.71000000001,8.0,3.0,,Gold,3385.31
CUST010261,0.3463,7,9773.3,5.0,118.0,Marketplace,Silver,3384.49
CUST014240,0.8635,3,3916.5,5.0,79.0,,Gold,3381.9
CUST009233,0.4955,5,6825.18,4.0,34.0,Referral,Bronze,3381.88
CUST010213,0.2751,8,12280.43,11.0,1.0,Direct,Bronze,3378.35
CUST013978,0.1999,9,16899.98,6.0,4.0,Marketplace,Silver,3378.31
CUST018122,0.1427,10,23671.27,8.0,1.0,Referral,Gold,3377.89
CUST016758,0.8583,3,3932.96,1.0,125.0,,Silver,3375.66
CUST002099,0.4729,5,7137.44,3.0,116.0,Paid Social,Platinum,3375.3
CUST016036,0.8484,3,3978.41,4.0,109.0,Direct,Silver,3375.28
CUST016093,0.3127,8,10793.789999999999,2.0,6.0,Influencer,Bronze,3375.22
CUST015691,0.2833,8,11910.09,4.0,70.0,Organic Search,Silver,3374.13
CUST010864,0.2006,9,16819.88,9.0,68.0,Email Campaign,Bronze,3374.07
CUST004343,0.9776,1,3451.3,1.0,330.0,Paid Social,Bronze,3373.99
CUST007017,0.2959,8,11401.72,4.0,0.0,Email Campaign,Gold,3373.77
CUST004941,0.3602,7,9361.1,2.0,28.0,Marketplace,Bronze,3371.87
CUST000031,0.6512,4,5177.32,1.0,316.0,Direct,Bronze,3371.47
CUST006637,0.9351,2,3604.83,2.0,174.0,Direct,Silver,3370.88
CUST008043,0.8779,3,3839.33,2.0,198.0,Influencer,Bronze,3370.55
CUST001316,0.9732,1,3463.11,6.0,333.0,Organic Search,Gold,3370.3
CUST013386,0.3278,8,10280.43,5.0,12.0,Paid Social,Silver,3369.92
CUST009174,0.3943,7,8543.75,4.0,10.0,Email Campaign,Bronze,3368.8
CUST010406,0.9457,2,3560.6899999999996,2.0,267.0,Paid Social,Bronze,3367.34
CUST014514,0.2888,8,11647.0,8.0,36.0,Influencer,Bronze,3363.65
CUST017469,0.9474,2,3550.35,3.0,229.0,,,3363.6
CUST001954,0.4506,6,7464.2,1.0,102.0,Direct,Bronze,3363.37
CUST006882,0.0368,10,91376.66,21.0,2.0,Direct,Gold,3362.66
CUST018380,0.1392,10,24143.13,8.0,31.0,Email Campaign,Bronze,3360.72
CUST005080,0.4921,5,6824.29,3.0,111.0,Email Campaign,Silver,3358.23
CUST006190,0.1523,10,22047.7,8.0,41.0,Organic Search,Bronze,3357.86
CUST002549,0.9878,1,3398.73,1.0,394.0,Paid Social,Bronze,3357.27
CUST007456,0.9682,1,3460.02,2.0,288.0,Paid Social,Silver,3349.99
CUST019830,0.1086,10,30842.46,10.0,15.0,Organic Search,Bronze,3349.49
CUST019611,0.1202,10,27862.11,10.0,2.0,Referral,Gold,3349.03
CUST018015,0.9161,2,3651.43,2.0,165.0,Influencer,,3345.08
CUST013738,0.4041,6,8270.25,3.0,14.0,Influencer,Bronze,3342.01
CUST008578,0.9072,2,3683.55,4.0,121.0,Email Campaign,Bronze,3341.72
CUST014765,0.1881,9,17756.0,7.0,123.0,Influencer,,3339.9
CUST008112,0.9487,2,3518.52,2.0,136.0,Organic Search,Bronze,3338.02
CUST000243,0.3262,8,10226.65,5.0,16.0,Paid Social,,3335.93
CUST012685,0.3413,7,9766.710000000001,4.0,16.0,Organic Search,Bronze,3333.38
CUST015742,0.3607,7,9240.08,4.0,27.0,Marketplace,Silver,3332.9
CUST011360,0.3337,7,9985.03,5.0,23.0,Organic Search,Gold,3332.0
CUST018053,0.3362,7,9909.39,4.0,89.0,Referral,Bronze,3331.54
CUST005017,0.2203,9,15121.6,7.0,117.0,Direct,Bronze,3331.29
CUST001342,0.9212,2,3614.46,1.0,148.0,Paid Social,Silver,3329.64
CUST019894,0.974,1,3418.32,2.0,213.0,Direct,Platinum,3329.44
CUST017807,0.2958,8,11250.93,1.0,158.0,Organic Search,Silver,3328.03
CUST017055,0.968,1,3436.34,2.0,293.0,Direct,Silver,3326.38
CUST018104,0.9847,1,3377.85,4.0,252.0,Influencer,Bronze,3326.17
CUST002530,0.8227,3,4042.41,3.0,66.0,Influencer,Bronze,3325.69
CUST017241,0.2445,9,13599.95,6.0,28.0,Paid Social,Silver,3325.19
CUST002874,0.0578,10,57517.93,20.0,15.0,Organic Search,,3324.54
CUST002271,0.4145,6,8018.780000000001,4.0,40.0,Organic Search,Bronze,3323.78
CUST010862,0.9783,1,3397.27,2.0,301.0,Paid Social,Bronze,3323.55
CUST016174,0.9868,1,3367.28,1.0,454.0,Organic Search,Gold,3322.83
CUST013893,0.1202,10,27631.96,9.0,19.0,Email Campaign,Bronze,3321.36
CUST009926,0.2149,9,15445.329999999998,8.0,24.0,Direct,Bronze,3319.2
CUST006776,0.9311,2,3564.7200000000003,2.0,95.0,,Silver,3319.11
CUST003783,0.119,10,27891.6,9.0,39.0,Referral,,3319.1
CUST006952,0.2601,8,12758.82,4.0,11.0,Direct,Bronze,3318.57
CUST009791,0.0401,10,82753.5,16.0,2.0,Email Campaign,Gold,3318.42
CUST002022,0.4921,5,6738.08,1.0,1.0,Paid Social,Bronze,3315.81
CUST000238,0.1558,10,21276.86,9.0,53.0,Organic Search,Bronze,3314.93
CUST015084,0.3721,7,8905.36,4.0,75.0,Paid Social,Bronze,3313.68
CUST007688,0.5205,5,6363.49,1.0,13.0,Paid Social,,3312.2
CUST019963,0.4751,5,6970.0,2.0,99.0,Email Campaign,Silver,3311.45
CUST017324,0.3543,7,9333.130000000001,3.0,171.0,Organic Search,Silver,3306.73
CUST001993,0.4213,6,7847.119999999999,3.0,12.0,Direct,Bronze,3305.99
CUST014512,0.5701,4,5796.08,2.0,203.0,Direct,Bronze,3304.35
CUST016183,0.1847,9,17888.34,8.0,15.0,Paid Social,,3303.98
CUST010445,0.2155,9,15322.74,9.0,31.0,Email Campaign,Silver,3302.05
CUST004221,0.2926,8,11283.68,5.0,129.0,Paid Social,Bronze,3301.6
CUST012967,0.9345,2,3533.0,6.0,112.0,Marketplace,Bronze,3301.59
CUST008501,0.1143,10,28879.39,9.0,30.0,,Gold,3300.91
CUST004477,0.3409,7,9672.009999999998,11.0,27.0,Marketplace,Silver,3297.19
CUST010322,0.2327,9,14162.560000000001,6.0,25.0,Email Campaign,Bronze,3295.63
CUST000735,0.9639,1,3417.12,2.0,268.0,Paid Social,Bronze,3293.76
CUST003698,0.3779,7,8715.6,3.0,33.0,Marketplace,Gold,3293.63
CUST009922,0.2009,9,16387.09,7.0,49.0,Organic Search,Bronze,3292.17
CUST013819,0.3726,7,8831.21,6.0,53.0,Direct,,3290.51
CUST003890,0.2193,9,15004.539999999999,4.0,60.0,Paid Social,Bronze,3290.5
CUST016005,0.4188,6,7853.969999999999,2.0,39.0,,Silver,3289.24
CUST004121,0.2695,8,12191.91,4.0,12.0,Referral,Bronze,3285.72
CUST015221,0.9691,1,3388.95,4.0,201.0,Organic Search,Bronze,3284.23
CUST008136,0.832,3,3946.99,2.0,105.0,Referral,Silver,3283.9
CUST012879,0.2305,9,14243.97,4.0,26.0,Referral,Silver,3283.24
CUST000471,0.9534,2,3443.08,1.0,318.0,Organic Search,Silver,3282.63
CUST007008,0.7459,3,4400.7,2.0,191.0,,Bronze,3282.48
CUST009724,0.1896,9,17305.03,4.0,29.0,Referral,Gold,3281.03
CUST007841,0.2399,9,13672.06,4.0,113.0,Direct,Silver,3279.93
CUST016011,0.9786,1,3349.69,2.0,331.0,Referral,Silver,3278.01
CUST003562,0.9886,1,3315.54,1.0,385.0,Email Campaign,Silver,3277.74
CUST000447,0.4898,5,6689.64,1.0,162.0,Organic Search,Bronze,3276.59
CUST000134,0.956,2,3426.95,2.0,283.0,Email Campaign,Silver,3276.16
CUST015338,0.9805,1,3341.3,2.0,349.0,Email Campaign,Silver,3276.14
CUST005355,0.2785,8,11763.25,6.0,1.0,Referral,Bronze,3276.07
CUST011270,0.9867,1,3319.25,1.0,354.0,Email Campaign,Bronze,3275.1
CUST010800,0.9645,1,3391.8100000000004,2.0,357.0,Paid Social,Silver,3271.4
CUST008865,0.3661,7,8932.61,3.0,31.0,Organic Search,Silver,3270.23
CUST014663,0.9211,2,3549.52,3.0,108.0,Organic Search,Bronze,3269.46
CUST013093,0.1884,9,17351.68,10.0,29.0,Direct,Platinum,3269.06
CUST007610,0.9245,2,3534.5299999999997,3.0,120.0,Paid Social,,3267.67
CUST009146,0.2471,9,13222.65,6.0,38.0,Direct,Silver,3267.32
CUST006429,0.9178,2,3559.2200000000003,5.0,191.0,Organic Search,Bronze,3266.65
CUST016242,0.6482,4,5036.96,1.0,195.0,Paid Social,Bronze,3264.96
CUST002030,0.9629,1,3389.55,2.0,243.0,Paid Social,Gold,3263.8
CUST019299,0.9832,1,3318.13,1.0,253.0,Direct,Bronze,3262.39
CUST008229,0.404,6,8073.33,3.0,25.0,Direct,Bronze,3261.63
CUST008357,0.1439,10,22658.21,7.0,25.0,,Silver,3260.52
CUST011604,0.2407,9,13545.92,8.0,19.0,Referral,Silver,3260.5
CUST018255,0.4248,6,7673.030000000001,4.0,143.0,Referral,Bronze,3259.5
CUST002188,0.9558,2,3410.1,1.0,172.0,Organic Search,Silver,3259.37
CUST018492,0.1165,10,27973.6,9.0,61.0,Referral,Silver,3258.92
CUST018507,0.2448,9,13301.19,6.0,22.0,Direct,Silver,3256.13
CUST003353,0.232,9,14026.91,6.0,2.0,Email Campaign,Silver,3254.24
CUST016197,0.9742,1,3339.79,2.0,243.0,Influencer,Bronze,3253.62
CUST012119,0.5806,4,5603.74,1.0,124.0,Email Campaign,Bronze,3253.53
CUST008309,0.4332,6,7506.26,4.0,4.0,Influencer,Silver,3251.71
CUST001524,0.6186,4,5253.75,3.0,122.0,Referral,Bronze,3249.97
CUST007607,0.2696,8,12031.1,3.0,18.0,Organic Search,Bronze,3243.58
CUST001636,0.9485,2,3419.5699999999997,4.0,168.0,Email Campaign,Silver,3243.46
CUST010899,0.15,10,21618.27,8.0,66.0,Organic Search,,3242.74
CUST017121,0.1118,10,28991.010000000002,9.0,80.0,Referral,Bronze,3241.19
CUST016803,0.8374,3,3870.4700000000003,3.0,99.0,Organic Search,Bronze,3241.13
CUST002402,0.4201,6,7712.280000000001,4.0,43.0,Organic Search,Bronze,3239.93
CUST000584,0.9874,1,3279.9700000000003,3.0,207.0,Influencer,Bronze,3238.64
CUST010346,0.2249,9,14399.45,7.0,3.0,Direct,Silver,3238.44
CUST011146,0.2451,9,13211.57,3.0,5.0,Direct,Silver,3238.16
CUST013607,0.9724,1,3327.96,1.0,316.0,Influencer,Bronze,3236.11
CUST008480,0.9581,2,3377.15,3.0,188.0,Organic Search,Bronze,3235.65
CUST008859,0.4411,6,7332.81,3.0,100.0,Email Campaign,Silver,3234.5
CUST004455,0.3706,7,8727.27,3.0,25.0,Paid Social,Silver,3234.33
CUST016556,0.4438,6,7286.02,1.0,108.0,Email Campaign,Bronze,3233.54
CUST019192,0.4558,6,7093.68,2.0,68.0,Direct,Bronze,3233.3
CUST006364,0.2121,9,15240.31,8.0,115.0,Organic Search,Silver,3232.47
CUST017697,0.9429,2,3427.51,2.0,99.0,Organic Search,Gold,3231.8
CUST011263,0.4059,6,7961.32,4.0,80.0,Influencer,Bronze,3231.5
CUST010629,0.9621,1,3358.08,2.0,214.0,Marketplace,Bronze,3230.81
CUST009917,0.2421,9,13342.369999999999,7.0,13.0,Direct,Bronze,3230.19
CUST018654,0.9772,1,3305.09,4.0,185.0,Influencer,Bronze,3229.73
CUST004639,0.977,1,3304.07,2.0,296.0,Paid Social,Gold,3228.08
CUST006461,0.2208,9,14602.560000000001,5.0,4.0,Direct,Silver,3224.25
CUST015889,0.3643,7,8847.77,3.0,96.0,Marketplace,Bronze,3223.24
CUST015303,0.6602,4,4882.18,3.0,107.0,Direct,Bronze,3223.22
CUST014733,0.0622,10,51812.8,11.0,17.0,Direct,Gold,3222.76
CUST007948,0.1915,9,16826.39,7.0,13.0,Paid Social,Silver,3222.25
CUST000780,0.9595,2,3356.88,2.0,154.0,,Silver,3220.93
CUST010691,0.2522,9,12769.59,5.0,21.0,Referral,Bronze,3220.49
CUST009483,0.9908,1,3247.45,2.0,284.0,Organic Search,Silver,3217.57
CUST010485,0.3934,7,8174.74,2.0,72.0,Organic Search,Platinum,3215.94
CUST011213,0.5031,5,6388.52,2.0,34.0,Referral,Bronze,3214.06
CUST010269,0.9862,1,3258.73,1.0,454.0,Referral,Bronze,3213.76
CUST003720,0.2181,9,14721.89,8.0,51.0,Organic Search,Bronze,3210.84
CUST004719,0.1973,9,16243.3,10.0,26.0,Email Campaign,Gold,3204.8
CUST007403,0.99,1,3237.04,2.0,296.0,Direct,Gold,3204.67
CUST016043,0.2592,8,12359.23,6.0,39.0,,,3203.51
CUST015842,0.2731,8,11725.72,5.0,64.0,Influencer,Bronze,3202.29
CUST004703,0.8551,3,3744.75,1.0,54.0,Influencer,Bronze,3202.14
CUST005828,0.3779,7,8471.71,4.0,24.0,Paid Social,Silver,3201.46
CUST012871,0.2681,8,11940.75,7.0,18.0,Paid Social,,3201.32
CUST009919,0.3018,8,10598.45,4.0,116.0,,Bronze,3198.61
CUST019932,0.8812,3,3627.71,3.0,132.0,Paid Social,Bronze,3196.74
CUST000309,0.3998,6,7995.67,3.0,105.0,Referral,Bronze,3196.67
CUST016702,0.176,9,18162.69,6.0,3.0,Referral,Silver,3196.63
CUST003440,0.4834,5,6605.14,1.0,36.0,,Silver,3192.92
CUST009266,0.2578,9,12383.59,6.0,103.0,Email Campaign,Bronze,3192.49
CUST011993,0.0555,10,57514.79,13.0,36.0,Paid Social,Platinum,3192.07
CUST017455,0.4653,6,6857.51,3.0,47.0,Organic Search,Bronze,3190.8
CUST000634,0.3434,7,9291.710000000001,2.0,10.0,Email Campaign,Bronze,3190.77
CUST012293,0.3313,8,9623.7,4.0,44.0,Referral,Platinum,3188.33
CUST013308,0.3462,7,9208.67,7.0,38.0,Email Campaign,Bronze,3188.04
CUST013346,0.4463,6,7142.5199999999995,3.0,9.0,Direct,Bronze,3187.71
CUST013625,0.2736,8,11647.79,6.0,117.0,Referral,Bronze,3186.84
CUST012894,0.9617,1,3313.4,4.0,189.0,Organic Search,Bronze,3186.5
CUST014590,0.3609,7,8823.31,6.0,101.0,Organic Search,Silver,3184.33
CUST003039,0.457,6,6967.77,4.0,53.0,,Bronze,3184.27
CUST013323,0.2681,8,11876.02,9.0,5.0,Organic Search,Bronze,3183.96
CUST019696,0.9433,2,3368.0,1.0,290.0,Direct,Silver,3177.03
CUST005965,0.3364,7,9441.650000000001,8.0,16.0,Organic Search,Bronze,3176.17
CUST002419,0.967,1,3283.9700000000003,1.0,319.0,Direct,Platinum,3175.6
CUST015319,0.3249,8,9768.84,3.0,18.0,Organic Search,Bronze,3173.9
CUST007028,0.4885,5,6497.0599999999995,3.0,14.0,Email Campaign,Bronze,3173.81
CUST013065,0.1443,10,21990.920000000002,8.0,20.0,Direct,Gold,3173.29
CUST003859,0.2773,8,11439.79,5.0,19.0,,Silver,3172.25
CUST009456,0.1442,10,21997.93,6.0,69.0,Influencer,Silver,3172.1
CUST011301,0.9513,2,3331.84,1.0,397.0,Influencer,Bronze,3169.58
CUST002640,0.438,6,7236.35,3.0,21.0,Influencer,Silver,3169.52
CUST007308,0.9622,1,3293.58,3.0,206.0,Organic Search,Bronze,3169.08
CUST001693,0.9426,2,3359.5,5.0,163.0,Paid Social,Silver,3166.66
CUST017727,0.212,9,14936.48,6.0,10.0,Referral,Bronze,3166.53
CUST005337,0.3985,6,7943.75,3.0,8.0,Paid Social,,3165.58
CUST002282,0.1295,10,24440.27,7.0,39.0,Organic Search,,3165.01
CUST008466,0.6569,4,4815.89,1.0,129.0,Organic Search,Bronze,3163.56
CUST011314,0.9398,2,3365.55,1.0,433.0,Email Campaign,,3162.94
CUST017531,0.909,2,3478.6,1.0,86.0,Influencer,Bronze,3162.05
CUST019727,0.1674,10,18886.699999999997,8.0,26.0,Marketplace,Silver,3161.63
CUST002067,0.5679,4,5566.84,2.0,104.0,,Bronze,3161.41
CUST003037,0.2584,8,12215.66,2.0,93.0,Referral,Silver,3156.53
CUST008436,0.1737,9,18165.84,5.0,62.0,Organic Search,Bronze,3155.41
CUST011505,0.9532,2,3310.14,1.0,209.0,Paid Social,Bronze,3155.23
CUST002182,0.4682,6,6735.17,3.0,60.0,Marketplace,,3153.41
CUST011649,0.3237,8,9738.91,3.0,84.0,Marketplace,Silver,3152.49
CUST000687,0.531,5,5934.28,2.0,4.0,Marketplace,Bronze,3151.1
CUST017836,0.38,7,8291.5,6.0,101.0,Paid Social,Bronze,3150.77
CUST015964,0.1192,10,26420.7,11.0,7.0,Direct,,3149.35
CUST008060,0.9784,1,3218.38,3.0,319.0,,Bronze,3148.86
CUST006349,0.2209,9,14247.98,8.0,118.0,Organic Search,Bronze,3147.38
CUST019896,0.969,1,3247.61,4.0,182.0,Organic Search,Platinum,3146.93
CUST001238,0.9142,2,3441.61,1.0,109.0,Referral,Silver,3146.32
CUST016083,0.6603,4,4763.45,1.0,283.0,Direct,Bronze,3145.31
CUST010518,0.9717,1,3236.07,2.0,205.0,Email Campaign,Gold,3144.49
CUST006853,0.4711,5,6674.24,2.0,32.0,Email Campaign,Platinum,3144.23
CUST008658,0.2511,9,12516.17,3.0,103.0,Email Campaign,Silver,3142.81
CUST002222,0.1154,10,27228.199999999997,11.0,68.0,Email Campaign,Silver,3142.13
CUST007829,0.2749,8,11429.72,5.0,0.0,Referral,Silver,3142.03
CUST006954,0.9828,1,3195.91,4.0,282.0,Paid Social,,3140.94
CUST003396,0.3778,7,8312.89,5.0,31.0,Email Campaign,Bronze,3140.61
CUST009250,0.3502,7,8964.44,3.0,55.0,Direct,Bronze,3139.35
CUST006764,0.4035,6,7780.030000000001,4.0,89.0,Marketplace,Gold,3139.24
CUST011919,0.9307,2,3369.99,2.0,137.0,,Bronze,3136.45
CUST007707,0.374,7,8385.73,2.0,121.0,Email Campaign,Silver,3136.26
CUST009800,0.3113,8,10072.8,4.0,62.0,Organic Search,Silver,3135.66
CUST013566,0.9598,2,3266.85,2.0,296.0,Organic Search,,3135.52
CUST016503,0.2031,9,15436.49,6.0,17.0,Referral,Silver,3135.15
CUST009147,0.6046,4,5184.47,2.0,117.0,Organic Search,Bronze,3134.53
CUST004539,0.2383,9,13151.63,8.0,164.0,Organic Search,Bronze,3134.03
CUST003694,0.4212,6,7439.76,3.0,28.0,,,3133.63
CUST019801,0.4044,6,7745.55,1.0,123.0,Organic Search,Bronze,3132.3
CUST017792,0.2499,9,12532.439999999999,10.0,29.0,Organic Search,Gold,3131.86
CUST019877,0.2299,9,13621.81,5.0,32.0,Referral,Bronze,3131.65
CUST012030,0.2574,9,12165.11,10.0,6.0,Direct,Silver,3131.3
CUST010797,0.9538,2,3282.04,2.0,162.0,Direct,Bronze,3130.41
CUST017643,0.9881,1,3165.49,2.0,312.0,,Platinum,3127.82
CUST013215,0.8321,3,3757.02,2.0,314.0,Influencer,Gold,3126.22
CUST010856,0.7706,3,4056.35,1.0,149.0,Organic Search,Silver,3125.82
CUST018796,0.1868,9,16730.77,7.0,66.0,Email Campaign,Platinum,3125.31
CUST014046,0.8414,3,3714.11,3.0,61.0,,Silver,3125.05
CUST002487,0.977,1,3198.43,1.0,215.0,Organic Search,Bronze,3124.87
CUST013024,0.9097,2,3434.94,1.0,153.0,,Silver,3124.76
CUST011202,0.9804,1,3182.17,1.0,320.0,Influencer,Bronze,3119.8
CUST009843,0.5193,5,6007.14,2.0,119.0,Organic Search,,3119.51
CUST006604,0.5784,4,5391.65,2.0,125.0,Organic Search,Silver,3118.53
CUST013000,0.6394,4,4876.58,4.0,85.0,Organic Search,Bronze,3118.09
CUST009553,0.5018,5,6213.35,2.0,8.0,Direct,Silver,3117.86
CUST015534,0.9807,1,3178.72,2.0,353.0,Paid Social,Bronze,3117.37
CUST000116,0.2503,9,12450.24,5.0,22.0,Direct,Bronze,3116.3
CUST016446,0.151,10,20610.85,10.0,75.0,Direct,Bronze,3112.24
CUST018456,0.5321,5,5846.89,1.0,21.0,Organic Search,Silver,3111.13
CUST000169,0.4169,6,7461.48,3.0,3.0,Paid Social,Bronze,3110.69
CUST019813,0.6663,4,4666.91,2.0,108.0,Paid Social,Bronze,3109.56
CUST015389,0.2154,9,14430.55,7.0,75.0,Email Campaign,Silver,3108.34
CUST009055,0.9512,2,3267.11,2.0,107.0,Organic Search,Silver,3107.68
CUST018149,0.3447,7,9015.29,3.0,5.0,Marketplace,Bronze,3107.57
CUST010636,0.3513,7,8845.61,4.0,10.0,,Silver,3107.46
CUST018736,0.2751,8,11284.769999999999,2.0,2.0,Marketplace,Bronze,3104.44
CUST015844,0.2392,9,12966.23,4.0,12.0,Paid Social,Gold,3101.52
CUST001899,0.9852,1,3147.67,3.0,263.0,Referral,Bronze,3101.08
CUST014368,0.9791,1,3166.48,2.0,243.0,Referral,Bronze,3100.3
CUST002662,0.9889,1,3133.87,1.0,310.0,Organic Search,Gold,3099.08
CUST016515,0.937,2,3306.68,4.0,160.0,Email Campaign,Gold,3098.36
CUST009887,0.1949,9,15896.42,7.0,102.0,Referral,Bronze,3098.21
CUST006386,0.9466,2,3272.41,2.0,172.0,,Gold,3097.66
CUST016294,0.9676,1,3201.2799999999997,3.0,229.0,Paid Social,,3097.56
CUST004667,0.3258,8,9506.82,5.0,25.0,Referral,Bronze,3097.32
CUST000516,0.1984,9,15608.54,5.0,40.0,Organic Search,Platinum,3096.73
CUST018368,0.3351,7,9237.08,6.0,221.0,Email Campaign,Bronze,3095.35
CUST003606,0.1987,9,15574.550000000001,10.0,22.0,Organic Search,Platinum,3094.66
CUST010931,0.9378,2,3299.6,1.0,251.0,Organic Search,Bronze,3094.36
CUST015364,0.9119,2,3392.37,3.0,121.0,Email Campaign,Silver,3093.5
CUST008053,0.6964,4,4441.49,3.0,62.0,Marketplace,Bronze,3093.05
CUST019231,0.0634,10,48684.58,15.0,25.0,Organic Search,Platinum,3086.6
CUST001629,0.4957,5,6223.9,2.0,121.0,Influencer,Bronze,3085.19
CUST012139,0.9909,1,3113.4700000000003,3.0,272.0,Referral,,3085.14
CUST004278,0.1256,10,24556.53,12.0,49.0,Email Campaign,Bronze,3084.3
CUST014737,0.2112,9,14586.91,7.0,19.0,Influencer,Bronze,3080.76
CUST015812,0.3502,7,8794.93,2.0,4.0,Referral,Bronze,3079.98
CUST000901,0.7871,3,3912.47,1.0,86.0,Direct,Bronze,3079.51
CUST014403,0.44,6,6998.23,6.0,106.0,Organic Search,Silver,3079.22
CUST008240,0.2639,8,11664.05,3.0,18.0,Referral,Platinum,3078.14
CUST011681,0.2596,8,11856.16,4.0,4.0,Influencer,Bronze,3077.86
CUST004836,0.3091,8,9953.36,8.0,59.0,Email Campaign,Bronze,3076.58
CUST013482,0.9314,2,3302.8900000000003,3.0,102.0,Influencer,Silver,3076.31
CUST008918,0.6145,4,5004.02,1.0,53.0,,Bronze,3074.97
CUST019010,0.1644,10,18703.91,7.0,35.0,Paid Social,Silver,3074.92
CUST017130,0.5038,5,6102.82,3.0,1.0,Influencer,Bronze,3074.6
CUST004451,0.9733,1,3157.97,2.0,181.0,Paid Social,Gold,3073.65
CUST009355,0.4502,6,6826.26,3.0,53.0,Direct,Bronze,3073.18
CUST019600,0.8746,3,3513.54,2.0,108.0,Direct,Bronze,3072.94
CUST006965,0.9905,1,3101.63,1.0,439.0,,Silver,3072.16
CUST012367,0.9636,1,3187.91,2.0,170.0,Organic Search,Gold,3071.87
CUST007327,0.3268,8,9399.02,3.0,120.0,Direct,Silver,3071.6
CUST013739,0.3177,8,9666.310000000001,5.0,153.0,Organic Search,,3070.99
CUST018370,0.0403,10,76200.34,12.0,41.0,Referral,Gold,3070.87
CUST009988,0.1625,10,18893.59,7.0,31.0,Referral,,3070.21
CUST015198,0.5185,5,5917.66,1.0,71.0,Paid Social,Gold,3068.31
CUST002826,0.1353,10,22672.47,7.0,10.0,Referral,Bronze,3067.59
CUST011269,0.4916,5,6235.55,1.0,23.0,,Bronze,3065.4
CUST015101,0.1495,10,20492.68,7.0,128.0,Direct,Silver,3063.66
CUST012737,0.3799,7,8059.88,3.0,24.0,Organic Search,Platinum,3061.95
CUST001762,0.3066,8,9984.68,6.0,11.0,,Bronze,3061.3
CUST004432,0.4129,6,7408.84,1.0,36.0,Referral,Gold,3059.11
CUST016601,0.2736,8,11179.71,5.0,108.0,Email Campaign,Bronze,3058.77
CUST003597,0.2471,9,12378.02,6.0,37.0,Organic Search,Silver,3058.61
CUST013514,0.1751,9,17457.39,7.0,33.0,Organic Search,Silver,3056.79
CUST016629,0.9191,2,3323.6,2.0,97.0,Influencer,Gold,3054.72
CUST000736,0.9347,2,3267.93,1.0,417.0,Paid Social,Bronze,3054.53
CUST015362,0.3543,7,8621.06,8.0,54.0,Organic Search,Bronze,3054.44
CUST016072,0.199,9,15334.429999999998,6.0,77.0,Direct,Bronze,3051.55
CUST018903,0.353,7,8640.06,7.0,51.0,Paid Social,Bronze,3049.94
CUST013882,0.9178,2,3321.54,1.0,409.0,Referral,Silver,3048.51
CUST010803,0.9913,1,3075.05,1.0,350.0,Direct,Bronze,3048.3
CUST013773,0.2723,8,11193.91,5.0,35.0,Organic Search,Bronze,3048.1
CUST000153,0.0784,10,38874.59,14.0,15.0,,Silver,3047.77
CUST007670,0.2477,9,12298.09,3.0,31.0,Referral,,3046.24
CUST005865,0.939,2,3243.8999999999996,3.0,168.0,Organic Search,Bronze,3046.02
CUST001217,0.1543,10,19737.27,6.0,20.0,Marketplace,Silver,3045.46
CUST900037,0.301,8,10117.22,8.0,85.0,,Silver,3045.28
CUST006543,0.1256,10,24244.050000000003,14.0,11.0,Referral,,3045.05
CUST013372,0.1162,10,26202.66,7.0,1.0,Referral,Gold,3044.75
CUST002889,0.4717,5,6454.24,1.0,19.0,Paid Social,Silver,3044.47
CUST006050,0.9479,2,3211.79,1.0,125.0,,Silver,3044.46
CUST013761,0.1541,10,19747.28,6.0,26.0,Organic Search,Gold,3043.06
CUST017811,0.9788,1,3108.94,5.0,336.0,Organic Search,Bronze,3043.03
CUST016134,0.6245,4,4872.55,2.0,211.0,Marketplace,Bronze,3042.91
CUST018429,0.3119,8,9752.07,3.0,5.0,Paid Social,Bronze,3041.67
CUST007984,0.3426,7,8876.470000000001,2.0,55.0,Direct,Bronze,3041.08
CUST011030,0.5428,5,5600.15,3.0,50.0,Paid Social,Bronze,3039.76
CUST008710,0.1027,10,29589.95,13.0,6.0,Referral,Platinum,3038.89
CUST011457,0.4088,6,7427.120000000001,4.0,77.0,Paid Social,Gold,3036.21
CUST012790,0.1249,10,24308.17,9.0,31.0,Referral,Gold,3036.09
CUST019726,0.5496,5,5522.3,1.0,125.0,,Bronze,3035.06
CUST016377,0.3474,7,8734.15,2.0,183.0,Influencer,Gold,3034.24
CUST004830,0.536,5,5656.54,1.0,106.0,Direct,Bronze,3031.91
CUST009854,0.2567,9,11803.52,6.0,25.0,Organic Search,Bronze,3029.96
CUST017465,0.0553,10,54773.020000000004,14.0,15.0,Direct,Bronze,3028.95
CUST004261,0.4279,6,7074.339999999999,4.0,22.0,Paid Social,Bronze,3027.11
CUST009292,0.2145,9,14103.52,8.0,98.0,Organic Search,Bronze,3025.21
CUST003955,0.1568,10,19289.62,13.0,46.0,Organic Search,Gold,3024.61
CUST014298,0.9309,2,3248.9300000000003,2.0,155.0,Paid Social,Gold,3024.43
CUST010748,0.3065,8,9858.53,6.0,39.0,,Gold,3021.64
CUST008170,0.1349,10,22366.0,8.0,6.0,Organic Search,Silver,3017.17
CUST013317,0.6424,4,4694.22,1.0,411.0,Influencer,Bronze,3015.57
CUST019030,0.9739,1,3096.13,3.0,307.0,Paid Social,Bronze,3015.32
CUST003265,0.2721,8,11075.99,7.0,1.0,Direct,Bronze,3013.78
CUST010496,0.9437,2,3192.98,1.0,281.0,Organic Search,Bronze,3013.22
CUST012545,0.2817,8,10695.86,9.0,22.0,Marketplace,Bronze,3013.02
CUST016101,0.3385,7,8900.5,8.0,13.0,Direct,Silver,3012.82
CUST010692,0.3188,8,9448.72,1.0,134.0,Referral,Silver,3012.25
CUST004295,0.2744,8,10972.33,7.0,26.0,Paid Social,Silver,3010.81
CUST016227,0.2879,8,10451.3,6.0,26.0,Organic Search,Bronze,3008.93
CUST011773,0.8951,3,3359.79,2.0,164.0,Direct,Bronze,3007.35
CUST006047,0.265,8,11340.72,5.0,57.0,Influencer,Silver,3005.29
CUST011851,0.6112,4,4909.79,2.0,54.0,Paid Social,Bronze,3000.86
CUST003011,0.954,2,3145.2,2.0,222.0,Paid Social,Bronze,3000.52
CUST003055,0.3842,7,7806.860000000001,5.0,98.0,Email Campaign,Silver,2999.4
CUST019124,0.4709,5,6368.48,2.0,218.0,,Platinum,2998.92
CUST007620,0.2901,8,10335.09,3.0,39.0,Direct,Gold,2998.21
CUST016609,0.2123,9,14119.56,8.0,4.0,Email Campaign,Bronze,2997.58
CUST004141,0.9035,3,3317.4700000000003,3.0,149.0,Marketplace,Bronze,2997.33
CUST017796,0.9063,3,3306.94,7.0,178.0,Email Campaign,Bronze,2997.08
CUST013728,0.9664,1,3099.63,2.0,183.0,Paid Social,Gold,2995.48
CUST002251,0.4911,5,6097.45,1.0,24.0,Direct,Bronze,2994.46
CUST019413,0.3359,7,8913.69,2.0,90.0,Organic Search,Bronze,2994.11
CUST007370,0.3937,7,7604.59,1.0,9.0,Influencer,Bronze,2993.93
CUST001962,0.4027,6,7432.710000000001,4.0,12.0,Organic Search,Gold,2993.15
CUST006661,0.6049,4,4947.530000000001,2.0,413.0,,Silver,2992.76
CUST006034,0.1064,10,28114.78,9.0,35.0,,Silver,2991.41
CUST001849,0.504,5,5934.74,3.0,11.0,Organic Search,Bronze,2991.11
CUST013470,0.9779,1,3055.9800000000005,2.0,409.0,Paid Social,Gold,2988.44
CUST001427,0.2458,9,12152.42,6.0,19.0,Organic Search,Bronze,2987.06
CUST013942,0.419,6,7128.549999999999,2.0,12.0,Paid Social,Bronze,2986.86
CUST011962,0.1015,10,29418.49,9.0,1.0,Organic Search,Bronze,2985.98
CUST017983,0.3594,7,8307.87,6.0,63.0,Email Campaign,Bronze,2985.85
CUST010747,0.4956,5,6022.139999999999,2.0,119.0,Email Campaign,Bronze,2984.57
CUST009647,0.4004,6,7450.1,3.0,8.0,Marketplace,Silver,2983.02
CUST008817,0.5208,5,5725.44,1.0,110.0,Paid Social,Gold,2981.81
CUST006560,0.5135,5,5804.98,2.0,127.0,Referral,Bronze,2980.86
CUST002166,0.8219,3,3625.31,4.0,65.0,,,2979.64
CUST005943,0.962,1,3095.96,2.0,330.0,Marketplace,Bronze,2978.31
CUST003585,0.3665,7,8121.92,7.0,11.0,Organic Search,Bronze,2976.68
CUST011443,0.1905,9,15622.460000000001,10.0,32.0,,Silver,2976.08
CUST006061,0.4774,5,6233.84,2.0,260.0,Marketplace,Silver,2976.04
CUST008194,0.1639,10,18157.510000000002,8.0,30.0,Organic Search,Platinum,2976.02
CUST011357,0.3764,7,7905.879999999999,5.0,6.0,,Bronze,2975.77
CUST009903,0.4639,6,6412.24,1.0,103.0,Influencer,Bronze,2974.64
CUST014995,0.0812,10,36630.12,10.0,9.0,Direct,Bronze,2974.37
CUST002363,0.9659,1,3075.5299999999997,2.0,267.0,Email Campaign,Gold,2970.65
CUST002208,0.2674,8,11106.18,7.0,40.0,Referral,Bronze,2969.79
CUST014790,0.4071,6,7294.18,2.0,68.0,Paid Social,Gold,2969.46
CUST002627,0.9419,2,3151.66,2.0,100.0,Direct,Bronze,2968.55
CUST010347,0.9191,2,3229.12,1.0,174.0,Organic Search,Bronze,2967.88
CUST018477,0.6172,4,4807.2,3.0,33.0,Paid Social,,2967.0
CUST006828,0.2644,8,11212.6,5.0,135.0,Email Campaign,Gold,2964.61
CUST016219,0.4737,5,6258.25,4.0,4.0,Organic Search,Gold,2964.53
CUST010511,0.9903,1,2993.02,2.0,319.0,Paid Social,Bronze,2963.99
CUST012147,0.1709,9,17338.3,8.0,41.0,Referral,Gold,2963.12
CUST008785,0.1916,9,15448.07,9.0,32.0,,Gold,2959.85
CUST000209,0.6076,4,4868.47,1.0,31.0,Paid Social,Bronze,2958.08
CUST000910,0.45,6,6567.92,5.0,4.0,Paid Social,Silver,2955.56
CUST002885,0.9654,1,3059.25,4.0,326.0,Direct,Bronze,2953.4
CUST006716,0.9341,2,3161.7,4.0,192.0,Marketplace,Silver,2953.34
CUST005107,0.6392,4,4619.639999999999,2.0,420.0,Paid Social,Platinum,2952.87
CUST001867,0.9591,2,3077.2,1.0,225.0,Paid Social,Bronze,2951.34
CUST016339,0.5068,5,5821.400000000001,3.0,20.0,Referral,Gold,2950.29
CUST011331,0.5481,5,5382.48,2.0,33.0,Organic Search,Gold,2950.14
CUST004083,0.1768,9,16685.04,6.0,10.0,Referral,Platinum,2949.92
CUST018993,0.504,5,5851.67,2.0,51.0,Organic Search,Gold,2949.24
CUST001469,0.9269,2,3181.0200000000004,2.0,237.0,Paid Social,Platinum,2948.49
CUST009635,0.9876,1,2984.4700000000003,2.0,306.0,Email Campaign,Bronze,2947.46
CUST006988,0.4394,6,6700.09,3.0,61.0,Marketplace,Bronze,2944.02
CUST000037,0.485,5,6068.74,3.0,70.0,Referral,Gold,2943.34
CUST012181,0.3483,7,8450.16,4.0,52.0,Direct,Bronze,2943.19
CUST011332,0.2114,9,13916.16,5.0,76.0,Marketplace,Silver,2941.88
CUST008520,0.3505,7,8392.54,1.0,50.0,Paid Social,Bronze,2941.59
CUST006834,0.2161,9,13603.11,13.0,3.0,Referral,Platinum,2939.63
CUST014326,0.4252,6,6910.65,2.0,47.0,,Bronze,2938.41
CUST003448,0.9399,2,3125.76,1.0,112.0,Marketplace,Bronze,2937.9
CUST008602,0.1626,10,18061.22,13.0,19.0,Email Campaign,,2936.75
CUST003711,0.071,10,41360.84,9.0,11.0,Direct,Platinum,2936.62
CUST000784,0.5537,5,5303.040000000001,3.0,150.0,Influencer,Silver,2936.29
CUST014762,0.9892,1,2965.47,2.0,311.0,,Bronze,2933.44
CUST000077,0.9249,2,3164.83,1.0,125.0,Influencer,Silver,2927.15
CUST014000,0.9502,2,3080.25,1.0,327.0,Influencer,Bronze,2926.85
CUST011796,0.4271,6,6846.49,2.0,45.0,Organic Search,Bronze,2924.14
CUST009680,0.3008,8,9719.3,4.0,49.0,Organic Search,Silver,2923.57
CUST012363,0.3209,8,9110.09,5.0,45.0,Paid Social,,2923.43
CUST009317,0.9797,1,2984.01,4.0,191.0,Marketplace,Platinum,2923.43
CUST002242,0.9842,1,2969.66,1.0,280.0,Paid Social,Silver,2922.74
CUST007566,0.9539,2,3062.75,4.0,185.0,Marketplace,Silver,2921.56
CUST008739,0.9511,2,3070.68,1.0,246.0,Email Campaign,Gold,2920.52
CUST011683,0.4753,5,6144.21,5.0,138.0,Influencer,Bronze,2920.34
CUST000127,0.055,10,53069.48,16.0,41.0,Direct,Silver,2918.82
CUST015549,0.3109,8,9385.73,6.0,37.0,Organic Search,,2918.02
CUST004655,0.267,8,10928.66,4.0,5.0,Organic Search,Silver,2917.95
CUST012995,0.2035,9,14338.51,4.0,8.0,Organic Search,Gold,2917.89
CUST014205,0.3828,7,7622.139999999999,2.0,39.0,Paid Social,Bronze,2917.76
CUST012723,0.9757,1,2989.49,1.0,250.0,Referral,Bronze,2916.85
CUST000622,0.8202,3,3556.18,1.0,72.0,Organic Search,Silver,2916.78
CUST002829,0.6701,4,4351.92,3.0,109.0,Paid Social,Bronze,2916.22
CUST016924,0.3609,7,8077.9,4.0,108.0,,Gold,2915.31
CUST007127,0.9696,1,3005.66,3.0,324.0,Influencer,Silver,2914.29
CUST018662,0.1886,9,15451.3,7.0,11.0,Email Campaign,Bronze,2914.12
CUST011087,0.913,2,3189.86,1.0,255.0,Referral,Bronze,2912.34
CUST000049,0.9835,1,2960.13,1.0,312.0,Organic Search,,2911.29
CUST011024,0.985,1,2955.43,2.0,438.0,Influencer,Silver,2911.1
CUST004096,0.943,2,3086.83,3.0,172.0,Referral,Bronze,2910.88
CUST016936,0.4498,6,6470.24,2.0,29.0,,,2910.31
CUST013526,0.2029,9,14341.67,6.0,81.0,Paid Social,Silver,2909.92
CUST000570,0.6173,4,4713.9,2.0,116.0,,,2909.89
CUST009187,0.2115,9,13755.64,5.0,75.0,,Gold,2909.32
CUST016832,0.158,10,18408.88,8.0,58.0,Referral,Bronze,2908.6
CUST003701,0.1321,10,22007.05,10.0,61.0,Organic Search,Platinum,2907.13
CUST017281,0.6608,4,4399.219999999999,2.0,61.0,Organic Search,Bronze,2907.0
CUST018083,0.6443,4,4509.0,1.0,310.0,Influencer,,2905.15
CUST008870,0.4491,6,6467.39,4.0,95.0,,Bronze,2904.5
CUST002371,0.9646,1,3010.28,1.0,172.0,Paid Social,Bronze,2903.72
CUST012060,0.9489,2,3057.19,9.0,270.0,Referral,Gold,2900.97
CUST010676,0.7459,3,3886.44,5.0,104.0,Paid Social,Bronze,2898.9
CUST017542,0.1932,9,15000.05,10.0,12.0,Organic Search,Platinum,2898.01
CUST006382,0.8822,3,3284.39,1.0,68.0,Direct,Bronze,2897.49
CUST018448,0.947,2,3058.45,2.0,260.0,Organic Search,Silver,2896.35
CUST010472,0.253,9,11445.029999999999,2.0,41.0,Referral,Platinum,2895.59
CUST017750,0.3932,7,7364.16,2.0,56.0,Referral,Silver,2895.59
CUST006440,0.3365,7,8602.65,3.0,136.0,Paid Social,Bronze,2894.79
CUST005815,0.4747,5,6093.0,1.0,6.0,Organic Search,Bronze,2892.35
CUST001257,0.2661,8,10865.45,5.0,13.0,Direct,,2891.3
CUST005168,0.9696,1,2981.93,5.0,262.0,Email Campaign,Bronze,2891.28
CUST002213,0.6399,4,4518.22,2.0,120.0,Influencer,Platinum,2891.21
CUST008036,0.5453,5,5301.429999999999,5.0,88.0,,Bronze,2890.87
CUST011042,0.0516,10,56020.11,14.0,16.0,,Gold,2890.64
CUST000508,0.4202,6,6875.610000000001,4.0,75.0,Email Campaign,Platinum,2889.13
CUST015484,0.5184,5,5571.14,1.0,335.0,Paid Social,Gold,2888.08
CUST000311,0.2192,9,13170.92,6.0,5.0,Email Campaign,Silver,2887.07
CUST009378,0.3401,7,8487.86,5.0,102.0,Organic Search,Silver,2886.72
CUST000316,0.7905,3,3649.3199999999997,2.0,111.0,Referral,Silver,2884.79
CUST016176,0.9621,1,2997.14,1.0,407.0,,Silver,2883.55
CUST005493,0.3404,7,8462.47,4.0,39.0,,Platinum,2880.62
CUST010301,0.3869,7,7443.7699999999995,6.0,108.0,Influencer,Silver,2879.99
CUST014678,0.3871,7,7436.12,1.0,7.0,Paid Social,Silver,2878.52
CUST014039,0.3086,8,9323.45,6.0,9.0,Email Campaign,Silver,2877.22
CUST011191,0.4318,6,6658.37,1.0,131.0,Referral,Gold,2875.08
CUST004613,0.3022,8,9509.710000000001,5.0,33.0,Organic Search,Bronze,2873.83
CUST007634,0.2438,9,11781.36,8.0,51.0,,Gold,2872.3
CUST001555,0.5095,5,5637.26,2.0,54.0,Organic Search,Silver,2872.18
CUST016018,0.229,9,12537.08,5.0,68.0,Referral,Gold,2870.99
CUST018259,0.3346,7,8578.68,3.0,67.0,Referral,Bronze,2870.43
CUST005955,0.7923,3,3622.4900000000002,2.0,97.0,Paid Social,Gold,2870.1
CUST012824,0.4111,6,6975.130000000001,4.0,77.0,Organic Search,Bronze,2867.48
CUST018326,0.2466,9,11626.7,5.0,4.0,Direct,Bronze,2867.14
CUST012042,0.4575,6,6266.92,3.0,7.0,Paid Social,,2867.12
CUST014176,0.9056,3,3163.99,3.0,110.0,Influencer,Bronze,2865.31
CUST016425,0.1071,10,26725.68,18.0,24.0,Direct,,2862.32
CUST002661,0.3073,8,9311.48,1.0,50.0,Referral,Platinum,2861.42
CUST007553,0.9811,1,2915.92,4.0,339.0,Direct,Silver,2860.81
CUST014648,0.3864,7,7401.379999999999,3.0,68.0,Referral,Bronze,2859.89
CUST007842,0.8867,3,3224.16,3.0,196.0,Direct,Bronze,2858.86
CUST003227,0.1184,10,24129.12,10.0,13.0,Email Campaign,Bronze,2856.89
CUST015644,0.3531,7,8087.13,5.0,67.0,Influencer,Bronze,2855.57
CUST007701,0.3373,7,8464.07,6.0,51.0,Organic Search,Bronze,2854.93
CUST014067,0.6972,4,4093.38,5.0,42.0,Paid Social,Bronze,2853.9
CUST010657,0.1821,9,15667.97,9.0,42.0,Organic Search,Silver,2853.14
CUST006584,0.2962,8,9627.29,4.0,7.0,Paid Social,Gold,2851.6
CUST000889,0.5802,4,4913.87,2.0,117.0,Paid Social,Bronze,2851.03
CUST007024,0.0552,10,51629.87,14.0,87.0,Referral,Platinum,2849.97
CUST006998,0.8812,3,3233.25,1.0,66.0,Organic Search,Bronze,2849.14
CUST004187,0.1221,10,23331.13,8.0,117.0,Direct,Bronze,2848.73
CUST001252,0.9593,2,2969.2799999999997,2.0,316.0,Paid Social,Gold,2848.43
CUST016452,0.0554,10,51414.850000000006,20.0,35.0,Email Campaign,Platinum,2848.38
CUST009321,0.432,6,6591.64,2.0,41.0,Influencer,Bronze,2847.59
CUST001321,0.2074,9,13719.37,8.0,28.0,Organic Search,Bronze,2845.4
CUST006655,0.2465,9,11542.05,4.0,37.0,Direct,Bronze,2845.12
CUST002736,0.1578,10,18027.1,10.0,4.0,Paid Social,Bronze,2844.68
CUST007915,0.865,3,3287.09,6.0,101.0,Organic Search,Bronze,2843.33
CUST012760,0.9614,2,2956.7,2.0,226.0,Influencer,Platinum,2842.57
CUST012433,0.4718,5,6023.889999999999,4.0,84.0,Email Campaign,Gold,2842.07
CUST014900,0.7478,3,3800.37,2.0,267.0,Influencer,,2841.92
CUST001558,0.1802,9,15769.57,12.0,14.0,Marketplace,Bronze,2841.68
CUST012334,0.317,8,8954.49,4.0,114.0,Referral,Bronze,2838.57
CUST004721,0.4291,6,6615.07,2.0,12.0,Email Campaign,Silver,2838.53
CUST000651,0.4949,5,5730.42,2.0,18.0,Referral,Silver,2835.98
CUST004217,0.6659,4,4255.14,2.0,111.0,Influencer,Bronze,2833.5
CUST014491,0.5479,5,5169.389999999999,5.0,254.0,Influencer,,2832.31
CUST017609,0.3827,7,7398.26,4.0,44.0,Paid Social,Bronze,2831.31
CUST001575,0.298,8,9500.52,6.0,9.0,Email Campaign,Bronze,2831.15
CUST006660,0.4228,6,6694.320000000001,5.0,25.0,,Bronze,2830.36
CUST010350,0.9192,2,3079.0,3.0,123.0,,Silver,2830.22
CUST001736,0.2361,9,11986.9,6.0,57.0,Paid Social,Bronze,2830.11
CUST016528,0.3226,8,8769.240000000002,3.0,25.0,,Bronze,2828.96
CUST003809,0.9723,1,2907.34,1.0,317.0,Organic Search,Silver,2826.81
CUST007072,0.1838,9,15369.119999999999,7.0,5.0,Direct,Silver,2824.84
CUST005260,0.9807,1,2880.3,3.0,415.0,Paid Social,Gold,2824.71
CUST019215,0.4641,6,6085.38,5.0,146.0,Organic Search,Bronze,2824.22
CUST013820,0.2347,9,12030.11,5.0,67.0,Organic Search,Gold,2823.47
CUST015564,0.9835,1,2870.7,2.0,437.0,Direct,Bronze,2823.33
CUST007146,0.4424,6,6379.47,3.0,127.0,Direct,Bronze,2822.28
CUST007777,0.2266,9,12451.92,7.0,118.0,Organic Search,Silver,2821.61
CUST010241,0.1945,9,14497.88,9.0,16.0,Direct,Silver,2819.84
CUST003641,0.9173,2,3074.07,5.0,123.0,Organic Search,Silver,2819.84
CUST009372,0.7345,3,3838.4,3.0,77.0,Influencer,,2819.3
CUST001066,0.3646,7,7729.14,5.0,34.0,Marketplace,Silver,2818.04
CUST004282,0.0632,10,44560.21,11.0,14.0,Referral,Silver,2816.21
CUST008256,0.1792,9,15714.73,12.0,4.0,Organic Search,Bronze,2816.08
CUST012122,0.7219,4,3898.96,5.0,73.0,Organic Search,Bronze,2814.66
CUST011655,0.141,10,19948.94,8.0,21.0,Referral,Gold,2812.8
CUST001383,0.3736,7,7528.48,7.0,50.0,Paid Social,Platinum,2812.64
CUST013613,0.1437,10,19565.48,8.0,21.0,Referral,Platinum,2811.56
CUST004235,0.382,7,7354.4,2.0,224.0,Direct,Silver,2809.38
CUST018653,0.5432,5,5162.86,1.0,34.0,Paid Social,Silver,2804.47
CUST003350,0.4364,6,6425.99,5.0,32.0,Email Campaign,Silver,2804.3
CUST001098,0.2818,8,9948.95,6.0,87.0,Organic Search,Silver,2803.61
CUST017756,0.139,10,20161.760000000002,10.0,28.0,Referral,Silver,2802.48
CUST011701,0.386,7,7258.450000000001,3.0,123.0,Influencer,Silver,2801.76
CUST015321,0.194,9,14434.52,7.0,11.0,,Platinum,2800.3
CUST014175,0.3916,7,7145.32,6.0,8.0,Organic Search,Bronze,2798.11
CUST008760,0.7528,3,3712.9700000000003,2.0,111.0,Paid Social,Bronze,2795.12
CUST018735,0.7728,3,3616.19,1.0,425.0,Email Campaign,,2794.59
CUST016402,0.4621,6,6045.29,2.0,57.0,Organic Search,Bronze,2793.53
CUST014161,0.3462,7,8068.75,2.0,18.0,Referral,Bronze,2793.4
CUST018591,0.5981,4,4667.219999999999,4.0,184.0,Organic Search,Bronze,2791.46
CUST002027,0.4172,6,6690.42,5.0,54.0,Influencer,Silver,2791.24
CUST009172,0.2044,9,13640.650000000001,6.0,9.0,Paid Social,Bronze,2788.15
CUST010284,0.9246,2,3013.53,2.0,284.0,Organic Search,Silver,2786.31
CUST006017,0.3753,7,7420.5599999999995,5.0,40.0,Referral,Bronze,2784.94
CUST007898,0.4024,6,6919.8099999999995,4.0,25.0,Direct,Silver,2784.53
CUST010790,0.2877,8,9672.14,8.0,43.0,Marketplace,Bronze,2782.67
CUST014124,0.5135,5,5418.96,4.0,56.0,Paid Social,Bronze,2782.64
CUST018295,0.7975,3,3489.03,6.0,69.0,Email Campaign,Silver,2782.5
CUST013312,0.1756,9,15835.09,6.0,103.0,Direct,Silver,2780.64
CUST009433,0.3574,7,7779.49,2.0,5.0,Email Campaign,Silver,2780.39
CUST018693,0.3003,8,9248.01,4.0,89.0,Organic Search,Bronze,2777.18
CUST019453,0.3084,8,9000.470000000001,5.0,15.0,Referral,Silver,2775.74
CUST014910,0.9867,1,2812.59,1.0,454.0,Email Campaign,Silver,2775.18
CUST005411,0.3783,7,7326.49,6.0,58.0,Direct,Bronze,2771.61
CUST013708,0.9287,2,2984.16,2.0,123.0,Paid Social,Silver,2771.39
CUST018995,0.5365,5,5164.06,2.0,28.0,Organic Search,Bronze,2770.52
CUST004275,0.9885,1,2801.46,3.0,300.0,Marketplace,Bronze,2769.24
CUST017784,0.4371,6,6334.14,2.0,4.0,Email Campaign,Bronze,2768.65
CUST019450,0.9247,2,2992.13,4.0,155.0,Email Campaign,Silver,2766.82
CUST002114,0.0297,10,93152.22,16.0,1.0,Referral,Gold,2766.62
CUST007286,0.6203,4,4459.37,2.0,123.0,Direct,Bronze,2766.15
CUST016413,0.3441,7,8033.719999999999,4.0,251.0,Referral,Bronze,2764.4
CUST018258,0.3581,7,7718.34,3.0,16.0,Paid Social,Gold,2763.94
CUST010851,0.9177,2,3010.31,1.0,91.0,Marketplace,Silver,2762.56
CUST012756,0.5324,5,5187.53,2.0,241.0,Paid Social,Silver,2761.84
CUST014624,0.219,9,12610.84,4.0,17.0,Referral,Bronze,2761.77
CUST019647,0.3794,7,7276.29,9.0,23.0,Email Campaign,Silver,2760.62
CUST013186,0.5396,5,5115.08,4.0,24.0,Influencer,Bronze,2760.1
CUST010886,0.4112,6,6710.38,3.0,27.0,Email Campaign,Bronze,2759.31
CUST016882,0.2436,9,11325.08,6.0,105.0,Influencer,Gold,2758.79
CUST015416,0.295,8,9348.6,8.0,68.0,Influencer,Bronze,2757.84
CUST015623,0.4683,6,5884.93,1.0,26.0,Organic Search,Bronze,2755.91
CUST018428,0.2993,8,9204.45,8.0,36.0,Referral,Silver,2754.89
CUST015850,0.7469,3,3687.6099999999997,3.0,86.0,,Silver,2754.28
CUST000762,0.2299,9,11975.44,6.0,2.0,Direct,Bronze,2753.15
CUST010226,0.7665,3,3591.75,3.0,101.0,Influencer,Silver,2753.08
CUST007211,0.9453,2,2911.3599999999997,4.0,148.0,Paid Social,,2752.11
CUST003628,0.5266,5,5225.67,1.0,39.0,Paid Social,Bronze,2751.84
CUST014378,0.9482,2,2902.1,1.0,102.0,,Bronze,2751.77
CUST009460,0.9559,2,2878.59,1.0,328.0,Direct,Bronze,2751.64
CUST006442,0.3907,7,7041.4800000000005,5.0,59.0,Influencer,Bronze,2751.11
CUST008367,0.159,10,17298.98,7.0,18.0,,Silver,2750.54
CUST013590,0.4968,5,5533.88,1.0,55.0,Paid Social,Platinum,2749.23
CUST011483,0.2767,8,9935.57,2.0,2.0,Referral,Silver,2749.17
CUST014382,0.9844,1,2792.64,1.0,437.0,Direct,Bronze,2749.07
CUST005047,0.9688,1,2837.12,3.0,182.0,Email Campaign,Silver,2748.6
CUST003069,0.1183,10,23222.96,10.0,107.0,Organic Search,Gold,2747.28
CUST007480,0.4203,6,6535.07,2.0,117.0,Email Campaign,Bronze,2746.69
CUST009162,0.4605,6,5962.63,1.0,81.0,Organic Search,,2745.79
CUST002947,0.9185,2,2989.1699999999996,2.0,100.0,Paid Social,Bronze,2745.55
CUST013481,0.503,5,5457.6,2.0,189.0,Paid Social,,2745.17
CUST006994,0.9561,2,2870.87,2.0,138.0,Email Campaign,Silver,2744.84
CUST018597,0.1191,10,23040.18,12.0,2.0,Organic Search,Gold,2744.09
CUST010812,0.393,7,6982.139999999999,3.0,12.0,Referral,Bronze,2743.98
CUST008079,0.4037,6,6795.7,2.0,3.0,Organic Search,Gold,2743.42
CUST008794,0.8688,3,3157.2,1.0,43.0,Marketplace,Bronze,2742.98
CUST000844,0.0597,10,45922.6,21.0,5.0,Email Campaign,Bronze,2741.58
CUST016375,0.1525,10,17972.43,7.0,20.0,Influencer,Silver,2740.8
CUST019538,0.6635,4,4129.68,2.0,113.0,Influencer,Bronze,2740.04
CUST007375,0.9876,1,2774.03,1.0,454.0,Referral,Gold,2739.63
CUST018528,0.8656,3,3162.69,8.0,217.0,Direct,Platinum,2737.62
CUST000605,0.3885,7,7046.24,2.0,6.0,Organic Search,Gold,2737.46
CUST016731,0.143,10,19142.08,6.0,37.0,Influencer,,2737.32
CUST002730,0.2266,9,12079.6,7.0,62.0,Email Campaign,Silver,2737.24
CUST019717,0.513,5,5334.030000000001,4.0,5.0,,Silver,2736.36
CUST016061,0.3149,8,8686.859999999999,2.0,11.0,Email Campaign,Bronze,2735.49
CUST008950,0.3953,7,6919.65,3.0,31.0,Organic Search,Gold,2735.34
CUST001500,0.3027,8,9032.67,2.0,31.0,Organic Search,Platinum,2734.19
CUST012603,0.1195,10,22843.18,10.0,17.0,Influencer,Silver,2729.76
CUST017720,0.5849,4,4666.75,2.0,105.0,Email Campaign,Bronze,2729.58
CUST008014,0.4924,5,5540.16,2.0,89.0,Organic Search,Silver,2727.97
CUST013452,0.202,9,13504.4,6.0,107.0,Referral,Bronze,2727.89
CUST001986,0.9555,2,2854.74,1.0,200.0,Organic Search,Bronze,2727.7
CUST017602,0.4191,6,6507.42,4.0,189.0,Direct,Silver,2727.26
CUST008914,0.4511,6,6040.81,1.0,3.0,Marketplace,Bronze,2725.01
CUST013058,0.942,2,2892.35,5.0,235.0,Organic Search,Silver,2724.59
CUST001896,0.4937,5,5518.58,2.0,143.0,Paid Social,Bronze,2724.52
CUST011748,0.1034,10,26347.440000000002,10.0,45.0,Referral,Gold,2724.33
CUST005011,0.987,1,2760.02,1.0,384.0,Organic Search,,2724.14
CUST013614,0.5354,5,5085.46,1.0,54.0,Organic Search,Bronze,2722.76
CUST006810,0.1555,10,17504.29,8.0,76.0,Organic Search,Silver,2721.92
CUST002992,0.851,3,3198.48,1.0,144.0,Marketplace,Bronze,2721.91
CUST015622,0.1973,9,13794.95,4.0,69.0,Referral,Gold,2721.74
CUST011928,0.971,1,2802.96,4.0,191.0,Direct,,2721.67
CUST010710,0.3536,7,7696.72,4.0,89.0,Email Campaign,Silver,2721.56
CUST000005,0.9969,1,2729.36,2.0,326.0,Organic Search,Silver,2720.9
CUST005176,0.2731,8,9962.619999999999,5.0,50.0,Organic Search,Gold,2720.79
CUST001894,0.9429,2,2885.46,2.0,127.0,Marketplace,Gold,2720.7
CUST009399,0.0569,10,47789.93,13.0,11.0,Referral,Gold,2719.25
CUST015902,0.7583,3,3585.52,3.0,44.0,Referral,Gold,2718.9
CUST001554,0.5493,5,4944.4800000000005,2.0,135.0,,Bronze,2716.0
CUST017520,0.9571,2,2837.66,4.0,270.0,,Silver,2715.92
CUST008678,0.9663,1,2809.63,3.0,200.0,,Silver,2714.95
CUST002584,0.3755,7,7229.87,3.0,31.0,Marketplace,Platinum,2714.82
CUST019834,0.2585,8,10500.61,7.0,80.0,Paid Social,Silver,2714.41
CUST002847,0.4635,6,5854.91,1.0,87.0,,Bronze,2713.75
CUST004527,0.8751,3,3100.65,1.0,80.0,Paid Social,Silver,2713.38
CUST001613,0.2244,9,12090.07,6.0,81.0,Referral,Silver,2713.01
CUST004660,0.2033,9,13329.64,4.0,1.0,Referral,Platinum,2709.92
CUST000110,0.2101,9,12897.560000000001,5.0,78.0,Direct,Silver,2709.78
CUST012211,0.9906,1,2735.38,1.0,408.0,Paid Social,Silver,2709.67
CUST014600,0.2071,9,13080.5,8.0,34.0,Referral,Bronze,2708.97
CUST009067,0.1266,10,21385.07,7.0,29.0,Influencer,,2707.35
CUST009865,0.1984,9,13645.51,5.0,70.0,Email Campaign,Silver,2707.27
CUST017689,0.0757,10,35761.08,9.0,31.0,Organic Search,Bronze,2707.11
CUST015957,0.9078,2,2978.7999999999997,4.0,115.0,Organic Search,Silver,2704.15
CUST002404,0.2767,8,9772.21,5.0,101.0,Direct,Gold,2703.97
CUST016509,0.0988,10,27364.519999999997,13.0,15.0,,Bronze,2703.61
CUST001370,0.362,7,7467.799999999999,4.0,127.0,Email Campaign,Bronze,2703.34
CUST016073,0.9356,2,2889.37,2.0,271.0,Organic Search,Bronze,2703.29
CUST005913,0.9612,2,2812.25,2.0,260.0,Organic Search,Bronze,2703.13
CUST015135,0.3345,7,8080.17,7.0,34.0,Email Campaign,Silver,2702.82
CUST018774,0.2515,9,10741.85,6.0,58.0,Organic Search,Silver,2701.58
CUST007351,0.9806,1,2754.2999999999997,2.0,284.0,Marketplace,Bronze,2700.87
CUST007447,0.2007,9,13452.99,6.0,10.0,Influencer,Gold,2700.02
CUST000834,0.1748,9,15443.17,13.0,19.0,Organic Search,,2699.47
CUST017872,0.5064,5,5327.030000000001,3.0,30.0,Paid Social,Bronze,2697.61
CUST018150,0.3147,8,8571.36,1.0,28.0,Referral,Bronze,2697.41
CUST005981,0.0934,10,28849.15,9.0,1.0,Paid Social,Gold,2694.51
CUST004191,0.1251,10,21529.92,10.0,100.0,Organic Search,Gold,2693.39
CUST016388,0.3737,7,7203.39,1.0,24.0,Marketplace,Bronze,2691.91
CUST014561,0.3983,6,6753.26,4.0,41.0,Direct,Silver,2689.82
CUST000459,0.9798,1,2744.62,2.0,348.0,Organic Search,Gold,2689.18
CUST005283,0.3775,7,7121.5599999999995,3.0,1.0,Direct,Silver,2688.39
CUST005358,0.326,8,8245.84,4.0,196.0,Referral,Gold,2688.14
CUST001398,0.2711,8,9914.57,7.0,2.0,Paid Social,Gold,2687.84
CUST016685,0.978,1,2747.84,2.0,213.0,Email Campaign,Silver,2687.39
CUST004989,0.2116,9,12694.82,6.0,48.0,Referral,Silver,2686.22
CUST003685,0.9659,1,2781.0299999999997,5.0,235.0,Paid Social,Platinum,2686.2
CUST002616,0.2306,9,11644.740000000002,4.0,2.0,Email Campaign,Silver,2685.28
CUST015545,0.3244,8,8273.48,5.0,36.0,Email Campaign,Bronze,2683.92
CUST017152,0.4264,6,6293.42,5.0,2.0,,Bronze,2683.51
CUST010257,0.2856,8,9395.76,3.0,26.0,Organic Search,Bronze,2683.43
CUST011702,0.4762,5,5633.93,2.0,23.0,Direct,Bronze,2682.88
CUST002061,0.074,10,36240.07,12.0,2.0,Organic Search,Bronze,2681.77
CUST001810,0.4525,6,5924.29,4.0,216.0,Organic Search,,2680.74
CUST017488,0.5146,5,5208.62,2.0,57.0,Direct,Bronze,2680.36
CUST015304,0.3778,7,7093.5599999999995,2.0,121.0,Direct,Bronze,2679.95
CUST003430,0.3772,7,7104.370000000001,2.0,23.0,Email Campaign,Gold,2679.77
CUST003869,0.2071,9,12935.58,8.0,24.0,Referral,Bronze,2678.96
CUST010336,0.5891,4,4545.97,1.0,265.0,,Gold,2678.03
CUST004914,0.9467,2,2827.32,4.0,198.0,Paid Social,Bronze,2676.62
CUST015942,0.9674,1,2765.45,4.0,298.0,Referral,Bronze,2675.3
CUST000662,0.0803,10,33309.64,12.0,4.0,Organic Search,Gold,2674.76
CUST006818,0.1744,9,15334.36,6.0,40.0,Organic Search,,2674.31
CUST010041,0.207,9,12912.25,6.0,39.0,Referral,Bronze,2672.84
CUST006884,0.9432,2,2833.23,5.0,213.0,Referral,Gold,2672.3
CUST005197,0.9347,2,2858.0,4.0,149.0,Influencer,Bronze,2671.37
CUST000592,0.5977,4,4468.64,5.0,31.0,Email Campaign,Silver,2670.91
CUST003779,0.9588,2,2785.15,1.0,202.0,Referral,Silver,2670.4
CUST001032,0.2319,9,11512.11,3.0,3.0,Email Campaign,Bronze,2669.66
CUST007023,0.9903,1,2695.81,1.0,376.0,Email Campaign,Bronze,2669.66
CUST900173,0.1102,10,24221.59,14.0,38.0,Paid Social,Gold,2669.22
CUST019463,0.0846,10,31548.32,8.0,12.0,Influencer,,2668.99
CUST011817,0.25,9,10669.650000000001,5.0,103.0,Referral,Bronze,2667.41
CUST013814,0.9426,2,2829.62,3.0,194.0,Marketplace,Platinum,2667.2
CUST013952,0.9362,2,2848.81,1.0,383.0,Paid Social,Gold,2667.06
CUST011517,0.2812,8,9475.150000000001,3.0,9.0,Paid Social,Silver,2664.41
CUST003173,0.9334,2,2853.77,2.0,348.0,Organic Search,Bronze,2663.71
CUST007491,0.3983,6,6686.3,2.0,23.0,Influencer,Gold,2663.15
CUST008022,0.329,8,8089.400000000001,5.0,24.0,Organic Search,Bronze,2661.41
CUST019226,0.5398,5,4930.08,2.0,96.0,Organic Search,Gold,2661.26
CUST012315,0.9711,1,2740.31,2.0,382.0,Email Campaign,Bronze,2661.12
CUST010619,0.9259,2,2873.91,1.0,177.0,Organic Search,Bronze,2660.95
CUST017773,0.3842,7,6924.26,6.0,25.0,Referral,Bronze,2660.3
CUST002806,0.2282,9,11655.279999999999,3.0,13.0,Organic Search,Silver,2659.73
CUST003500,0.3906,7,6804.61,1.0,16.0,Influencer,,2657.88
CUST019194,0.2327,9,11419.960000000001,4.0,44.0,Organic Search,Platinum,2657.42
CUST012206,0.8976,3,2960.12,2.0,107.0,,,2657.0
CUST003948,0.1173,10,22650.41,8.0,1.0,Direct,Bronze,2656.89
CUST009381,0.0867,10,30625.8,9.0,18.0,Email Campaign,Silver,2655.26
CUST013256,0.4759,5,5578.15,4.0,44.0,Email Campaign,Gold,2654.64
CUST008016,0.9072,2,2926.04,5.0,152.0,Organic Search,,2654.5
CUST017069,0.9703,1,2735.29,3.0,315.0,Paid Social,Bronze,2654.05
CUST006005,0.805,3,3295.02,4.0,81.0,Organic Search,Bronze,2652.49
CUST001149,0.2524,9,10508.71,4.0,114.0,Referral,Silver,2652.4
CUST010403,0.9834,1,2696.8,2.0,351.0,Paid Social,Bronze,2652.03
CUST006320,0.9012,3,2942.0099999999998,3.0,120.0,Organic Search,Platinum,2651.34
CUST010589,0.9811,1,2701.37,2.0,400.0,Direct,Bronze,2650.31
CUST005304,0.469,5,5649.83,4.0,13.0,Email Campaign,Bronze,2649.77
CUST003916,0.9058,3,2924.95,4.0,179.0,Referral,,2649.42
CUST001099,0.2138,9,12390.91,8.0,0.0,,Bronze,2649.18
CUST018250,0.8549,3,3098.74,1.0,92.0,Direct,,2649.11
CUST002198,0.4715,5,5617.98,3.0,33.0,Paid Social,Bronze,2648.88
CUST009020,0.097,10,27307.84,9.0,2.0,Paid Social,Silver,2648.86
CUST016687,0.5308,5,4988.0,1.0,180.0,Paid Social,Platinum,2647.63
CUST012175,0.7816,3,3386.64,1.0,32.0,Organic Search,Silver,2647.0
CUST019604,0.5119,5,5168.74,2.0,26.0,Influencer,Gold,2645.88
CUST009558,0.4988,5,5303.45,3.0,127.0,Organic Search,Bronze,2645.36
CUST019764,0.4243,6,6233.72,1.0,5.0,Organic Search,Bronze,2644.97
CUST000691,0.3473,7,7606.18,2.0,10.0,,Bronze,2641.63
CUST011617,0.2303,9,11462.5,4.0,177.0,Organic Search,Bronze,2639.81
CUST009995,0.1869,9,14122.75,6.0,82.0,Paid Social,Platinum,2639.54
CUST001620,0.4067,6,6485.3099999999995,3.0,82.0,Influencer,Gold,2637.58
CUST006685,0.2117,9,12458.529999999999,13.0,23.0,Marketplace,Bronze,2637.47
CUST007147,0.3848,7,6853.6,3.0,44.0,Direct,Bronze,2637.27
CUST016633,0.5098,5,5172.48,2.0,120.0,Marketplace,Silver,2636.93
CUST009346,0.5416,5,4868.67,3.0,48.0,Marketplace,Silver,2636.87
CUST008788,0.2331,9,11300.5,3.0,25.0,Organic Search,Silver,2634.15
CUST008763,0.9509,2,2769.69,3.0,169.0,Direct,Bronze,2633.7
CUST015444,0.2374,9,11090.89,7.0,39.0,Email Campaign,Platinum,2632.98
CUST010448,0.1839,9,14316.96,5.0,52.0,Organic Search,Bronze,2632.89
CUST003945,0.9699,1,2713.4399999999996,3.0,242.0,Paid Social,Silver,2631.77
CUST006400,0.169,10,15571.77,9.0,17.0,Referral,Platinum,2631.63
CUST017087,0.2202,9,11950.44,6.0,120.0,Referral,Bronze,2631.49
CUST013977,0.5918,4,4446.19,3.0,57.0,Marketplace,Silver,2631.26
CUST011892,0.2967,8,8863.85,1.0,9.0,,Silver,2629.9
CUST015505,0.9317,2,2819.3,4.0,119.0,Organic Search,Silver,2626.74
CUST004757,0.8842,3,2969.4799999999996,3.0,113.0,Referral,Bronze,2625.61
CUST009743,0.3205,8,8187.32,2.0,23.0,Direct,Silver,2624.04
CUST002483,0.7595,3,3449.7099999999996,3.0,51.0,Marketplace,Bronze,2620.05
CUST003087,0.4,6,6549.35,1.0,31.0,,Bronze,2619.74
CUST008721,0.8913,3,2938.98,1.0,108.0,Referral,Gold,2619.51
CUST001845,0.4296,6,6093.89,2.0,101.0,Email Campaign,Gold,2617.94
CUST006108,0.9581,2,2732.02,1.0,358.0,Email Campaign,Bronze,2617.55
CUST018397,0.9464,2,2765.49,2.0,149.0,Paid Social,,2617.26
CUST002203,0.0955,10,27405.81,14.0,13.0,Referral,Bronze,2617.25
CUST014913,0.1846,9,14175.87,8.0,4.0,Organic Search,Bronze,2616.87
CUST002452,0.4203,6,6224.7,6.0,86.0,Direct,Gold,2616.24
CUST000217,0.7415,3,3526.44,1.0,62.0,Referral,Bronze,2614.86
CUST008418,0.5203,5,5025.62,2.0,11.0,Referral,Bronze,2614.83
CUST000308,0.4596,6,5689.35,1.0,14.0,Marketplace,Bronze,2614.83
CUST004806,0.967,1,2703.7799999999997,3.0,210.0,Paid Social,,2614.56
CUST012532,0.3616,7,7223.530000000001,5.0,61.0,Marketplace,Bronze,2612.03
CUST012170,0.325,8,8033.360000000001,4.0,27.0,Organic Search,Silver,2610.84
CUST016226,0.8242,3,3167.45,2.0,113.0,Organic Search,Bronze,2610.61
CUST011738,0.2155,9,12112.3,7.0,35.0,Organic Search,,2610.2
CUST007740,0.245,9,10647.71,7.0,22.0,Paid Social,Platinum,2608.69
CUST001883,0.4731,5,5513.08,2.0,135.0,Paid Social,,2608.24
CUST010723,0.4687,5,5558.99,1.0,28.0,Email Campaign,Bronze,2605.5
CUST015779,0.4239,6,6146.27,1.0,5.0,Paid Social,Bronze,2605.4
CUST009570,0.2745,8,9491.41,6.0,34.0,Influencer,Silver,2605.39
CUST019381,0.4633,6,5622.71,2.0,4.0,Paid Social,Silver,2605.0
CUST016651,0.3529,7,7379.429999999999,3.0,17.0,Referral,Bronze,2604.2
CUST005270,0.0553,10,47088.31,12.0,23.0,Direct,Silver,2603.98
CUST008311,0.4865,5,5352.0,2.0,18.0,Paid Social,Silver,2603.75
CUST015270,0.5035,5,5171.2,1.0,16.0,Paid Social,Bronze,2603.7
CUST005241,0.2504,9,10394.16,9.0,101.0,Influencer,Gold,2602.7
CUST001801,0.9816,1,2650.41,2.0,255.0,Paid Social,Silver,2601.64
CUST019293,0.2998,8,8675.33,5.0,40.0,Influencer,,2600.86
CUST001889,0.8644,3,3008.31,2.0,51.0,Referral,Silver,2600.38
CUST007535,0.6006,4,4329.62,3.0,108.0,Email Campaign,Silver,2600.37
CUST005697,0.4487,6,5795.27,2.0,268.0,Organic Search,Silver,2600.34
CUST013293,0.4336,6,5997.09,2.0,408.0,Organic Search,Silver,2600.34
CUST011378,0.845,3,3076.42,7.0,146.0,Email Campaign,Platinum,2599.57
CUST006995,0.9388,2,2767.01,2.0,133.0,Paid Social,Bronze,2597.67
CUST006939,0.4204,6,6176.89,1.0,20.0,Paid Social,Silver,2596.76
CUST004114,0.3025,8,8579.91,3.0,87.0,Paid Social,Bronze,2595.42
CUST003141,0.5609,4,4624.389999999999,2.0,403.0,Paid Social,Bronze,2593.82
CUST005546,0.9393,2,2760.95,1.0,212.0,Influencer,Gold,2593.36
CUST002306,0.8064,3,3213.05,5.0,70.0,Email Campaign,Bronze,2591.0
CUST005631,0.1375,10,18830.03,11.0,56.0,Influencer,,2589.13
CUST006807,0.9533,2,2715.33,2.0,258.0,Email Campaign,Silver,2588.52
CUST017201,0.9838,1,2630.06,3.0,266.0,Direct,Gold,2587.45
CUST012462,0.2291,9,11292.91,8.0,13.0,Marketplace,Bronze,2587.21
CUST014971,0.7897,3,3274.76,1.0,48.0,Marketplace,Gold,2586.08
CUST006539,0.5131,5,5039.56,3.0,279.0,Influencer,Bronze,2585.8
CUST006369,0.3042,8,8488.61,5.0,36.0,,Bronze,2582.24
CUST003980,0.2654,8,9725.47,8.0,29.0,Email Campaign,Bronze,2581.14
CUST018351,0.2839,8,9089.150000000001,3.0,84.0,Marketplace,Platinum,2580.41
CUST000022,0.4556,6,5662.58,6.0,28.0,Paid Social,Silver,2579.87
CUST014783,0.1203,10,21443.38,11.0,38.0,Influencer,Gold,2579.64
CUST005512,0.2517,9,10247.669999999998,4.0,74.0,Organic Search,,2579.34
CUST010017,0.3626,7,7110.12,6.0,19.0,Paid Social,Bronze,2578.13
CUST013282,0.1566,10,16460.75,7.0,138.0,Referral,Silver,2577.75
CUST019288,0.1803,9,14295.71,5.0,56.0,Paid Social,Bronze,2577.52
CUST016175,0.9529,2,2701.2999999999997,2.0,200.0,Email Campaign,,2574.07
CUST018514,0.9762,1,2636.71,1.0,424.0,Influencer,Bronze,2573.96
CUST007440,0.2237,9,11499.43,7.0,10.0,Email Campaign,Bronze,2572.42
CUST007034,0.5276,5,4875.42,3.0,69.0,Paid Social,Silver,2572.27
CUST004387,0.358,7,7180.76,3.0,85.0,Organic Search,Silver,2570.71
CUST004909,0.1996,9,12876.17,6.0,28.0,Direct,Bronze,2570.08
CUST000496,0.4165,6,6169.17,1.0,49.0,Organic Search,Bronze,2569.46
CUST016492,0.5728,4,4483.41,2.0,22.0,Referral,Bronze,2568.1
CUST900114,0.8783,3,2923.46,1.0,109.0,Organic Search,Silver,2567.67
CUST004378,0.1993,9,12874.25,5.0,1.0,Referral,,2565.84
CUST018945,0.4056,6,6324.53,4.0,43.0,Email Campaign,Bronze,2565.23
CUST003876,0.8939,3,2869.59,2.0,103.0,Influencer,Silver,2565.13
CUST006186,0.983,1,2609.41,3.0,386.0,Paid Social,Silver,2565.05
CUST004108,0.3071,8,8347.869999999999,6.0,11.0,Organic Search,Platinum,2563.63
CUST016573,0.3398,7,7538.8099999999995,7.0,95.0,Marketplace,Silver,2561.69
CUST018858,0.226,9,11334.49,7.0,6.0,Influencer,Bronze,2561.59
CUST004781,0.9492,2,2698.33,1.0,105.0,Organic Search,Silver,2561.25
CUST008260,0.8891,3,2879.99,3.0,140.0,Referral,Bronze,2560.6
CUST006649,0.1091,10,23464.989999999998,11.0,3.0,Organic Search,Gold,2560.03
CUST018911,0.9834,1,2603.0699999999997,2.0,422.0,Direct,Bronze,2559.86
CUST019976,0.3162,8,8095.51,2.0,17.0,Marketplace,Platinum,2559.8
CUST003567,0.2582,8,9907.54,5.0,24.0,Referral,,2558.13
CUST002224,0.3202,8,7987.53,5.0,127.0,Organic Search,Gold,2557.61
CUST001843,0.9765,1,2616.4,1.0,284.0,Influencer,Silver,2554.91
CUST017600,0.9395,2,2717.91,3.0,175.0,Paid Social,Bronze,2553.48
CUST017437,0.2847,8,8967.89,5.0,311.0,Referral,Silver,2553.16
CUST014672,0.408,6,6257.31,1.0,3.0,,Silver,2552.98
CUST012594,0.6469,4,3944.23,1.0,287.0,Direct,Bronze,2551.52
CUST000346,0.2067,9,12343.0,7.0,59.0,Organic Search,Silver,2551.3
CUST004242,0.3969,7,6427.65,3.0,17.0,Email Campaign,Bronze,2551.13
CUST011411,0.2916,8,8747.34,2.0,13.0,,Bronze,2550.72
CUST007423,0.4216,6,6050.0,3.0,182.0,Organic Search,Silver,2550.68
CUST017034,0.1483,10,17197.91,10.0,14.0,Marketplace,Gold,2550.45
CUST011941,0.4375,6,5829.15,2.0,77.0,Paid Social,,2550.25
CUST010953,0.2377,9,10728.199999999999,5.0,58.0,Direct,Gold,2550.09
CUST002629,0.1956,9,13035.98,8.0,2.0,Organic Search,Gold,2549.84
CUST019444,0.991,1,2572.25,2.0,346.0,Organic Search,Bronze,2549.1
CUST017311,0.4028,6,6325.62,1.0,429.0,Referral,Silver,2547.96
CUST012441,0.3971,7,6414.650000000001,2.0,117.0,,Bronze,2547.26
CUST006808,0.2225,9,11446.66,8.0,46.0,Referral,Gold,2546.88
CUST019553,0.6074,4,4192.11,2.0,240.0,,Bronze,2546.29
CUST001042,0.1702,10,14954.49,7.0,3.0,Email Campaign,Platinum,2545.25
CUST018958,0.5116,5,4973.84,4.0,7.0,Paid Social,Bronze,2544.62
CUST001493,0.9647,1,2637.4300000000003,4.0,183.0,Influencer,Bronze,2544.33
CUST007506,0.3943,7,6444.88,4.0,3.0,Paid Social,Bronze,2541.22
CUST000795,0.9782,1,2595.8900000000003,3.0,353.0,Email Campaign,Bronze,2539.3
CUST005901,0.9876,1,2569.58,1.0,289.0,Paid Social,Bronze,2537.72
CUST013915,0.409,6,6203.15,5.0,97.0,Organic Search,Bronze,2537.09
CUST009405,0.9785,1,2591.76,1.0,333.0,Organic Search,Silver,2536.04
CUST012886,0.419,6,6045.32,10.0,49.0,Organic Search,Bronze,2532.99
CUST009628,0.8336,3,3037.8,5.0,68.0,Organic Search,Silver,2532.31
CUST011458,0.4291,6,5899.01,3.0,173.0,,Bronze,2531.27
CUST014871,0.9646,1,2624.02,2.0,208.0,Email Campaign,Bronze,2531.13
CUST014537,0.489,5,5175.45,1.0,68.0,Paid Social,Platinum,2530.8
CUST016678,0.9793,1,2583.93,1.0,302.0,Paid Social,Gold,2530.44
CUST000288,0.4892,5,5172.13,4.0,105.0,Marketplace,Silver,2530.21
CUST010725,0.1904,9,13288.4,8.0,12.0,,Silver,2530.11
CUST015523,0.2509,9,10078.65,6.0,17.0,Email Campaign,Bronze,2528.73
CUST008223,0.6117,4,4133.34,3.0,118.0,,Bronze,2528.36
CUST019650,0.2651,8,9536.64,5.0,176.0,Marketplace,Silver,2528.16
CUST019083,0.2712,8,9321.49,6.0,24.0,Paid Social,Gold,2527.99
CUST018940,0.0896,10,28195.989999999998,8.0,7.0,Organic Search,Silver,2526.36
CUST009273,0.3291,8,7676.49,5.0,70.0,Direct,Gold,2526.33
CUST019881,0.4806,5,5251.77,4.0,123.0,Organic Search,Silver,2524.0
CUST018165,0.364,7,6933.469999999999,4.0,45.0,Direct,Bronze,2523.78
CUST011798,0.83,3,3040.46,2.0,117.0,,Bronze,2523.58
CUST000529,0.4005,6,6300.629999999999,6.0,19.0,Referral,Bronze,2523.4
CUST008695,0.9779,1,2579.97,1.0,225.0,Email Campaign,Bronze,2522.95
CUST006294,0.9312,2,2709.0,1.0,114.0,Email Campaign,Silver,2522.62
CUST004330,0.4917,5,5129.68,1.0,23.0,Referral,Bronze,2522.26
CUST002663,0.9465,2,2663.8199999999997,2.0,112.0,,Gold,2521.31
CUST007381,0.3707,7,6801.07,5.0,17.0,Paid Social,Gold,2521.16
CUST005722,0.1737,9,14513.75,10.0,82.0,Organic Search,Gold,2521.04
CUST018210,0.4815,5,5235.61,1.0,91.0,,Silver,2520.95
CUST014215,0.5735,4,4392.2,1.0,126.0,Direct,Bronze,2518.93
CUST014705,0.4183,6,6021.030000000001,2.0,7.0,Organic Search,Bronze,2518.6
CUST012302,0.2217,9,11357.150000000001,6.0,110.0,Organic Search,Gold,2517.88
CUST012527,0.4233,6,5946.469999999999,4.0,5.0,Direct,Bronze,2517.14
CUST004950,0.6809,4,3696.42,3.0,113.0,Direct,Gold,2516.89
CUST013834,0.9806,1,2566.4799999999996,3.0,314.0,Organic Search,Gold,2516.69
CUST015822,0.9418,2,2671.31,6.0,214.0,Paid Social,Bronze,2515.84
CUST013226,0.5437,5,4624.99,4.0,131.0,Marketplace,Bronze,2514.61
CUST003033,0.2888,8,8706.13,4.0,50.0,Organic Search,Silver,2514.33
CUST001805,0.862,3,2916.6499999999996,2.0,89.0,Referral,,2514.15
CUST009039,0.3626,7,6933.32,4.0,74.0,Paid Social,Bronze,2514.02
CUST018093,0.455,6,5524.25,3.0,20.0,Paid Social,Silver,2513.53
CUST005620,0.6665,4,3768.59,4.0,34.0,Direct,Bronze,2511.77
CUST008293,0.9497,2,2644.21,1.0,376.0,Referral,Bronze,2511.21
CUST017082,0.9324,2,2691.4,1.0,147.0,Referral,Bronze,2509.46
CUST018713,0.4779,5,5251.02,3.0,3.0,Email Campaign,Bronze,2509.46
CUST900237,0.1669,10,15025.06,8.0,37.0,Organic Search,Silver,2507.68
CUST016608,0.4747,5,5281.66,3.0,45.0,Referral,,2507.2
CUST008388,0.3053,8,8211.54,5.0,30.0,Influencer,Bronze,2506.98
CUST000593,0.9843,1,2546.83,1.0,310.0,Organic Search,Silver,2506.84
CUST007520,0.5972,4,4197.33,1.0,270.0,Influencer,Bronze,2506.65
CUST002751,0.9629,1,2601.9,4.0,286.0,Organic Search,Bronze,2505.37
CUST009596,0.0464,10,53974.29,14.0,25.0,Referral,Silver,2504.41
CUST000212,0.1049,10,23871.91,14.0,12.0,Referral,Silver,2504.16
CUST011028,0.0495,10,50584.53,16.0,9.0,,,2503.93
CUST015765,0.1845,9,13571.310000000001,9.0,9.0,Email Campaign,,2503.91
CUST006374,0.3468,7,7219.87,4.0,1.0,Organic Search,Bronze,2503.85
CUST000880,0.3015,8,8304.310000000001,4.0,57.0,Paid Social,Bronze,2503.75
CUST000052,0.2285,9,10956.79,6.0,41.0,Paid Social,Bronze,2503.63
CUST002887,0.5807,4,4309.35,1.0,407.0,Direct,Gold,2502.44
CUST007105,0.3173,8,7884.01,3.0,121.0,Referral,Bronze,2501.6
CUST004229,0.4418,6,5662.1,3.0,45.0,Organic Search,Bronze,2501.52
CUST019823,0.827,3,3023.58,3.0,198.0,Paid Social,Silver,2500.5
CUST012741,0.9641,1,2593.43,3.0,246.0,Email Campaign,Silver,2500.33
CUST002946,0.3638,7,6871.55,6.0,53.0,Referral,Bronze,2499.87
CUST019430,0.1849,9,13513.24,12.0,32.0,Organic Search,Gold,2498.6
CUST011611,0.5518,5,4527.0,4.0,50.0,Organic Search,Gold,2498.0
CUST002524,0.2755,8,9061.75,2.0,4.0,Email Campaign,Bronze,2496.51
CUST009748,0.0865,10,28858.55,10.0,3.0,,Bronze,2496.26
CUST015470,0.057,10,43770.18,12.0,52.0,Organic Search,Platinum,2494.9
CUST019832,0.9266,2,2691.41,3.0,107.0,Referral,Bronze,2493.86
CUST004456,0.8292,3,3007.14,5.0,157.0,Organic Search,Silver,2493.52
CUST000157,0.4754,5,5243.93,3.0,27.0,Paid Social,Bronze,2492.96
CUST009974,0.8719,3,2856.27,1.0,51.0,Paid Social,Silver,2490.38
CUST004356,0.1351,10,18432.91,6.0,36.0,Email Campaign,Platinum,2490.29
CUST005784,0.9028,3,2758.35,4.0,219.0,Referral,Bronze,2490.24
CUST008974,0.3772,7,6600.79,4.0,49.0,Paid Social,Silver,2489.82
CUST000681,0.9079,2,2741.9300000000003,6.0,167.0,Organic Search,Silver,2489.4
CUST000473,0.3681,7,6756.03,4.0,31.0,,Bronze,2486.89
CUST006499,0.0371,10,67005.58,16.0,0.0,Email Campaign,Platinum,2485.91
CUST000740,0.9721,1,2555.69,1.0,261.0,Marketplace,Bronze,2484.39
CUST001338,0.4903,5,5066.63,3.0,108.0,Marketplace,Gold,2484.17
CUST008924,0.9067,2,2739.55,4.0,185.0,Direct,Silver,2483.95
CUST016254,0.9755,1,2546.23,1.0,199.0,Marketplace,Bronze,2483.85
CUST008403,0.4018,6,6179.87,5.0,91.0,Paid Social,Gold,2483.07
CUST012316,0.2978,8,8333.69,5.0,122.0,Organic Search,Gold,2481.77
CUST016752,0.9911,1,2502.84,1.0,412.0,Organic Search,Bronze,2480.56
CUST011992,0.9164,2,2706.17,3.0,137.0,Organic Search,Gold,2479.93
CUST004902,0.3408,7,7275.219999999999,3.0,162.0,Influencer,Bronze,2479.39
CUST015098,0.2959,8,8374.26,2.0,116.0,Organic Search,Gold,2477.94
CUST000766,0.2421,9,10232.46,7.0,53.0,Direct,Bronze,2477.28
CUST003212,0.5723,4,4327.860000000001,2.0,245.0,Paid Social,Bronze,2476.83
CUST001109,0.1401,10,17668.93,9.0,18.0,,Silver,2475.42
CUST008798,0.9461,2,2615.94,4.0,130.0,,Gold,2474.94
CUST016898,0.2954,8,8373.43,3.0,33.0,Paid Social,Silver,2473.51
CUST009216,0.4866,5,5083.23,1.0,31.0,Organic Search,,2473.5
CUST014163,0.9243,2,2676.01,4.0,98.0,Email Campaign,Bronze,2473.44
CUST009860,0.267,8,9262.810000000001,5.0,41.0,Organic Search,Silver,2473.17
CUST006125,0.605,4,4086.3,4.0,150.0,Paid Social,Bronze,2472.21
CUST001806,0.2073,9,11921.25,9.0,26.0,Referral,Bronze,2471.28
CUST014923,0.9884,1,2500.18,1.0,340.0,Paid Social,Bronze,2471.18
CUST009472,0.5819,4,4246.57,3.0,79.0,Paid Social,Silver,2471.08
CUST013466,0.2237,9,11046.17,4.0,10.0,Organic Search,Silver,2471.03
CUST013150,0.2433,9,10156.01,9.0,1.0,Paid Social,Silver,2470.96
CUST001027,0.4059,6,6087.37,4.0,29.0,Paid Social,Gold,2470.86
CUST001358,0.3696,7,6682.99,5.0,29.0,Paid Social,Silver,2470.03
CUST015138,0.5751,4,4288.69,2.0,48.0,Marketplace,Bronze,2466.43
CUST008607,0.9928,1,2484.3,3.0,401.0,Organic Search,Platinum,2466.41
CUST000763,0.7946,3,3103.8,3.0,140.0,Email Campaign,Silver,2466.28
CUST003254,0.66,4,3734.73,2.0,206.0,Paid Social,Silver,2464.92
CUST000863,0.0757,10,32558.48,12.0,13.0,Email Campaign,Bronze,2464.68
CUST015561,0.5101,5,4830.04,1.0,25.0,Organic Search,Silver,2463.8
CUST007957,0.9096,2,2707.76,2.0,126.0,Organic Search,Bronze,2462.98
CUST003211,0.9831,1,2505.2,3.0,323.0,Paid Social,Bronze,2462.86
CUST012666,0.6853,4,3592.1800000000003,7.0,46.0,Organic Search,Bronze,2461.72
CUST004161,0.3425,7,7180.89,2.0,23.0,,,2459.45
CUST018286,0.6321,4,3890.21,3.0,24.0,Organic Search,Bronze,2459.0
CUST012656,0.9093,2,2702.51,2.0,234.0,Email Campaign,Silver,2457.39
CUST000556,0.4299,6,5710.38,3.0,116.0,Direct,Bronze,2454.89
CUST000441,0.4322,6,5675.46,3.0,153.0,Email Campaign,Bronze,2452.93
CUST011811,0.1639,10,14955.869999999999,12.0,6.0,Organic Search,Silver,2451.27
CUST014593,0.9427,2,2600.01,2.0,116.0,,Bronze,2451.03
CUST018260,0.2511,9,9760.31,14.0,38.0,Direct,Bronze,2450.81
CUST017770,0.1547,10,15837.64,12.0,58.0,Referral,Bronze,2450.08
CUST006022,0.426,6,5750.530000000001,6.0,3.0,Paid Social,Bronze,2449.73
CUST006033,0.5283,5,4633.23,2.0,62.0,Paid Social,Bronze,2447.74
CUST011659,0.2059,9,11882.18,5.0,10.0,Organic Search,Bronze,2446.54
CUST017516,0.9419,2,2597.17,1.0,102.0,Paid Social,Platinum,2446.27
CUST019663,0.2327,9,10512.3,7.0,25.0,Marketplace,Bronze,2446.21
CUST018920,0.9799,1,2496.14,1.0,400.0,Paid Social,Bronze,2445.97
CUST012985,0.1797,9,13606.96,5.0,20.0,Direct,Silver,2445.17
CUST012660,0.4221,6,5792.75,2.0,37.0,Organic Search,Bronze,2445.12
CUST007826,0.2664,8,9176.439999999999,4.0,20.0,Email Campaign,Bronze,2444.6
CUST006671,0.4509,6,5421.349999999999,2.0,54.0,Email Campaign,,2444.49
CUST009514,0.9641,1,2534.88,2.0,325.0,Organic Search,Bronze,2443.88
CUST018440,0.5038,5,4850.58,6.0,59.0,Organic Search,Silver,2443.72
CUST013258,0.7758,3,3149.73,3.0,39.0,Organic Search,Bronze,2443.56
CUST001233,0.3205,8,7623.1,4.0,3.0,Direct,Bronze,2443.2
CUST011131,0.9221,2,2648.5299999999997,4.0,106.0,Marketplace,Bronze,2442.21
CUST015769,0.7768,3,3143.54,2.0,53.0,Organic Search,Bronze,2441.9
CUST014647,0.2963,8,8240.08,2.0,3.0,Direct,Silver,2441.54
CUST019534,0.9891,1,2468.08,2.0,288.0,Paid Social,Silver,2441.18
CUST012019,0.2461,9,9918.19,8.0,26.0,Influencer,Silver,2440.87
CUST019741,0.9862,1,2474.88,1.0,385.0,,Silver,2440.73
CUST000551,0.4249,6,5741.84,3.0,41.0,Marketplace,Silver,2439.71
CUST018060,0.2876,8,8479.12,4.0,64.0,Email Campaign,Bronze,2438.59
CUST005880,0.2151,9,11335.25,5.0,36.0,Organic Search,Silver,2438.21
CUST008691,0.9652,1,2524.84,5.0,240.0,Influencer,Silver,2436.98
CUST011643,0.1715,9,14200.64,8.0,44.0,Direct,,2435.41
CUST017751,0.3732,7,6524.62,4.0,10.0,Marketplace,Bronze,2434.99
CUST015931,0.572,4,4254.53,1.0,71.0,Organic Search,Bronze,2433.59
CUST001784,0.4338,6,5606.7,2.0,118.0,Organic Search,Bronze,2432.19
CUST002922,0.9334,2,2605.44,1.0,128.0,Direct,Bronze,2431.92
CUST012843,0.4379,6,5552.389999999999,2.0,59.0,Email Campaign,Silver,2431.39
CUST010959,0.5503,5,4415.93,2.0,272.0,Organic Search,Bronze,2430.09
CUST015067,0.9547,2,2545.39,1.0,124.0,Organic Search,Bronze,2430.08
CUST006931,0.9151,2,2655.26,1.0,187.0,Email Campaign,Bronze,2429.83
CUST016273,0.454,6,5351.530000000001,5.0,71.0,Marketplace,Bronze,2429.59
CUST015202,0.365,7,6655.55,5.0,225.0,Organic Search,Gold,2429.28
CUST014620,0.4945,5,4911.67,2.0,60.0,,Silver,2428.82
CUST014557,0.442,6,5493.26,2.0,79.0,Organic Search,Bronze,2428.02
CUST016532,0.2438,9,9956.15,6.0,18.0,Marketplace,Silver,2427.31
CUST019180,0.2919,8,8315.43,6.0,15.0,Organic Search,Silver,2427.27
CUST013720,0.1552,10,15634.0,9.0,1.0,Email Campaign,Silver,2426.4
CUST007574,0.1163,10,20857.66,14.0,100.0,Direct,Platinum,2425.75
CUST008495,0.2207,9,10990.34,6.0,4.0,,Platinum,2425.57
CUST015903,0.903,3,2685.9700000000003,2.0,149.0,Influencer,Bronze,2425.43
CUST013276,0.8589,3,2823.01,1.0,84.0,,Silver,2424.68
CUST007690,0.1608,10,15067.33,6.0,98.0,Referral,Gold,2422.83
CUST011437,0.4957,5,4886.59,3.0,234.0,Organic Search,Bronze,2422.28
CUST012535,0.9339,2,2592.76,1.0,377.0,,Bronze,2421.38
CUST011398,0.4818,5,5024.78,2.0,24.0,Direct,Bronze,2420.94
CUST003502,0.4725,5,5122.44,2.0,31.0,Email Campaign,Bronze,2420.35
CUST003664,0.3422,7,7072.35,6.0,105.0,Direct,Bronze,2420.16
CUST006836,0.94,2,2574.3,3.0,108.0,,Bronze,2419.84
CUST011780,0.8964,3,2699.37,1.0,87.0,Direct,Silver,2419.72
CUST012943,0.1678,10,14417.859999999999,9.0,35.0,Organic Search,Silver,2419.32
CUST010770,0.0538,10,44952.37,16.0,1.0,Email Campaign,Platinum,2418.44
CUST008257,0.3329,7,7262.54,4.0,121.0,Organic Search,Silver,2417.7
CUST019028,0.961,2,2515.2599999999998,2.0,276.0,Paid Social,Bronze,2417.16
CUST015667,0.3098,8,7801.68,5.0,27.0,Email Campaign,Bronze,2416.96
CUST001309,0.3168,8,7628.91,8.0,70.0,Direct,Bronze,2416.84
CUST000270,0.6135,4,3938.01,1.0,17.0,Paid Social,Bronze,2415.97
CUST007980,0.3048,8,7925.21,4.0,6.0,Marketplace,Bronze,2415.6
CUST019053,0.4225,6,5717.18,1.0,24.0,Paid Social,Bronze,2415.51
CUST016920,0.0971,10,24867.47,9.0,3.0,,,2414.63
CUST017808,0.9492,2,2543.01,3.0,284.0,Marketplace,Platinum,2413.83
CUST006827,0.8989,3,2685.22,5.0,122.0,,,2413.74
CUST019585,0.4344,6,5553.53,1.0,107.0,Paid Social,Silver,2412.45
CUST003703,0.5634,4,4280.84,3.0,53.0,,Bronze,2411.83
CUST018136,0.6082,4,3964.75,1.0,45.0,Paid Social,Bronze,2411.36
CUST002448,0.9731,1,2477.2599999999998,3.0,346.0,Influencer,Silver,2410.62
CUST019886,0.2345,9,10278.539999999999,4.0,0.0,Direct,,2410.32
CUST011825,0.9822,1,2453.62,1.0,357.0,Organic Search,Bronze,2409.95
CUST008834,0.4042,6,5962.01,2.0,151.0,Paid Social,Bronze,2409.84
CUST019708,0.3491,7,6900.79,3.0,167.0,Organic Search,Bronze,2409.07
CUST006433,0.2358,9,10212.57,5.0,2.0,Influencer,,2408.12
CUST015571,0.9608,2,2506.23,1.0,340.0,Marketplace,Bronze,2407.99
CUST013993,0.9284,2,2593.62,2.0,176.0,Email Campaign,Platinum,2407.92
CUST010447,0.9566,2,2516.37,1.0,394.0,Paid Social,Bronze,2407.16
CUST003845,0.1803,9,13348.76,8.0,103.0,Email Campaign,Platinum,2406.78
CUST015501,0.2457,9,9794.92,3.0,22.0,Organic Search,Silver,2406.61
CUST004971,0.2527,9,9519.09,6.0,11.0,Referral,Silver,2405.47
CUST014278,0.3803,7,6319.709999999999,3.0,14.0,Email Campaign,Gold,2403.39
CUST011746,0.3004,8,7998.54,3.0,3.0,Direct,Silver,2402.76
CUST017688,0.9048,3,2654.93,3.0,175.0,Organic Search,Silver,2402.18
CUST016984,0.8791,3,2731.84,2.0,131.0,Referral,Bronze,2401.56
CUST000797,0.2264,9,10606.2,5.0,38.0,Organic Search,Bronze,2401.24
CUST018665,0.2807,8,8553.84,4.0,55.0,Email Campaign,Silver,2401.06
CUST008263,0.9826,1,2443.4700000000003,2.0,276.0,Organic Search,Platinum,2400.95
CUST014625,0.3756,7,6391.34,2.0,135.0,Organic Search,Bronze,2400.59
CUST004643,0.5283,5,4542.71,1.0,361.0,Referral,Bronze,2399.91
CUST006561,0.9456,2,2535.52,1.0,145.0,Direct,Bronze,2397.59
CUST003812,0.9923,1,2415.93,1.0,302.0,Influencer,Gold,2397.33
CUST018600,0.1151,10,20826.65,19.0,115.0,Referral,Gold,2397.15
CUST012707,0.5541,5,4324.9,2.0,109.0,Direct,Silver,2396.43
CUST015108,0.1895,9,12643.49,7.0,45.0,Direct,Gold,2395.94
CUST014932,0.1894,9,12649.22,6.0,28.0,Direct,Silver,2395.76
CUST000370,0.3425,7,6993.41,3.0,95.0,Paid Social,,2395.24
CUST003530,0.1833,9,13066.039999999999,7.0,31.0,Influencer,Gold,2395.01
CUST014833,0.4751,5,5040.35,1.0,127.0,Email Campaign,Silver,2394.67
CUST004892,0.0989,10,24195.68,9.0,6.0,Direct,Gold,2392.95
CUST017188,0.4068,6,5881.83,4.0,88.0,Organic Search,,2392.73
CUST002374,0.3709,7,6447.77,5.0,38.0,,Bronze,2391.48
CUST016126,0.2495,9,9583.85,6.0,6.0,Organic Search,,2391.17
CUST016962,0.1688,10,14154.44,11.0,36.0,Organic Search,Gold,2389.27
CUST009353,0.2693,8,8868.2,6.0,19.0,Organic Search,Gold,2388.21
CUST002245,0.419,6,5699.650000000001,4.0,30.0,,Bronze,2388.15
CUST010736,0.3118,8,7656.599999999999,5.0,27.0,Paid Social,,2387.33
CUST007866,0.7796,3,3061.9300000000003,5.0,53.0,Paid Social,Gold,2387.08
CUST012849,0.2319,9,10291.939999999999,7.0,129.0,Paid Social,Platinum,2386.7
CUST011933,0.3363,7,7094.01,3.0,24.0,Email Campaign,Bronze,2385.72
CUST014332,0.5485,5,4348.7,3.0,132.0,Direct,,2385.26
CUST003766,0.5879,4,4057.17,2.0,1.0,Referral,Bronze,2385.21
CUST011790,0.4564,6,5225.780000000001,2.0,23.0,Organic Search,Bronze,2385.05
CUST007322,0.2384,9,10002.720000000001,5.0,110.0,Paid Social,Bronze,2384.65
CUST011779,0.9765,1,2441.66,1.0,448.0,Referral,Bronze,2384.28
CUST009856,0.9809,1,2430.59,2.0,323.0,Influencer,Bronze,2384.17
CUST000251,0.2001,9,11914.82,5.0,19.0,Email Campaign,Platinum,2384.16
CUST008970,0.0624,10,38205.21,16.0,0.0,Organic Search,Gold,2384.01
CUST010608,0.439,6,5427.68,3.0,58.0,Referral,Bronze,2382.75
CUST000047,0.6575,4,3623.6000000000004,2.0,258.0,Direct,Silver,2382.52
CUST012952,0.4656,6,5116.83,1.0,187.0,Email Campaign,Bronze,2382.4
CUST002670,0.3563,7,6684.9,3.0,20.0,,Bronze,2381.83
CUST014291,0.5894,4,4040.85,2.0,54.0,Marketplace,Bronze,2381.68
CUST004327,0.4661,6,5108.219999999999,4.0,55.0,Direct,Bronze,2380.94
CUST003180,0.9717,1,2450.0600000000004,1.0,395.0,Referral,Silver,2380.72
CUST000513,0.2036,9,11692.52,7.0,46.0,Organic Search,Silver,2380.6
CUST006851,0.2625,8,9067.87,4.0,88.0,Email Campaign,Bronze,2380.32
CUST010306,0.1159,10,20534.809999999998,5.0,13.0,Organic Search,Gold,2379.98
CUST012365,0.4143,6,5743.0599999999995,2.0,108.0,Organic Search,Bronze,2379.35
CUST015226,0.3189,8,7461.03,6.0,5.0,Influencer,Gold,2379.32
CUST009560,0.0902,10,26356.52,15.0,23.0,Referral,Gold,2377.36
CUST012766,0.3938,7,6036.19,4.0,4.0,Influencer,Gold,2377.05
CUST002470,0.9735,1,2441.23,3.0,211.0,Email Campaign,Silver,2376.54
CUST019394,0.9538,2,2491.25,3.0,241.0,Influencer,Bronze,2376.15
CUST004714,0.6446,4,3685.1000000000004,3.0,170.0,Paid Social,Bronze,2375.42
CUST010858,0.4019,6,5909.58,2.0,44.0,,,2375.06
CUST015161,0.3238,8,7328.49,7.0,95.0,Direct,Silver,2372.97
CUST010772,0.3289,8,7213.950000000001,3.0,51.0,Paid Social,Silver,2372.67
CUST007529,0.6359,4,3731.06,1.0,46.0,,Bronze,2372.58
CUST015603,0.1161,10,20434.61,11.0,0.0,Organic Search,Bronze,2372.46
CUST002281,0.2514,9,9435.61,6.0,17.0,Marketplace,Bronze,2372.11
CUST005483,0.4748,5,4995.76,2.0,27.0,Marketplace,,2371.99
CUST010334,0.5759,4,4118.29,1.0,96.0,Email Campaign,Gold,2371.72
CUST009205,0.3222,8,7358.17,5.0,46.0,Direct,Bronze,2370.8
CUST006726,0.8545,3,2774.4900000000002,3.0,64.0,Email Campaign,,2370.8
CUST000276,0.8014,3,2958.25,2.0,231.0,Direct,Bronze,2370.74
CUST002056,0.3433,7,6903.68,6.0,100.0,Paid Social,Bronze,2370.03
CUST011996,0.7645,3,3098.95,2.0,82.0,Influencer,,2369.15
CUST006093,0.2797,8,8468.580000000002,3.0,115.0,Direct,Bronze,2368.66
CUST001706,0.1149,10,20612.54,7.0,7.0,Email Campaign,Gold,2368.38
CUST019733,0.1486,10,15930.32,17.0,25.0,Organic Search,,2367.25
CUST002147,0.5524,5,4283.030000000001,2.0,16.0,Paid Social,Silver,2365.95
CUST005492,0.1293,10,18289.08,10.0,1.0,Organic Search,Silver,2364.78
CUST008469,0.3379,7,6996.96,2.0,1.0,Organic Search,Bronze,2364.27
CUST014751,0.1204,10,19625.64,12.0,122.0,Email Campaign,Gold,2362.93
CUST000084,0.2841,8,8315.29,6.0,32.0,Organic Search,Bronze,2362.37
CUST015374,0.1333,10,17718.7,7.0,13.0,Direct,Platinum,2361.9
CUST002089,0.437,6,5400.99,3.0,43.0,Organic Search,Silver,2360.23
CUST013897,0.0768,10,30727.05,15.0,17.0,Organic Search,Gold,2359.84
CUST015934,0.4197,6,5621.35,5.0,14.0,Organic Search,Silver,2359.28
CUST007928,0.1442,10,16355.73,7.0,95.0,Organic Search,Gold,2358.5
CUST019829,0.2483,9,9495.2,5.0,25.0,Organic Search,Gold,2357.66
CUST002896,0.5824,4,4047.96,1.0,17.0,Paid Social,Bronze,2357.53
CUST018128,0.2716,8,8677.95,9.0,101.0,Email Campaign,,2356.93
CUST004895,0.1409,10,16718.02,10.0,38.0,Referral,Silver,2355.57
CUST002993,0.3288,8,7161.95,3.0,122.0,Referral,Bronze,2354.85
CUST009437,0.9271,2,2539.94,4.0,115.0,Paid Social,Silver,2354.78
CUST019679,0.2639,8,8920.46,4.0,13.0,,Silver,2354.11
CUST004732,0.3483,7,6757.55,3.0,81.0,,Bronze,2353.65
CUST014879,0.9904,1,2376.01,2.0,395.0,Referral,,2353.2
CUST005997,0.2759,8,8525.41,5.0,6.0,Email Campaign,Bronze,2352.16
CUST000809,0.1713,9,13727.68,5.0,20.0,Paid Social,Silver,2351.55
CUST008385,0.1546,10,15209.130000000001,6.0,47.0,Organic Search,Gold,2351.33
CUST001124,0.3797,7,6191.57,5.0,85.0,Organic Search,Bronze,2350.94
CUST013677,0.3648,7,6444.18,4.0,31.0,Email Campaign,Gold,2350.84
CUST007298,0.3704,7,6346.4,8.0,135.0,Paid Social,Bronze,2350.71
CUST014479,0.9469,2,2480.4,1.0,453.0,Marketplace,Bronze,2348.69
CUST008592,0.9793,1,2398.26,4.0,262.0,Paid Social,Silver,2348.62
CUST003861,0.4548,6,5163.82,2.0,13.0,,Bronze,2348.51
CUST008295,0.31,8,7574.16,1.0,11.0,Direct,Gold,2347.99
CUST018812,0.1983,9,11838.42,6.0,3.0,Direct,Silver,2347.56
CUST001014,0.1599,10,14676.98,9.0,116.0,Direct,Gold,2346.85
CUST002838,0.2949,8,7957.13,1.0,17.0,Direct,Silver,2346.56
CUST014679,0.2216,9,10588.3,6.0,99.0,Direct,Silver,2346.37
CUST004057,0.4586,6,5112.91,3.0,92.0,Paid Social,Bronze,2344.78
CUST014597,0.5063,5,4629.57,1.0,9.0,Paid Social,Bronze,2343.95
CUST019715,0.3893,7,6018.81,4.0,30.0,Email Campaign,Gold,2343.12
CUST011662,0.3573,7,6556.5,3.0,37.0,Direct,Gold,2342.64
CUST019099,0.3753,7,6239.879999999999,5.0,44.0,Marketplace,Silver,2341.83
CUST001957,0.3811,7,6144.7300000000005,3.0,29.0,Paid Social,Platinum,2341.76
CUST013284,0.1431,10,16347.880000000001,8.0,55.0,Referral,Bronze,2339.38
CUST006181,0.4062,6,5750.719999999999,2.0,15.0,Influencer,Bronze,2335.94
CUST009587,0.3124,8,7472.02,2.0,95.0,Referral,Gold,2334.26
CUST005356,0.3488,7,6691.97,2.0,118.0,Organic Search,Platinum,2334.16
CUST000894,0.9127,2,2557.13,2.0,102.0,Marketplace,Silver,2333.89
CUST016155,0.9362,2,2492.1800000000003,4.0,202.0,Direct,Gold,2333.18
CUST000749,0.7592,3,3072.36,3.0,81.0,Direct,Bronze,2332.54
CUST002862,0.5642,4,4133.48,1.0,30.0,Direct,Bronze,2332.11
CUST018133,0.4674,6,4988.87,1.0,20.0,,Bronze,2331.8
CUST011440,0.8803,3,2647.77,4.0,197.0,Direct,Gold,2330.83
CUST016400,0.3108,8,7497.79,3.0,102.0,Organic Search,Gold,2330.31
CUST006395,0.3561,7,6541.9,1.0,46.0,Influencer,,2329.57
CUST010060,0.207,9,11252.77,8.0,42.0,Email Campaign,Bronze,2329.32
CUST017078,0.9317,2,2499.91,5.0,140.0,Influencer,Gold,2329.17
CUST007413,0.2326,9,10012.16,4.0,15.0,Direct,Bronze,2328.83
CUST018055,0.3412,7,6825.27,2.0,142.0,Email Campaign,Gold,2328.78
CUST005454,0.4899,5,4753.41,4.0,25.0,Organic Search,Bronze,2328.7
CUST018383,0.7527,3,3093.29,2.0,35.0,Paid Social,Bronze,2328.32
CUST017967,0.3086,8,7544.25,3.0,23.0,Email Campaign,Silver,2328.16
CUST011819,0.455,6,5116.37,3.0,94.0,Referral,Bronze,2327.95
CUST007363,0.4017,6,5794.49,3.0,49.0,Influencer,Silver,2327.65
CUST019882,0.9484,2,2454.21,2.0,306.0,,Bronze,2327.57
CUST004949,0.1857,9,12532.91,3.0,9.0,Organic Search,Gold,2327.36
CUST014452,0.3356,7,6930.29,7.0,25.0,Paid Social,Bronze,2325.81
CUST014715,0.6014,4,3865.48,5.0,46.0,Organic Search,,2324.7
CUST014167,0.1617,10,14374.52,11.0,8.0,Organic Search,Gold,2324.36
CUST018131,0.1642,10,14144.369999999999,8.0,6.0,Referral,Bronze,2322.51
CUST017283,0.3255,8,7131.81,4.0,18.0,Referral,Bronze,2321.4
CUST005104,0.3507,7,6618.620000000001,5.0,12.0,Paid Social,Silver,2321.15
CUST019773,0.3442,7,6741.05,4.0,8.0,Influencer,Bronze,2320.27
CUST000274,0.4974,5,4664.71,3.0,0.0,Influencer,Silver,2320.23
CUST002464,0.254,9,9132.54,4.0,23.0,,Bronze,2319.67
CUST012061,0.5069,5,4575.620000000001,2.0,97.0,,,2319.38
CUST017935,0.1242,10,18670.89,9.0,8.0,Paid Social,Gold,2318.92
CUST018683,0.0551,10,42072.84,14.0,26.0,Referral,Bronze,2318.21
CUST012566,0.0438,10,52900.94,17.0,29.0,Referral,Gold,2317.06
CUST007131,0.4666,6,4965.27,1.0,42.0,Referral,Silver,2316.79
CUST016922,0.154,10,15037.41,10.0,37.0,Email Campaign,Bronze,2315.76
CUST007789,0.5684,4,4074.06,3.0,30.0,,Gold,2315.7
CUST007114,0.6239,4,3711.64,1.0,9.0,Paid Social,Silver,2315.69
CUST010315,0.5006,5,4623.51,3.0,28.0,Influencer,Bronze,2314.53
CUST010063,0.8264,3,2800.21,3.0,66.0,Paid Social,Bronze,2314.09
CUST005084,0.3412,7,6780.14,2.0,28.0,Marketplace,Bronze,2313.38
CUST011981,0.4659,6,4963.85,4.0,278.0,Direct,Bronze,2312.66
CUST014586,0.3576,7,6466.29,2.0,24.0,Marketplace,,2312.35
CUST015911,0.2808,8,8233.21,5.0,123.0,,Platinum,2311.89
CUST002013,0.0956,10,24177.28,8.0,8.0,Organic Search,Platinum,2311.35
CUST008973,0.2049,9,11271.04,12.0,5.0,Marketplace,Bronze,2309.44
CUST000416,0.6224,4,3708.91,1.0,126.0,Paid Social,Bronze,2308.43
CUST011977,0.3478,7,6635.59,4.0,53.0,Organic Search,Bronze,2307.86
CUST007720,0.3115,8,7407.77,3.0,108.0,Email Campaign,Gold,2307.52
CUST010671,0.458,6,5038.120000000001,3.0,57.0,Influencer,Bronze,2307.46
CUST017757,0.8247,3,2796.77,2.0,58.0,Paid Social,Bronze,2306.5
CUST001326,0.3921,7,5871.61,2.0,169.0,Paid Social,Silver,2302.26
CUST010356,0.2815,8,8176.12,2.0,142.0,Organic Search,Platinum,2301.58
CUST006285,0.4014,6,5732.48,4.0,67.0,,Platinum,2301.02
CUST010113,0.3284,8,7006.59,8.0,50.0,Direct,Silver,2300.96
CUST017132,0.3391,7,6782.870000000001,3.0,82.0,Paid Social,Bronze,2300.07
CUST014071,0.1698,10,13544.94,7.0,85.0,Influencer,Silver,2299.93
CUST008634,0.6045,4,3803.56,3.0,37.0,Paid Social,Bronze,2299.25
CUST019848,0.8901,3,2581.51,2.0,105.0,Direct,Bronze,2297.8
CUST018734,0.4238,6,5421.200000000001,2.0,131.0,Paid Social,Bronze,2297.5
CUST000939,0.1526,10,15052.78,8.0,28.0,,Gold,2297.05
CUST005712,0.1644,10,13970.83,8.0,74.0,Organic Search,,2296.8
CUST002292,0.2665,8,8616.46,4.0,118.0,Organic Search,Bronze,2296.29
CUST012150,0.205,9,11198.57,6.0,8.0,Email Campaign,Bronze,2295.71
CUST009542,0.4325,6,5307.209999999999,4.0,10.0,Email Campaign,Silver,2295.37
CUST013017,0.379,7,6055.08,3.0,29.0,Referral,Bronze,2294.88
CUST018031,0.2628,8,8730.99,6.0,15.0,Referral,Silver,2294.5
CUST004009,0.3627,7,6324.0,4.0,30.0,Organic Search,Bronze,2293.71
CUST002582,0.5104,5,4492.89,3.0,45.0,Organic Search,Bronze,2293.17
CUST007027,0.2798,8,8194.869999999999,2.0,19.0,Email Campaign,Silver,2292.92
CUST004877,0.7877,3,2910.24,1.0,84.0,Organic Search,,2292.4
CUST014930,0.5636,4,4065.0,4.0,88.0,Direct,Bronze,2291.03
CUST010375,0.3261,8,7025.4800000000005,3.0,5.0,Direct,Gold,2291.01
CUST010202,0.4241,6,5399.98,3.0,38.0,Organic Search,Bronze,2290.13
CUST003148,0.1832,9,12500.63,12.0,98.0,,Platinum,2290.12
CUST011976,0.8853,3,2586.6,1.0,107.0,Referral,,2289.92
CUST005666,0.3789,7,6040.67,1.0,87.0,Marketplace,Bronze,2288.81
CUST011895,0.1764,9,12973.08,7.0,8.0,Email Campaign,Platinum,2288.45
CUST002033,0.4613,6,4960.13,2.0,8.0,Influencer,Bronze,2288.11
CUST010046,0.1205,10,18987.46,8.0,75.0,Referral,Silver,2287.99
CUST008343,0.1955,9,11703.24,9.0,0.0,Email Campaign,Bronze,2287.98
CUST004444,0.9062,3,2524.27,2.0,230.0,Email Campaign,Bronze,2287.49
CUST002592,0.5706,4,4007.91,1.0,157.0,Referral,Bronze,2286.91
CUST009812,0.515,5,4440.45,2.0,67.0,,Gold,2286.83
CUST012878,0.9793,1,2334.88,1.0,451.0,Influencer,Bronze,2286.55
CUST016272,0.1071,10,21346.34,9.0,27.0,Referral,Silver,2286.19
CUST000117,0.889,3,2570.81,4.0,132.0,Influencer,,2285.45
CUST011128,0.7631,3,2992.84,4.0,37.0,Direct,Silver,2283.84
CUST007228,0.4718,5,4840.57,2.0,88.0,Direct,Silver,2283.78
CUST000360,0.8019,3,2847.95,5.0,71.0,Organic Search,,2283.77
CUST003134,0.3997,6,5710.95,2.0,26.0,Direct,Platinum,2282.67
CUST013300,0.0903,10,25272.2,15.0,32.0,Organic Search,Silver,2282.08
CUST015560,0.34,7,6711.9400000000005,3.0,107.0,Direct,Bronze,2282.06
CUST003325,0.2284,9,9985.98,6.0,26.0,Organic Search,Silver,2280.8
CUST015405,0.6198,4,3678.6499999999996,5.0,145.0,Paid Social,Bronze,2280.03
CUST004135,0.9661,1,2358.6800000000003,3.0,405.0,Email Campaign,Gold,2278.72
CUST003776,0.2075,9,10981.310000000001,3.0,21.0,Direct,,2278.62
CUST013133,0.3525,7,6463.91,4.0,269.0,Referral,Gold,2278.53
CUST017083,0.5135,5,4436.1,2.0,23.0,Paid Social,Bronze,2277.94
CUST019175,0.2954,8,7710.32,5.0,11.0,Organic Search,Silver,2277.63
CUST015512,0.0867,10,26266.97,8.0,107.0,Referral,Gold,2277.35
CUST003016,0.1404,10,16218.96,9.0,0.0,Email Campaign,Gold,2277.14
CUST004619,0.3885,7,5860.4,2.0,43.0,Email Campaign,Bronze,2276.77
CUST013880,0.5356,5,4250.77,2.0,86.0,Organic Search,Bronze,2276.71
CUST003763,0.5568,4,4088.84,3.0,104.0,Organic Search,Platinum,2276.67
CUST008873,0.1058,10,21494.09,10.0,39.0,,,2274.07
CUST000299,0.0801,10,28389.84,13.0,3.0,Referral,Bronze,2274.03
CUST009132,0.8936,3,2544.06,4.0,126.0,Direct,Bronze,2273.37
CUST000724,0.539,5,4215.49,3.0,47.0,Email Campaign,Bronze,2272.15
CUST019270,0.9818,1,2313.78,2.0,431.0,,Bronze,2271.67
CUST009733,0.1153,10,19690.3,10.0,35.0,Organic Search,Silver,2270.29
CUST006136,0.3038,8,7470.0599999999995,3.0,74.0,,Silver,2269.4
CUST005814,0.2399,9,9459.52,6.0,107.0,Organic Search,Silver,2269.34
CUST015513,0.3431,7,6611.62,8.0,83.0,Referral,Silver,2268.45
CUST015601,0.1683,10,13473.96,8.0,27.0,Influencer,Silver,2267.67
CUST016395,0.3574,7,6340.9400000000005,2.0,20.0,Paid Social,Bronze,2266.25
CUST010199,0.3007,8,7533.45,3.0,9.0,Organic Search,Bronze,2265.31
CUST006256,0.3232,8,7006.35,4.0,76.0,Influencer,Bronze,2264.45
CUST017885,0.2647,8,8553.36,5.0,1.0,Email Campaign,Bronze,2264.07
CUST011307,0.3627,7,6238.33,6.0,13.0,Organic Search,,2262.64
CUST008412,0.3802,7,5950.94,4.0,4.0,Marketplace,Gold,2262.55
CUST002721,0.3657,7,6186.84,2.0,15.0,Influencer,Silver,2262.53
CUST012503,0.3827,7,5910.84,1.0,4.0,Paid Social,Bronze,2262.08
CUST000961,0.3591,7,6299.129999999999,4.0,79.0,Paid Social,Bronze,2262.02
CUST008457,0.9442,2,2395.4,8.0,199.0,Organic Search,Gold,2261.74
CUST004828,0.4436,6,5097.5199999999995,2.0,32.0,Direct,Silver,2261.26
CUST017684,0.1174,10,19259.69,13.0,3.0,,Platinum,2261.09
CUST002234,0.9237,2,2447.5,3.0,289.0,Referral,Silver,2260.76
CUST002438,0.1672,10,13519.52,7.0,3.0,Marketplace,,2260.46
CUST016180,0.2486,9,9092.21,3.0,3.0,Influencer,Silver,2260.32
CUST002897,0.2621,8,8617.98,7.0,100.0,Paid Social,Bronze,2258.77
CUST016887,0.3148,8,7174.710000000001,3.0,37.0,Influencer,Bronze,2258.6
CUST003498,0.3401,7,6640.139999999999,2.0,115.0,Referral,Bronze,2258.31
CUST007885,0.9411,2,2399.64,4.0,191.0,Paid Social,Bronze,2258.3
CUST011964,0.6354,4,3553.75,2.0,52.0,Direct,Bronze,2258.05
CUST000576,0.1389,10,16254.28,8.0,95.0,Paid Social,Bronze,2257.72
CUST001767,0.7982,3,2828.24,2.0,65.0,Paid Social,Gold,2257.5
CUST013588,0.9462,2,2384.63,3.0,370.0,Direct,Gold,2256.34
CUST000857,0.8976,3,2513.58,1.0,132.0,Marketplace,Silver,2256.19
CUST017463,0.9472,2,2381.4,2.0,348.0,Email Campaign,Bronze,2255.66
CUST003742,0.5186,5,4348.5,1.0,184.0,Paid Social,Bronze,2255.13
CUST012450,0.3296,8,6840.67,4.0,10.0,,Platinum,2254.68
CUST013543,0.4843,5,4655.4400000000005,2.0,27.0,Organic Search,Bronze,2254.63
CUST012807,0.9767,1,2306.66,3.0,217.0,Direct,Bronze,2252.91
CUST003958,0.5153,5,4371.139999999999,4.0,37.0,Paid Social,Bronze,2252.45
CUST006077,0.1285,10,17520.19,9.0,35.0,Organic Search,Silver,2251.34
CUST000123,0.9675,1,2326.27,4.0,244.0,Referral,Gold,2250.67
CUST014011,0.9741,1,2309.96,3.0,236.0,Organic Search,Bronze,2250.13
CUST014986,0.1101,10,20434.98,7.0,16.0,Direct,Gold,2249.89
CUST007894,0.4993,5,4504.92,1.0,198.0,Direct,Bronze,2249.31
CUST002587,0.229,9,9820.31,4.0,40.0,Email Campaign,Bronze,2248.85
CUST010613,0.9686,1,2321.72,3.0,332.0,Email Campaign,Bronze,2248.82
CUST011041,0.1667,10,13487.75,5.0,11.0,Direct,Gold,2248.41
CUST015452,0.3036,8,7401.43,2.0,9.0,Marketplace,Platinum,2247.07
CUST019880,0.0545,10,41221.270000000004,19.0,0.0,Direct,Silver,2246.56
CUST005941,0.2803,8,8013.79,9.0,27.0,,Bronze,2246.27
CUST010102,0.1839,9,12208.529999999999,9.0,10.0,Organic Search,Platinum,2245.15
CUST016480,0.6342,4,3537.08,4.0,64.0,,Gold,2243.22
CUST012800,0.9736,1,2303.66,2.0,347.0,Influencer,,2242.84
CUST016465,0.188,9,11924.59,4.0,9.0,Organic Search,Silver,2241.82
CUST006885,0.056,10,40026.46,18.0,8.0,Referral,Gold,2241.48
CUST012681,0.3654,7,6134.24,6.0,31.0,Organic Search,Silver,2241.45
CUST002211,0.4733,5,4735.73,4.0,68.0,Paid Social,Bronze,2241.42
CUST014077,0.5318,5,4212.889999999999,3.0,97.0,Paid Social,Platinum,2240.41
CUST016255,0.8799,3,2545.62,2.0,76.0,Direct,Bronze,2239.89
CUST015552,0.0945,10,23702.149999999998,7.0,37.0,Referral,Gold,2239.85
CUST015811,0.2835,8,7897.02,6.0,10.0,Paid Social,,2238.81
CUST012774,0.2562,9,8734.03,10.0,1.0,Email Campaign,Bronze,2237.66
CUST012436,0.9728,1,2299.75,1.0,384.0,Paid Social,Bronze,2237.2
CUST009047,0.3301,8,6775.719999999999,4.0,74.0,Organic Search,,2236.67
CUST007569,0.231,9,9675.61,7.0,18.0,Marketplace,Platinum,2235.07
CUST018069,0.8972,3,2489.85,2.0,244.0,Influencer,Bronze,2233.89
CUST005077,0.6475,4,3449.33,2.0,51.0,Referral,Bronze,2233.44
CUST017096,0.0584,10,38226.83,17.0,23.0,Email Campaign,Silver,2232.45
CUST007360,0.9371,2,2381.51,1.0,205.0,,Bronze,2231.71
CUST018763,0.4474,6,4987.98,3.0,32.0,Paid Social,,2231.62
CUST007479,0.9808,1,2274.6899999999996,4.0,245.0,Email Campaign,Silver,2231.02
CUST018336,0.3157,8,7064.280000000001,5.0,134.0,Paid Social,Silver,2230.19
CUST019409,0.2676,8,8325.1,5.0,71.0,Organic Search,Silver,2227.8
CUST008460,0.3254,8,6844.6,3.0,145.0,Influencer,,2227.23
CUST001955,0.7719,3,2884.92,3.0,68.0,Paid Social,Bronze,2226.87
CUST018881,0.232,9,9592.95,1.0,2.0,Organic Search,Platinum,2225.56
CUST017205,0.1717,9,12960.539999999999,8.0,17.0,Marketplace,Bronze,2225.32
CUST002744,0.5892,4,3776.0,1.0,99.0,Email Campaign,Bronze,2224.82
CUST011529,0.126,10,17649.14,8.0,3.0,Email Campaign,Silver,2223.79
CUST003250,0.3932,7,5654.27,5.0,6.0,,Bronze,2223.26
CUST006735,0.9835,1,2259.89,1.0,364.0,,Bronze,2222.6
CUST013479,0.3356,7,6620.32,1.0,17.0,Email Campaign,Gold,2221.78
CUST009559,0.4455,6,4986.53,5.0,78.0,Paid Social,Gold,2221.5
CUST017893,0.0507,10,43808.42,16.0,26.0,Referral,Platinum,2221.09
CUST009738,0.3128,8,7096.22,6.0,81.0,Organic Search,Bronze,2219.7
CUST016342,0.9077,2,2445.23,5.0,108.0,Direct,Bronze,2219.54
CUST001929,0.4824,5,4599.740000000001,2.0,4.0,Organic Search,Bronze,2218.91
CUST006297,0.4155,6,5337.700000000001,5.0,105.0,Organic Search,Bronze,2217.81
CUST008941,0.0645,10,34371.82,9.0,3.0,Email Campaign,Silver,2216.98
CUST003928,0.1341,10,16531.73,7.0,31.0,Direct,Silver,2216.9
CUST006955,0.434,6,5104.31,1.0,15.0,,Silver,2215.27
CUST003110,0.4531,6,4888.26,1.0,353.0,Organic Search,Silver,2214.87
CUST002127,0.1564,10,14158.07,10.0,8.0,Direct,Gold,2214.32
CUST001617,0.1001,10,22118.18,9.0,41.0,Marketplace,Gold,2214.03
CUST004439,0.0914,10,24215.15,12.0,59.0,Organic Search,,2213.26
CUST017453,0.6063,4,3650.25,1.0,205.0,Email Campaign,Bronze,2213.15
CUST017161,0.1517,10,14585.5,6.0,15.0,Direct,Silver,2212.62
CUST003022,0.4328,6,5111.3099999999995,5.0,11.0,Referral,Bronze,2212.17
CUST013903,0.4403,6,5022.27,2.0,156.0,,Gold,2211.31
CUST001826,0.486,5,4549.75,1.0,97.0,Direct,,2211.18
CUST002803,0.0281,10,78672.37,22.0,1.0,Organic Search,Platinum,2210.69
CUST011158,0.1051,10,21025.14,9.0,59.0,Referral,Gold,2209.74
CUST014020,0.39,7,5663.790000000001,4.0,25.0,Organic Search,Silver,2208.88
CUST015996,0.3893,7,5673.16,1.0,11.0,Organic Search,Bronze,2208.56
CUST005678,0.4506,6,4900.98,4.0,57.0,Referral,Bronze,2208.38
CUST006081,0.8176,3,2700.1400000000003,4.0,78.0,,Silver,2207.63
CUST015738,0.4239,6,5204.18,3.0,122.0,Paid Social,Bronze,2206.05
CUST009632,0.9673,1,2280.56,2.0,271.0,Referral,Platinum,2205.99
CUST018983,0.4664,6,4728.7300000000005,3.0,120.0,Organic Search,Bronze,2205.48
CUST008447,0.3651,7,6038.5599999999995,7.0,39.0,Marketplace,Silver,2204.68
CUST016964,0.6037,4,3650.3199999999997,4.0,49.0,,Silver,2203.7
CUST017523,0.3354,7,6569.93,6.0,98.0,Email Campaign,Silver,2203.55
CUST015899,0.9838,1,2239.56,2.0,437.0,,Gold,2203.28
CUST010342,0.6135,4,3584.84,3.0,106.0,Paid Social,Bronze,2199.3
CUST007317,0.9946,1,2210.69,2.0,290.0,Email Campaign,,2198.75
CUST002692,0.1643,10,13382.32,11.0,54.0,Organic Search,Silver,2198.72
CUST017261,0.3901,7,5635.46,1.0,4.0,Organic Search,Bronze,2198.39
CUST017823,0.8972,3,2449.97,1.0,49.0,Organic Search,Silver,2198.11
CUST019052,0.1867,9,11772.16,6.0,33.0,Referral,Bronze,2197.86
CUST014734,0.0854,10,25733.73,13.0,35.0,Email Campaign,Bronze,2197.66
CUST011066,0.4115,6,5340.030000000001,3.0,50.0,Referral,Gold,2197.42
CUST012980,0.0929,10,23641.48,7.0,9.0,Organic Search,Gold,2196.29
CUST005214,0.4518,6,4860.82,3.0,83.0,Direct,Bronze,2196.12
CUST004740,0.0871,10,25205.800000000003,15.0,58.0,Referral,,2195.43
CUST014100,0.2774,8,7913.82,6.0,15.0,Influencer,Bronze,2195.29
CUST002051,0.3034,8,7234.030000000001,6.0,4.0,Direct,Bronze,2194.8
CUST015045,0.5149,5,4262.56,2.0,144.0,Direct,Bronze,2194.79
CUST008113,0.3692,7,5944.49,5.0,26.0,Referral,Bronze,2194.71
CUST019561,0.1797,9,12206.36,8.0,28.0,Marketplace,Platinum,2193.48
CUST007876,0.899,3,2439.74,1.0,77.0,Organic Search,Silver,2193.33
CUST007106,0.3839,7,5712.83,1.0,32.0,Email Campaign,Silver,2193.16
CUST012762,0.4383,6,5002.55,5.0,122.0,Referral,Bronze,2192.62
CUST018265,0.378,7,5793.050000000001,4.0,49.0,,Bronze,2189.77
CUST015813,0.3524,7,6213.54,2.0,1.0,Paid Social,Silver,2189.65
CUST015111,0.4834,5,4529.41,2.0,10.0,Organic Search,Silver,2189.52
CUST007204,0.4108,6,5329.27,1.0,121.0,Referral,Silver,2189.26
CUST015265,0.3139,8,6973.61,5.0,51.0,Marketplace,Silver,2189.02
CUST003940,0.6483,4,3376.4500000000003,2.0,235.0,Influencer,Bronze,2188.95
CUST007934,0.383,7,5715.18,4.0,8.0,Paid Social,Gold,2188.91
CUST018998,0.3835,7,5706.8,2.0,122.0,Email Campaign,Bronze,2188.56
CUST018198,0.3905,7,5604.450000000001,3.0,68.0,Influencer,Gold,2188.54
CUST017961,0.9799,1,2232.99,1.0,325.0,Direct,,2188.11
CUST018263,0.8171,3,2677.84,4.0,41.0,Direct,Silver,2188.06
CUST014825,0.3368,7,6496.150000000001,7.0,122.0,Email Campaign,Silver,2187.9
CUST009328,0.1599,10,13679.12,6.0,61.0,Email Campaign,Silver,2187.29
CUST009255,0.9041,3,2418.89,6.0,140.0,Referral,Bronze,2186.92
CUST011288,0.2632,8,8308.189999999999,2.0,4.0,Direct,Bronze,2186.72
CUST009320,0.0493,10,44346.56,16.0,31.0,,Platinum,2186.29
CUST000633,0.2576,9,8486.08,6.0,0.0,Organic Search,Bronze,2186.01
CUST017108,0.3263,8,6691.82,2.0,113.0,Organic Search,Silver,2183.54
CUST015716,0.9092,2,2400.86,3.0,119.0,Direct,Silver,2182.86
CUST009249,0.8812,3,2474.9,3.0,206.0,Paid Social,Gold,2180.88
CUST003566,0.1544,10,14120.580000000002,10.0,14.0,Direct,Bronze,2180.22
CUST001912,0.4167,6,5231.86,3.0,14.0,Direct,Platinum,2180.12
CUST013744,0.9123,2,2388.41,4.0,164.0,Referral,Gold,2178.95
CUST016383,0.1815,9,12003.05,6.0,50.0,Referral,Platinum,2178.55
CUST016937,0.4213,6,5170.3099999999995,4.0,99.0,Organic Search,Bronze,2178.25
CUST007497,0.9277,2,2347.86,3.0,120.0,Direct,,2178.11
CUST005363,0.6337,4,3435.03,2.0,58.0,Influencer,Bronze,2176.78
CUST002083,0.9585,2,2269.79,1.0,178.0,Direct,Bronze,2175.59
CUST012649,0.3623,7,6004.59,2.0,19.0,Organic Search,Bronze,2175.46
CUST012399,0.9849,1,2207.98,1.0,429.0,Influencer,Silver,2174.64
CUST019472,0.4606,6,4721.3,2.0,1.0,,Bronze,2174.63
CUST007682,0.4467,6,4867.65,1.0,11.0,Organic Search,Bronze,2174.38
CUST003428,0.0573,10,37941.47,12.0,39.0,Referral,Gold,2174.05
CUST010599,0.1806,9,12036.369999999999,7.0,45.0,Email Campaign,Silver,2173.77
CUST011436,0.2394,9,9079.349999999999,3.0,9.0,Organic Search,Silver,2173.6
CUST007985,0.8327,3,2608.81,2.0,58.0,Influencer,Gold,2172.36
CUST005286,0.4418,6,4917.01,1.0,61.0,Organic Search,Bronze,2172.34
CUST016641,0.1918,9,11318.27,6.0,92.0,Direct,Gold,2170.84
CUST012636,0.5176,5,4189.54,2.0,10.0,Organic Search,Bronze,2168.51
CUST019462,0.1269,10,17075.4,9.0,89.0,Email Campaign,Silver,2166.87
CUST005835,0.4076,6,5315.08,2.0,121.0,Referral,Bronze,2166.43
CUST003761,0.9212,2,2351.57,1.0,169.0,Organic Search,Bronze,2166.27
CUST016691,0.2429,9,8914.58,10.0,73.0,Organic Search,Bronze,2165.35
CUST011303,0.3391,7,6383.85,6.0,62.0,Influencer,Bronze,2164.76
CUST017295,0.9166,2,2361.63,2.0,133.0,Paid Social,Bronze,2164.67
CUST004224,0.8782,3,2464.4700000000003,3.0,107.0,Paid Social,Gold,2164.3
CUST009533,0.4087,6,5295.030000000001,4.0,18.0,Direct,Silver,2164.08
CUST010645,0.3692,7,5856.68,4.0,28.0,Organic Search,Silver,2162.29
CUST015278,0.4561,6,4740.44,1.0,35.0,Email Campaign,,2162.11
CUST016476,0.9791,1,2208.13,3.0,200.0,Influencer,Bronze,2161.98
CUST014963,0.2436,9,8873.470000000001,6.0,126.0,Influencer,,2161.58
CUST006762,0.6769,4,3192.56,1.0,205.0,Paid Social,Gold,2161.04
CUST007552,0.83,3,2601.71,2.0,50.0,Email Campaign,Bronze,2159.42
CUST005749,0.2205,9,9791.29,8.0,149.0,Organic Search,Bronze,2158.98
CUST005262,0.4442,6,4859.08,2.0,2.0,,Gold,2158.4
CUST013185,0.2406,9,8964.74,9.0,7.0,Influencer,Bronze,2156.92
CUST018552,0.2784,8,7741.49,4.0,26.0,Referral,Bronze,2155.23
CUST011014,0.3757,7,5735.39,2.0,158.0,Organic Search,Silver,2154.79
CUST014803,0.1006,10,21405.329999999998,11.0,25.0,Email Campaign,Silver,2153.38
CUST012853,0.1259,10,17097.41,8.0,36.0,Referral,Silver,2152.56
CUST013475,0.4323,6,4979.24,2.0,142.0,Organic Search,,2152.53
CUST008986,0.2478,9,8685.7,4.0,24.0,,,2152.32
CUST009674,0.3696,7,5823.22,2.0,0.0,Influencer,Silver,2152.26
CUST010805,0.2092,9,10285.95,10.0,7.0,Direct,Bronze,2151.82
CUST011807,0.3478,7,6185.719999999999,3.0,123.0,Paid Social,Bronze,2151.39
CUST009140,0.4636,6,4636.08,1.0,5.0,Direct,,2149.29
CUST018369,0.4909,5,4376.84,2.0,164.0,Organic Search,Bronze,2148.59
CUST010483,0.9849,1,2180.05,1.0,284.0,Marketplace,Bronze,2147.13
CUST019162,0.9354,2,2295.0,2.0,190.0,Organic Search,Silver,2146.74
CUST017663,0.3794,7,5654.07,4.0,9.0,Influencer,,2145.15
CUST019824,0.0685,10,31311.27,16.0,24.0,Organic Search,,2144.82
CUST006983,0.139,10,15426.599999999999,7.0,21.0,Referral,,2144.3
CUST011898,0.2954,8,7256.71,2.0,2.0,Influencer,Bronze,2143.63
CUST014850,0.4744,5,4516.25,1.0,12.0,Email Campaign,Bronze,2142.51
CUST007039,0.9455,2,2265.63,5.0,212.0,,Bronze,2142.15
CUST008639,0.8646,3,2477.55,3.0,97.0,Paid Social,Silver,2142.09
CUST014698,0.8886,3,2409.75,2.0,118.0,Paid Social,Gold,2141.3
CUST004926,0.1805,9,11861.83,8.0,27.0,Organic Search,Bronze,2141.06
CUST019904,0.3375,7,6341.65,6.0,44.0,Organic Search,Silver,2140.31
CUST012151,0.3695,7,5782.01,2.0,2.0,Organic Search,Silver,2136.45
CUST000358,0.5641,4,3786.76,6.0,55.0,Organic Search,Bronze,2136.11
CUST018609,0.201,9,10624.41,4.0,21.0,Email Campaign,Platinum,2135.51
CUST005066,0.9884,1,2159.38,3.0,291.0,Paid Social,Silver,2134.33
CUST004427,0.4848,5,4400.92,3.0,148.0,Organic Search,,2133.57
CUST008313,0.7213,4,2957.08,1.0,85.0,Influencer,Platinum,2132.94
CUST010626,0.8949,3,2383.29,3.0,115.0,Referral,,2132.81
CUST011034,0.2961,8,7190.550000000001,4.0,118.0,Marketplace,Silver,2129.12
CUST019225,0.1512,10,14073.869999999999,9.0,48.0,Marketplace,Silver,2127.97
CUST010128,0.0982,10,21644.76,12.0,32.0,Referral,Bronze,2125.52
CUST016324,0.3435,7,6187.21,4.0,122.0,Paid Social,Bronze,2125.31
CUST013050,0.4308,6,4931.6900000000005,4.0,56.0,Organic Search,Bronze,2124.57
CUST008748,0.3003,8,7074.12,3.0,5.0,Direct,Platinum,2124.36
CUST014435,0.9839,1,2159.1,1.0,429.0,Organic Search,Gold,2124.34
CUST019159,0.3677,7,5776.5,1.0,33.0,Influencer,Silver,2124.02
CUST013469,0.9914,1,2142.27,3.0,372.0,Marketplace,Gold,2123.85
CUST006410,0.576,4,3686.71,2.0,231.0,Direct,Bronze,2123.54
CUST013870,0.1909,9,11123.57,4.0,4.0,Organic Search,Silver,2123.49
CUST013011,0.2392,9,8876.8,9.0,4.0,Referral,Silver,2123.33
CUST012289,0.5029,5,4221.48,3.0,5.0,,Bronze,2122.98
CUST900055,0.9869,1,2150.55,1.0,262.0,,Bronze,2122.38
CUST013394,0.9158,2,2316.93,1.0,177.0,,,2121.84
CUST018789,0.9613,2,2204.54,3.0,195.0,Email Campaign,Bronze,2119.22
CUST005687,0.5192,5,4080.38,4.0,70.0,Organic Search,Silver,2118.53
CUST013637,0.1948,9,10873.09,10.0,86.0,Email Campaign,Bronze,2118.08
CUST002247,0.139,10,15235.93,8.0,16.0,Email Campaign,Gold,2117.79
CUST007134,0.1476,10,14341.44,11.0,30.0,Organic Search,Bronze,2116.8
CUST014289,0.3888,7,5443.51,5.0,173.0,Paid Social,Bronze,2116.44
CUST012587,0.9676,1,2186.87,3.0,234.0,Paid Social,Bronze,2116.02
CUST008271,0.32,8,6609.99,6.0,136.0,Influencer,Bronze,2115.2
CUST014375,0.4899,5,4315.57,2.0,58.0,Organic Search,,2114.2
CUST012200,0.8847,3,2389.01,1.0,97.0,Influencer,Bronze,2113.56
CUST011583,0.3091,8,6836.960000000001,5.0,43.0,Referral,Silver,2113.3
CUST008830,0.1939,9,10896.28,6.0,11.0,Referral,Bronze,2112.79
CUST010008,0.1808,9,11684.7,8.0,2.0,Paid Social,Silver,2112.59
CUST009997,0.8811,3,2397.43,1.0,75.0,Referral,Bronze,2112.38
CUST002513,0.223,9,9472.46,3.0,37.0,Email Campaign,Platinum,2112.36
CUST017881,0.9338,2,2261.49,2.0,179.0,Direct,Silver,2111.78
CUST009225,0.165,10,12794.58,6.0,10.0,Organic Search,Gold,2111.11
CUST010817,0.9242,2,2284.24,1.0,120.0,Organic Search,Silver,2111.09
CUST007573,0.8103,3,2605.01,3.0,66.0,Email Campaign,Bronze,2110.84
CUST002154,0.1806,9,11682.789999999999,6.0,14.0,Influencer,Platinum,2109.91
CUST014779,0.2097,9,10055.2,3.0,52.0,Paid Social,Silver,2108.58
CUST004747,0.9757,1,2160.42,4.0,307.0,Direct,Gold,2107.92
CUST016165,0.8716,3,2417.51,1.0,217.0,Paid Social,,2107.1
CUST014198,0.2378,9,8859.77,7.0,35.0,Influencer,Bronze,2106.85
CUST005820,0.2003,9,10517.66,6.0,27.0,Organic Search,Bronze,2106.69
CUST004778,0.962,1,2189.74,4.0,356.0,Influencer,Platinum,2106.53
CUST003402,0.9435,2,2232.22,1.0,171.0,Referral,Bronze,2106.1
CUST008589,0.9726,1,2165.1899999999996,5.0,350.0,Direct,Bronze,2105.86
CUST001769,0.3819,7,5513.139999999999,4.0,109.0,Email Campaign,Bronze,2105.47
CUST004222,0.9602,2,2192.13,3.0,367.0,Influencer,Gold,2104.88
CUST005659,0.3487,7,6034.55,1.0,53.0,Referral,Gold,2104.25
CUST011356,0.2627,8,8005.61,7.0,16.0,Direct,Gold,2103.07
CUST009356,0.5621,4,3740.71,1.0,65.0,Paid Social,Gold,2102.65
CUST006465,0.0423,10,49693.6,14.0,7.0,Organic Search,Platinum,2102.04
CUST005587,0.237,9,8869.060000000001,3.0,35.0,Organic Search,,2101.97
CUST015426,0.4092,6,5136.7,6.0,11.0,Influencer,Bronze,2101.94
CUST005767,0.1433,10,14658.75,12.0,10.0,Paid Social,Silver,2100.6
CUST002454,0.251,9,8367.09,4.0,31.0,Direct,Bronze,2100.14
CUST019378,0.2814,8,7461.78,5.0,112.0,Influencer,Gold,2099.74
CUST016688,0.936,2,2242.38,5.0,122.0,Paid Social,Gold,2098.87
CUST016490,0.9675,1,2168.95,3.0,397.0,Organic Search,Bronze,2098.46
CUST002884,0.0703,10,29839.780000000002,9.0,6.0,Referral,Silver,2097.74
CUST004037,0.0329,10,63750.16,15.0,18.0,Influencer,Platinum,2097.38
CUST014128,0.5258,5,3988.69,3.0,96.0,Marketplace,Bronze,2097.25
CUST018288,0.9885,1,2120.8,1.0,338.0,Direct,Silver,2096.41
CUST004418,0.1236,10,16960.489999999998,8.0,103.0,Paid Social,Gold,2096.32
CUST011280,0.9802,1,2137.12,1.0,269.0,Organic Search,Gold,2094.81
CUST008186,0.4457,6,4699.59,2.0,28.0,Direct,Bronze,2094.61
CUST012726,0.5426,5,3857.38,1.0,34.0,Paid Social,Platinum,2093.01
CUST019404,0.1887,9,11090.11,6.0,3.0,,Gold,2092.7
CUST018130,0.0814,10,25693.559999999998,13.0,38.0,,Silver,2091.46
CUST015000,0.3927,7,5325.74,6.0,23.0,Influencer,Silver,2091.42
CUST008009,0.9215,2,2269.5299999999997,4.0,135.0,Organic Search,Bronze,2091.37
CUST003480,0.1104,10,18932.38,10.0,26.0,,Silver,2090.13
CUST017497,0.3219,8,6492.5599999999995,5.0,8.0,Paid Social,,2089.96
CUST003828,0.3316,8,6301.83,3.0,69.0,Organic Search,Bronze,2089.69
CUST014629,0.6195,4,3373.17,2.0,11.0,,Bronze,2089.68
CUST015248,0.3219,8,6489.98,2.0,0.0,Paid Social,Silver,2089.12
CUST018857,0.1215,10,17191.43,7.0,13.0,Direct,Silver,2088.76
CUST017633,0.4707,5,4436.18,3.0,179.0,Direct,Bronze,2088.11
CUST014487,0.3608,7,5785.05,1.0,8.0,Direct,Bronze,2087.25
CUST006872,0.5031,5,4148.19,1.0,71.0,Organic Search,Bronze,2086.95
CUST016050,0.4214,6,4952.23,1.0,108.0,Organic Search,Bronze,2086.87
CUST017434,0.2033,9,10265.0,8.0,47.0,Organic Search,Silver,2086.87
CUST013972,0.9335,2,2233.07,1.0,124.0,,Bronze,2084.57
CUST003267,0.5257,5,3963.87,3.0,187.0,Organic Search,Silver,2083.81
CUST008216,0.3493,7,5961.71,1.0,24.0,Referral,Bronze,2082.43
CUST003031,0.5355,5,3886.7000000000003,2.0,65.0,Organic Search,,2081.33
CUST002863,0.3034,8,6855.68,5.0,2.0,Paid Social,Platinum,2080.01
CUST008852,0.1977,9,10514.76,5.0,2.0,,Silver,2078.77
CUST001354,0.9913,1,2096.44,2.0,343.0,Organic Search,Bronze,2078.2
CUST004581,0.5685,4,3655.1,4.0,47.0,,Bronze,2077.92
CUST003579,0.1052,10,19750.28,7.0,27.0,Organic Search,Silver,2077.73
CUST000673,0.4159,6,4995.139999999999,3.0,25.0,Organic Search,Bronze,2077.48
CUST000438,0.2774,8,7488.93,6.0,1.0,Direct,Bronze,2077.43
CUST000298,0.4221,6,4920.45,1.0,160.0,Organic Search,Silver,2076.92
CUST013121,0.1025,10,20251.08,11.0,106.0,Direct,,2075.74
CUST010148,0.9751,1,2128.2799999999997,2.0,184.0,Organic Search,Gold,2075.29
CUST005422,0.3889,7,5335.64,4.0,15.0,Influencer,Bronze,2075.03
CUST012392,0.0398,10,52128.15,16.0,20.0,Referral,Platinum,2074.7
CUST002509,0.4084,6,5079.47,8.0,80.0,Paid Social,Platinum,2074.46
CUST003788,0.9684,1,2141.66,2.0,300.0,Marketplace,Bronze,2073.98
CUST006856,0.8068,3,2569.68,3.0,147.0,Direct,Bronze,2073.22
CUST015249,0.0806,10,25715.84,11.0,15.0,,Bronze,2072.7
CUST005164,0.3267,8,6341.25,4.0,113.0,Organic Search,Bronze,2071.69
CUST019913,0.1714,9,12084.73,11.0,26.0,Organic Search,Gold,2071.32
CUST002020,0.208,9,9954.630000000001,5.0,117.0,,,2070.56
CUST000337,0.9188,2,2251.7,1.0,86.0,Organic Search,Bronze,2068.86
CUST014882,0.221,9,9356.73,6.0,38.0,Referral,Silver,2067.84
CUST005169,0.9445,2,2188.17,2.0,198.0,Email Campaign,,2066.73
CUST002322,0.336,7,6147.12,3.0,38.0,Paid Social,Bronze,2065.43
CUST007361,0.1557,10,13260.68,8.0,28.0,,Gold,2064.69
CUST014397,0.9346,2,2208.57,1.0,353.0,Paid Social,Bronze,2064.13
CUST007490,0.3717,7,5550.490000000001,4.0,42.0,Influencer,Silver,2063.12
CUST017701,0.4052,6,5090.65,6.0,68.0,Paid Social,Silver,2062.73
CUST013931,0.9372,2,2200.51,1.0,98.0,Referral,Silver,2062.32
CUST010606,0.4475,6,4607.530000000001,3.0,17.0,Paid Social,Bronze,2061.87
CUST009892,0.3635,7,5671.25,4.0,56.0,Organic Search,Gold,2061.5
CUST012661,0.229,9,8999.580000000002,4.0,76.0,Referral,Platinum,2060.9
CUST018801,0.2661,8,7741.91,5.0,11.0,Organic Search,Bronze,2060.12
CUST013034,0.9828,1,2095.69,3.0,346.0,Organic Search,,2059.64
CUST007718,0.3304,8,6232.799999999999,5.0,82.0,Organic Search,Gold,2059.32
CUST016913,0.4154,6,4956.66,1.0,144.0,Direct,,2059.0
CUST015204,0.2935,8,7014.77,4.0,79.0,Organic Search,,2058.83
CUST016921,0.9427,2,2182.73,2.0,186.0,Referral,Bronze,2057.66
CUST001836,0.9077,2,2265.76,2.0,237.0,,Silver,2056.63
CUST005451,0.981,1,2096.29,4.0,231.0,Paid Social,,2056.46
CUST017456,0.2278,9,9019.36,9.0,11.0,Email Campaign,Bronze,2054.61
CUST003923,0.3503,7,5864.21,4.0,30.0,Email Campaign,Platinum,2054.23
CUST017002,0.5647,4,3637.62,1.0,192.0,,Silver,2054.16
CUST003769,0.9009,3,2279.05,3.0,98.0,,Bronze,2053.2
CUST017203,0.3227,8,6361.32,2.0,115.0,,Gold,2052.8
CUST000392,0.5607,4,3656.61,1.0,51.0,Influencer,Silver,2050.26
CUST014649,0.3401,7,6024.389999999999,3.0,126.0,Paid Social,Silver,2048.9
CUST006135,0.2993,8,6842.51,6.0,36.0,Direct,Gold,2047.96
CUST009280,0.9299,2,2201.97,1.0,125.0,Marketplace,Silver,2047.61
CUST019407,0.6754,4,3031.7,2.0,88.0,,Bronze,2047.61
CUST017424,0.5369,5,3813.67,2.0,18.0,Direct,Platinum,2047.56
CUST013178,0.211,9,9701.51,9.0,60.0,,Silver,2047.02
CUST009435,0.1027,10,19928.08,9.0,8.0,Direct,Silver,2046.61
CUST018829,0.5039,5,4060.0,2.0,184.0,Paid Social,Silver,2045.83
CUST006199,0.9194,2,2225.13,2.0,123.0,Organic Search,Silver,2045.78
CUST018090,0.2199,9,9301.73,6.0,45.0,Referral,Bronze,2045.45
CUST006902,0.0588,10,34772.479999999996,11.0,19.0,Direct,Gold,2044.62
CUST002679,0.5733,4,3566.09,1.0,73.0,Paid Social,Bronze,2044.44
CUST007009,0.0497,10,41117.68,14.0,30.0,Referral,Gold,2043.55
CUST016764,0.7079,4,2886.34,1.0,47.0,Marketplace,Bronze,2043.24
CUST006559,0.8906,3,2293.71,2.0,136.0,Direct,Silver,2042.78
CUST008012,0.9896,1,2063.88,1.0,454.0,Organic Search,Silver,2042.42
CUST013671,0.891,3,2291.62,4.0,109.0,Referral,Bronze,2041.83
CUST008660,0.4175,6,4889.6900000000005,3.0,132.0,Email Campaign,Bronze,2041.45
CUST018038,0.0488,10,41821.11,20.0,3.0,Marketplace,Platinum,2040.87
CUST012495,0.378,7,5397.04,3.0,48.0,Organic Search,,2040.08
CUST013668,0.9818,1,2077.73,1.0,403.0,Organic Search,Bronze,2039.92
CUST006377,0.5687,4,3586.0,1.0,54.0,Paid Social,Silver,2039.36
CUST000501,0.4264,6,4779.21,3.0,18.0,Organic Search,Gold,2037.86
CUST006580,0.1636,10,12455.86,9.0,6.0,Paid Social,Platinum,2037.78
CUST019582,0.1694,10,12025.489999999998,9.0,10.0,Organic Search,,2037.12
CUST016013,0.979,1,2080.79,2.0,294.0,Marketplace,Silver,2037.09
CUST019935,0.9515,2,2140.91,3.0,214.0,Paid Social,,2037.08
CUST001261,0.1597,10,12752.06,7.0,125.0,Direct,Bronze,2036.5
CUST010972,0.9057,3,2248.4,1.0,438.0,Referral,Gold,2036.38
CUST008454,0.9761,1,2086.17,2.0,250.0,Organic Search,Bronze,2036.31
CUST015759,0.5877,4,3459.78,1.0,149.0,Direct,Bronze,2033.31
CUST018321,0.2409,9,8439.07,7.0,0.0,Influencer,,2032.97
CUST007775,0.2597,8,7823.8,2.0,74.0,Referral,Gold,2031.84
CUST004267,0.8199,3,2477.87,2.0,73.0,Referral,Bronze,2031.61
CUST019623,0.4659,6,4355.25,1.0,10.0,Email Campaign,Gold,2029.11
CUST012553,0.2854,8,7105.56,5.0,136.0,Organic Search,Bronze,2027.93
CUST005638,0.3468,7,5845.58,3.0,2.0,Direct,Silver,2027.25
CUST017840,0.2872,8,7058.639999999999,7.0,43.0,Referral,Gold,2027.24
CUST001678,0.066,10,30712.01,17.0,7.0,Email Campaign,Bronze,2026.99
CUST014876,0.2161,9,9376.85,4.0,19.0,Organic Search,Platinum,2026.34
CUST009131,0.4262,6,4754.29,2.0,19.0,Influencer,Gold,2026.28
CUST000878,0.9539,2,2123.64,2.0,412.0,Direct,,2025.74
CUST010609,0.2546,9,7955.12,4.0,1.0,,Silver,2025.37
CUST013007,0.2889,8,7010.58,3.0,104.0,Organic Search,Gold,2025.36
CUST006929,0.9317,2,2173.66,3.0,100.0,Organic Search,Bronze,2025.2
CUST014832,0.9386,2,2157.49,1.0,164.0,Organic Search,Bronze,2025.02
CUST011182,0.4289,6,4720.17,6.0,110.0,Direct,Bronze,2024.48
CUST010537,0.9875,1,2049.18,2.0,241.0,Organic Search,Bronze,2023.57
CUST019286,0.1148,10,17620.34,6.0,47.0,Referral,Gold,2022.82
CUST009771,0.3689,7,5483.39,2.0,3.0,Organic Search,Silver,2022.82
CUST002427,0.8916,3,2268.23,1.0,267.0,Organic Search,Bronze,2022.35
CUST012301,0.0554,10,36504.22,10.0,2.0,Organic Search,Bronze,2022.33
CUST004354,0.9828,1,2056.72,3.0,276.0,Paid Social,Platinum,2021.34
CUST005341,0.1008,10,20049.83,12.0,1.0,Organic Search,Bronze,2021.02
CUST019669,0.8634,3,2340.58,5.0,118.0,Organic Search,Silver,2020.86
CUST015232,0.1878,9,10760.48,8.0,12.0,Organic Search,Silver,2020.82
CUST005574,0.8573,3,2357.16,1.0,172.0,Paid Social,Bronze,2020.79
CUST007516,0.5006,5,4034.59,2.0,59.0,Direct,Bronze,2019.72
CUST002769,0.4756,5,4245.88,1.0,34.0,Influencer,Bronze,2019.34
CUST004601,0.2155,9,9366.56,5.0,28.0,Influencer,Silver,2018.49
CUST008352,0.3453,7,5841.65,7.0,114.0,Marketplace,Bronze,2017.12
CUST015315,0.0729,10,27665.42,13.0,45.0,,Gold,2016.81
CUST007070,0.3993,6,5050.450000000001,5.0,54.0,Direct,,2016.64
CUST015724,0.0936,10,21541.11,8.0,12.0,Referral,Bronze,2016.25
CUST018151,0.3966,7,5083.58,1.0,34.0,Email Campaign,Gold,2016.15
CUST008218,0.7324,3,2752.61,2.0,135.0,Marketplace,Silver,2016.01
CUST012722,0.3646,7,5528.69,2.0,3.0,Direct,Bronze,2015.76
CUST005432,0.4087,6,4931.47,2.0,96.0,Organic Search,Bronze,2015.49
CUST013272,0.5211,5,3867.37,1.0,34.0,Referral,Silver,2015.29
CUST019890,0.1185,10,17005.36,8.0,32.0,Direct,Bronze,2015.14
CUST007572,0.2716,8,7419.05,2.0,6.0,Referral,Silver,2015.01
CUST007619,0.9017,3,2233.59,2.0,113.0,Paid Social,Gold,2014.03
CUST001763,0.5211,5,3864.5,2.0,192.0,Paid Social,Silver,2013.79
CUST018404,0.275,8,7319.83,6.0,2.0,Organic Search,Silver,2012.95
CUST000164,0.3905,7,5153.95,3.0,65.0,Marketplace,Bronze,2012.62
CUST019066,0.5194,5,3873.98,1.0,161.0,Influencer,Bronze,2012.15
CUST002990,0.4165,6,4826.84,1.0,5.0,,Bronze,2010.38
CUST005569,0.9778,1,2055.36,1.0,234.0,Marketplace,Bronze,2009.73
CUST003119,0.2664,8,7543.69,4.0,57.0,,Silver,2009.64
CUST014318,0.3702,7,5427.11,1.0,0.0,,Gold,2009.12
CUST008164,0.308,8,6520.77,6.0,47.0,Paid Social,Silver,2008.4
CUST008768,0.9583,2,2095.4,4.0,228.0,Paid Social,Gold,2008.02
CUST008847,0.5178,5,3876.8,1.0,125.0,Paid Social,Bronze,2007.41
CUST015573,0.6108,4,3286.41,1.0,77.0,,Bronze,2007.34
CUST005646,0.9728,1,2063.34,2.0,267.0,Direct,Bronze,2007.22
CUST017221,0.0795,10,25229.77,11.0,5.0,Email Campaign,Gold,2005.77
CUST005658,0.9422,2,2126.07,1.0,101.0,Paid Social,Bronze,2003.18
CUST019303,0.7627,3,2625.77,2.0,61.0,Paid Social,Silver,2002.67
CUST014255,0.244,9,8206.539999999999,5.0,44.0,Direct,Bronze,2002.4
CUST006912,0.3201,8,6253.84,7.0,21.0,Influencer,Platinum,2001.85
CUST005223,0.8952,3,2235.7,2.0,172.0,,Silver,2001.4
CUST013265,0.9852,1,2030.19,1.0,448.0,Organic Search,Bronze,2000.14
CUST010585,0.1536,10,13019.17,13.0,51.0,Email Campaign,Platinum,1999.74
CUST900239,0.3096,8,6458.35,2.0,130.0,Organic Search,Silver,1999.51
CUST000470,0.5736,4,3484.0299999999997,2.0,10.0,,Gold,1998.44
CUST015465,0.2305,9,8663.59,5.0,5.0,Marketplace,Bronze,1996.96
CUST007944,0.192,9,10398.02,7.0,1.0,,Platinum,1996.42
CUST014465,0.085,10,23463.45,14.0,44.0,Referral,Silver,1994.39
CUST017164,0.2894,8,6890.799999999999,3.0,23.0,Email Campaign,Platinum,1994.2
CUST016567,0.2489,9,8011.59,4.0,124.0,Influencer,Gold,1994.08
CUST011275,0.873,3,2283.75,3.0,56.0,Marketplace,Gold,1993.71
CUST008232,0.3847,7,5178.66,5.0,64.0,Referral,Silver,1992.23
CUST017316,0.4242,6,4693.71,1.0,10.0,,Bronze,1991.07
CUST013456,0.2242,9,8879.35,6.0,48.0,,,1990.75
CUST018158,0.3553,7,5600.88,1.0,79.0,Email Campaign,Bronze,1989.99
CUST016014,0.3335,7,5966.91,6.0,65.0,Marketplace,Silver,1989.96
CUST015565,0.5656,4,3515.54,3.0,107.0,Direct,Silver,1988.39
CUST016432,0.3556,7,5589.51,3.0,16.0,Email Campaign,,1987.63
CUST009165,0.4537,6,4380.02,3.0,3.0,Influencer,Silver,1987.22
CUST001854,0.5603,4,3546.33,2.0,67.0,Influencer,,1987.01
CUST002594,0.4163,6,4772.25,1.0,56.0,,Bronze,1986.69
CUST010763,0.3735,7,5318.24,1.0,11.0,Referral,Platinum,1986.36
CUST000100,0.3073,8,6461.87,4.0,52.0,,Bronze,1985.73
CUST019855,0.3259,8,6090.9,5.0,93.0,Influencer,,1985.02
CUST014519,0.8767,3,2262.69,1.0,71.0,Organic Search,Silver,1983.7
CUST013443,0.832,3,2384.25,1.0,233.0,Organic Search,Silver,1983.7
CUST013995,0.3295,8,6019.129999999999,6.0,14.0,Referral,Silver,1983.3
CUST013328,0.8667,3,2287.21,1.0,69.0,Organic Search,Bronze,1982.32
CUST009609,0.8563,3,2314.9,1.0,74.0,Influencer,Silver,1982.25
CUST019110,0.3263,8,6074.13,9.0,11.0,Email Campaign,Gold,1981.99
CUST004974,0.4568,6,4337.99,1.0,6.0,Paid Social,Bronze,1981.59
CUST017362,0.4052,6,4889.0,2.0,213.0,Paid Social,Bronze,1981.02
CUST012355,0.5847,4,3387.36,2.0,10.0,Paid Social,Bronze,1980.59
CUST013584,0.9184,2,2155.6499999999996,4.0,123.0,,Bronze,1979.75
CUST011639,0.9412,2,2099.17,1.0,237.0,Email Campaign,Bronze,1975.74
CUST011098,0.4131,6,4781.53,2.0,14.0,Paid Social,Bronze,1975.25
CUST017346,0.2699,8,7314.7,5.0,23.0,Influencer,Bronze,1974.24
CUST003101,0.0537,10,36743.4,14.0,45.0,,Platinum,1973.12
CUST016269,0.8511,3,2317.31,2.0,101.0,Email Campaign,Silver,1972.26
CUST016302,0.2767,8,7123.92,4.0,5.0,Marketplace,Bronze,1971.19
CUST015728,0.4943,5,3985.65,4.0,130.0,Organic Search,Bronze,1970.11
CUST007613,0.9345,2,2107.33,1.0,123.0,Email Campaign,Bronze,1969.3
CUST009659,0.3497,7,5631.24,1.0,86.0,Organic Search,,1969.24
CUST001442,0.0437,10,45057.65,20.0,3.0,Direct,Platinum,1969.02
CUST002687,0.8925,3,2204.43,4.0,124.0,Organic Search,Bronze,1967.45
CUST012935,0.1077,10,18261.78,8.0,39.0,Organic Search,,1966.79
CUST900278,0.9777,1,2010.64,3.0,256.0,,Silver,1965.8
CUST015158,0.1305,10,15063.46,9.0,47.0,Organic Search,Silver,1965.78
CUST009400,0.7581,3,2592.33,1.0,33.0,Influencer,Bronze,1965.25
CUST001585,0.8942,3,2196.59,3.0,100.0,Referral,Bronze,1964.19
CUST012984,0.173,9,11351.82,6.0,63.0,Influencer,Gold,1963.86
CUST012927,0.3755,7,5229.59,3.0,36.0,Organic Search,Silver,1963.71
CUST013737,0.3348,7,5863.469999999999,3.0,45.0,Organic Search,,1963.09
CUST900107,0.7997,3,2453.76,2.0,111.0,Email Campaign,Bronze,1962.27
CUST019797,0.6943,4,2825.8599999999997,2.0,168.0,Marketplace,Bronze,1961.99
CUST000126,0.2652,8,7385.57,4.0,38.0,Organic Search,Bronze,1958.65
CUST007224,0.0675,10,29008.24,13.0,52.0,Direct,Silver,1958.06
CUST005445,0.5949,4,3288.0299999999997,4.0,17.0,Direct,Bronze,1956.05
CUST019350,0.9628,1,2030.4,2.0,310.0,Organic Search,Silver,1954.87
CUST013219,0.4569,6,4275.68,2.0,21.0,Direct,Silver,1953.56
CUST014394,0.6029,4,3239.6,1.0,228.0,Organic Search,Bronze,1953.15
CUST015668,0.8123,3,2404.15,2.0,103.0,Paid Social,Bronze,1952.89
CUST019991,0.1601,10,12195.12,9.0,44.0,Referral,,1952.44
CUST008261,0.45,6,4335.11,3.0,81.0,Influencer,Bronze,1950.8
CUST017307,0.6386,4,3054.59,3.0,89.0,Influencer,Bronze,1950.66
CUST007213,0.3854,7,5060.22,3.0,6.0,Marketplace,Gold,1950.21
CUST006540,0.4044,6,4820.99,2.0,121.0,Referral,Bronze,1949.61
CUST018228,0.0568,10,34305.46,10.0,67.0,Organic Search,Silver,1948.55
CUST002471,0.5393,5,3612.73,2.0,54.0,Paid Social,Silver,1948.35
CUST003725,0.4848,5,4017.94,1.0,100.0,Paid Social,Platinum,1947.9
CUST014133,0.6807,4,2861.39,1.0,101.0,Paid Social,Platinum,1947.75
CUST019798,0.3074,8,6332.09,8.0,48.0,Email Campaign,Bronze,1946.48
CUST015049,0.9765,1,1992.9099999999999,3.0,303.0,Organic Search,Silver,1946.08
CUST006907,0.4684,5,4154.24,5.0,45.0,,Bronze,1945.85
CUST000770,0.9718,1,2002.28,2.0,199.0,Influencer,Bronze,1945.82
CUST009156,0.9337,2,2083.63,4.0,163.0,Email Campaign,Silver,1945.49
CUST006915,0.3329,7,5842.52,2.0,3.0,Organic Search,,1944.97
CUST012400,0.9831,1,1976.38,2.0,287.0,,Gold,1942.98
CUST007330,0.4694,5,4138.5,2.0,221.0,Marketplace,Bronze,1942.61
CUST017972,0.9205,2,2109.53,1.0,172.0,Organic Search,Bronze,1941.82
CUST006678,0.1977,9,9820.619999999999,8.0,13.0,Direct,Silver,1941.54
CUST012356,0.2422,9,8014.48,4.0,100.0,Organic Search,Bronze,1941.11
CUST004383,0.3773,7,5141.88,4.0,7.0,Organic Search,,1940.03
CUST012064,0.5123,5,3783.88,1.0,27.0,Direct,Bronze,1938.48
CUST017934,0.4135,6,4687.78,1.0,51.0,,Gold,1938.4
CUST018334,0.4102,6,4724.2,3.0,12.0,Referral,Bronze,1937.87
CUST015541,0.3429,7,5650.48,6.0,67.0,Referral,Bronze,1937.55
CUST001443,0.3233,8,5991.57,7.0,94.0,Paid Social,Silver,1937.07
CUST010462,0.1583,10,12232.81,8.0,2.0,Paid Social,Bronze,1936.45
CUST007098,0.08,10,24205.09,9.0,15.0,Referral,Bronze,1936.41
CUST016622,0.3977,6,4865.11,3.0,31.0,Marketplace,Bronze,1934.85
CUST000608,0.9782,1,1977.02,1.0,285.0,Email Campaign,Bronze,1933.92
CUST008384,0.2422,9,7982.83,2.0,23.0,Organic Search,Silver,1933.44
CUST012167,0.3375,7,5725.200000000001,8.0,130.0,Referral,Gold,1932.26
CUST016899,0.4533,6,4260.59,5.0,63.0,Influencer,,1931.33
CUST002146,0.543,5,3555.53,2.0,177.0,Referral,Bronze,1930.65
CUST014502,0.2276,9,8481.2,6.0,104.0,Organic Search,Silver,1930.32
CUST012864,0.2983,8,6470.6,2.0,18.0,,Platinum,1930.18
CUST011370,0.1645,10,11724.23,6.0,12.0,Referral,Gold,1928.64
CUST004538,0.3293,8,5855.25,4.0,27.0,Organic Search,Bronze,1928.13
CUST003284,0.5218,5,3694.21,3.0,89.0,Organic Search,Gold,1927.64
CUST014513,0.1719,9,11207.400000000001,6.0,55.0,Referral,Platinum,1926.55
CUST014793,0.1707,10,11285.53,8.0,5.0,Referral,Platinum,1926.44
CUST000667,0.2953,8,6519.889999999999,3.0,115.0,Email Campaign,Bronze,1925.32
CUST011190,0.9874,1,1949.5100000000002,2.0,207.0,Paid Social,Silver,1924.95
CUST005910,0.9657,1,1992.1299999999999,2.0,237.0,Paid Social,Bronze,1923.8
CUST000043,0.502,5,3832.22,4.0,123.0,Referral,Bronze,1923.77
CUST003127,0.0334,10,57597.39,18.0,2.0,Referral,Platinum,1923.75
CUST004424,0.2512,9,7656.38,4.0,111.0,Email Campaign,Gold,1923.28
CUST000966,0.1774,9,10840.44,9.0,1.0,Email Campaign,,1923.09
CUST000139,0.3261,8,5896.41,2.0,1.0,Organic Search,,1922.82
CUST007172,0.8789,3,2185.74,2.0,71.0,Email Campaign,Silver,1921.05
CUST005808,0.2409,9,7971.21,3.0,44.0,Direct,Platinum,1920.26
CUST010942,0.4654,6,4125.15,3.0,38.0,Referral,Silver,1919.84
CUST014169,0.1758,9,10920.039999999999,10.0,40.0,Direct,Bronze,1919.74
CUST004586,0.6757,4,2841.07,1.0,31.0,Influencer,Silver,1919.71
CUST017501,0.5792,4,3313.65,1.0,55.0,Paid Social,Bronze,1919.27
CUST016307,0.3912,7,4905.88,2.0,47.0,Marketplace,Bronze,1919.18
CUST002794,0.2384,9,8048.82,6.0,36.0,,Silver,1918.84
CUST010993,0.2028,9,9461.48,9.0,71.0,,Bronze,1918.79
CUST009357,0.1685,10,11386.07,7.0,1.0,Direct,Bronze,1918.55
CUST017805,0.2714,8,7067.9,3.0,63.0,Organic Search,Silver,1918.23
CUST007997,0.6246,4,3071.0,2.0,89.0,Organic Search,Bronze,1918.15
CUST001548,0.0665,10,28842.79,16.0,39.0,Marketplace,Silver,1918.05
CUST019982,0.1438,10,13327.960000000001,9.0,24.0,Organic Search,Platinum,1916.56
CUST014807,0.3501,7,5474.23,6.0,256.0,Direct,Bronze,1916.53
CUST018284,0.2441,9,7851.33,7.0,143.0,Marketplace,Silver,1916.51
CUST011384,0.5518,5,3473.11,3.0,33.0,Paid Social,Bronze,1916.46
CUST005281,0.4158,6,4608.9400000000005,4.0,13.0,Organic Search,Bronze,1916.4
CUST011217,0.2689,8,7119.99,6.0,24.0,Referral,Gold,1914.57
CUST011891,0.2914,8,6569.96,11.0,89.0,Organic Search,Gold,1914.49
CUST003218,0.3587,7,5337.1,4.0,158.0,Organic Search,Platinum,1914.42
CUST006271,0.3896,7,4909.77,5.0,172.0,Organic Search,Bronze,1912.85
CUST009519,0.8959,3,2135.1,1.0,111.0,Organic Search,Bronze,1912.84
CUST003738,0.3271,8,5842.7,8.0,168.0,Organic Search,,1911.15
CUST006795,0.3748,7,5097.49,4.0,33.0,Paid Social,Silver,1910.54
CUST006089,0.2758,8,6923.29,7.0,24.0,,Bronze,1909.44
CUST010557,0.1657,10,11521.65,5.0,53.0,Organic Search,Gold,1909.14
CUST007487,0.9844,1,1938.57,1.0,454.0,Referral,Silver,1908.33
CUST012418,0.9292,2,2053.14,1.0,300.0,Paid Social,Silver,1907.78
CUST007945,0.7598,3,2510.18,3.0,122.0,Paid Social,Bronze,1907.23
CUST000936,0.9628,1,1979.29,3.0,354.0,Marketplace,Bronze,1905.66
CUST006617,0.7269,4,2621.2200000000003,2.0,47.0,Marketplace,Gold,1905.36
CUST013574,0.9071,2,2099.3,6.0,123.0,Email Campaign,Bronze,1904.28
CUST014934,0.4359,6,4367.16,1.0,7.0,Referral,Silver,1903.65
CUST002411,0.4427,6,4299.74,3.0,119.0,Influencer,Silver,1903.49
CUST014262,0.5426,5,3507.83,1.0,47.0,Paid Social,Silver,1903.35
CUST012407,0.2572,9,7400.0,2.0,24.0,Organic Search,Gold,1903.28
CUST005029,0.4917,5,3870.62,2.0,3.0,Organic Search,Bronze,1903.18
CUST015863,0.5164,5,3685.42,1.0,67.0,Referral,,1903.15
CUST015551,0.1129,10,16851.32,13.0,18.0,Referral,Gold,1902.51
CUST000067,0.6287,4,3025.38,1.0,49.0,Direct,Bronze,1902.06
CUST010087,0.6113,4,3111.2200000000003,2.0,4.0,Paid Social,Gold,1901.89
CUST004342,0.4632,6,4104.57,2.0,121.0,Influencer,Gold,1901.24
CUST003108,0.9446,2,2012.0700000000002,2.0,241.0,Marketplace,Silver,1900.6
CUST012438,0.3956,7,4804.139999999999,3.0,269.0,Direct,Gold,1900.52
CUST002446,0.9669,1,1964.64,1.0,293.0,Influencer,Silver,1899.61
CUST013437,0.4395,6,4322.04,1.0,59.0,Paid Social,Bronze,1899.54
CUST004553,0.9523,2,1994.31,2.0,369.0,Email Campaign,Bronze,1899.18
CUST019909,0.2547,9,7452.05,5.0,8.0,Direct,Bronze,1898.04
CUST005364,0.4429,6,4285.34,1.0,434.0,Organic Search,,1897.98
CUST009057,0.2119,9,8954.74,6.0,120.0,Organic Search,Bronze,1897.51
CUST004648,0.9753,1,1945.48,1.0,226.0,Direct,Bronze,1897.43
CUST002708,0.3945,7,4809.0,3.0,29.0,Organic Search,Silver,1897.15
CUST016263,0.2904,8,6531.67,6.0,19.0,,Bronze,1896.8
CUST019168,0.9687,1,1957.01,1.0,446.0,Paid Social,Silver,1895.76
CUST001658,0.5645,4,3357.2,3.0,81.0,,Bronze,1895.14
CUST010749,0.8444,3,2243.87,1.0,70.0,Direct,Bronze,1894.72
CUST015672,0.9605,2,1971.15,1.0,343.0,Email Campaign,Bronze,1893.29
CUST000960,0.4594,6,4120.37,2.0,26.0,Direct,Silver,1892.9
CUST003565,0.5902,4,3206.59,2.0,27.0,Organic Search,Bronze,1892.53
CUST007149,0.3915,7,4833.369999999999,3.0,207.0,Organic Search,Bronze,1892.26
CUST001035,0.5932,4,3188.55,3.0,69.0,Organic Search,Bronze,1891.45
CUST009606,0.8818,3,2144.12,4.0,177.0,Organic Search,Gold,1890.69
CUST002349,0.8652,3,2185.2200000000003,2.0,80.0,Email Campaign,Bronze,1890.65
CUST018377,0.086,10,21979.309999999998,9.0,48.0,Organic Search,Bronze,1890.22
CUST011519,0.2974,8,6354.5599999999995,7.0,109.0,Direct,Bronze,1889.85
CUST010177,0.2636,8,7168.719999999999,4.0,45.0,Organic Search,Bronze,1889.67
CUST000023,0.2931,8,6443.32,5.0,3.0,Organic Search,Bronze,1888.54
CUST019258,0.4843,5,3899.3,2.0,7.0,Influencer,Silver,1888.43
CUST007970,0.3654,7,5167.79,7.0,122.0,Paid Social,Bronze,1888.31
CUST016212,0.4467,6,4225.7,1.0,113.0,Organic Search,Silver,1887.62
CUST015020,0.3403,7,5545.6900000000005,4.0,98.0,Referral,Bronze,1887.2
CUST009955,0.2419,9,7800.150000000001,5.0,35.0,Email Campaign,Gold,1886.86
CUST002766,0.8192,3,2303.14,6.0,45.0,Paid Social,,1886.73
CUST018756,0.1444,10,13061.48,9.0,9.0,Direct,Bronze,1886.08
CUST001633,0.4769,5,3950.43,3.0,271.0,Organic Search,Bronze,1883.96
CUST008953,0.969,1,1944.11,2.0,223.0,Paid Social,Platinum,1883.84
CUST003943,0.4414,6,4267.79,3.0,73.0,Email Campaign,Bronze,1883.8
CUST016244,0.9121,2,2065.2799999999997,5.0,228.0,Referral,Silver,1883.74
CUST007173,0.8633,3,2181.96,2.0,105.0,Paid Social,Bronze,1883.69
CUST007755,0.4501,6,4184.0,1.0,10.0,Marketplace,Silver,1883.22
CUST014754,0.2554,9,7373.48,5.0,1.0,,Gold,1883.19
CUST011833,0.0993,10,18949.99,12.0,9.0,Referral,Platinum,1881.73
CUST015187,0.9714,1,1936.65,2.0,419.0,,Platinum,1881.26
CUST014353,0.3009,8,6251.37,6.0,112.0,Referral,Bronze,1881.04
CUST000525,0.6776,4,2775.85,1.0,117.0,Direct,Bronze,1880.92
CUST003941,0.4548,6,4133.64,5.0,13.0,Paid Social,Bronze,1879.98
CUST018647,0.6151,4,3055.87,2.0,167.0,Paid Social,,1879.67
CUST000399,0.7806,3,2407.9300000000003,2.0,38.0,Marketplace,Gold,1879.63
CUST001352,0.3647,7,5153.38,4.0,11.0,,,1879.44
CUST019256,0.9178,2,2047.77,6.0,178.0,Direct,Bronze,1879.44
CUST015493,0.3193,8,5884.74,4.0,40.0,Referral,Gold,1879.0
CUST002765,0.473,5,3970.98,3.0,197.0,Paid Social,Bronze,1878.27
CUST008568,0.5112,5,3669.33,3.0,25.0,Organic Search,Silver,1875.76
CUST018957,0.5135,5,3652.6,3.0,30.0,,Bronze,1875.61
CUST011442,0.6178,4,3035.04,1.0,34.0,Paid Social,Bronze,1875.05
CUST010720,0.6982,4,2685.43,1.0,101.0,Influencer,Bronze,1874.97
CUST016493,0.9621,1,1948.39,4.0,211.0,Influencer,Silver,1874.55
CUST002560,0.7613,3,2461.39,2.0,44.0,Organic Search,Bronze,1873.86
CUST013115,0.2362,9,7932.300000000001,4.0,54.0,Paid Social,Gold,1873.61
CUST017269,0.3957,7,4734.77,3.0,26.0,Organic Search,Silver,1873.55
CUST018871,0.6473,4,2893.91,1.0,280.0,,Bronze,1873.23
CUST016563,0.2934,8,6384.01,3.0,83.0,Marketplace,Platinum,1873.07
CUST000709,0.5497,5,3407.27,1.0,163.0,Paid Social,Bronze,1872.98
CUST015022,0.3154,8,5938.34,5.0,115.0,,Bronze,1872.95
CUST017766,0.6324,4,2960.66,1.0,17.0,Paid Social,Bronze,1872.32
CUST004499,0.8467,3,2210.2,1.0,53.0,Organic Search,Bronze,1871.38
CUST019109,0.6454,4,2898.75,1.0,154.0,Influencer,Bronze,1870.85
CUST000573,0.4573,6,4082.57,2.0,10.0,Organic Search,Silver,1866.96
CUST001793,0.9939,1,1877.79,1.0,322.0,,Bronze,1866.34
CUST009528,0.9946,1,1875.98,2.0,269.0,Organic Search,Bronze,1865.85
CUST007708,0.3425,7,5447.67,4.0,116.0,Paid Social,Bronze,1865.83
CUST004129,0.348,7,5359.38,5.0,78.0,Organic Search,Silver,1865.06
CUST000638,0.2337,9,7980.01,5.0,15.0,Direct,Silver,1864.93
CUST017992,0.5871,4,3176.24,2.0,77.0,,Bronze,1864.77
CUST000225,0.5378,5,3467.3599999999997,3.0,42.0,Organic Search,Bronze,1864.75
CUST008001,0.2787,8,6689.16,7.0,21.0,Organic Search,Bronze,1864.27
CUST016162,0.6797,4,2742.37,2.0,34.0,Referral,Silver,1863.99
CUST009499,0.1844,9,10105.4,7.0,45.0,,Gold,1863.44
CUST005297,0.8051,3,2314.2799999999997,5.0,75.0,Organic Search,Bronze,1863.23
CUST011274,0.9797,1,1901.5500000000002,3.0,230.0,Referral,Bronze,1862.95
CUST000120,0.9815,1,1896.9900000000002,2.0,206.0,Organic Search,Bronze,1861.9
CUST009668,0.486,5,3825.85,5.0,29.0,Organic Search,Gold,1859.36
CUST019475,0.6294,4,2953.05,1.0,60.0,Email Campaign,,1858.65
CUST019609,0.2376,9,7820.52,7.0,2.0,Organic Search,Bronze,1858.16
CUST012487,0.8922,3,2081.8,3.0,131.0,Direct,Gold,1857.38
CUST019489,0.4667,6,3978.84,3.0,116.0,Email Campaign,Gold,1856.92
CUST005702,0.0391,10,47485.06,13.0,35.0,Organic Search,Gold,1856.67
CUST001112,0.3521,7,5272.3,2.0,96.0,Email Campaign,Silver,1856.38
CUST019966,0.8847,3,2098.3,4.0,112.0,Referral,Bronze,1856.37
CUST001758,0.3702,7,5013.87,5.0,129.0,Organic Search,Gold,1856.13
CUST009026,0.4831,5,3841.58,3.0,10.0,Marketplace,,1855.87
CUST001167,0.2045,9,9074.66,6.0,25.0,Paid Social,Silver,1855.77
CUST011381,0.0752,10,24677.07,10.0,46.0,Referral,Gold,1855.72
CUST011212,0.7483,3,2479.62,1.0,162.0,Marketplace,Bronze,1855.5
CUST017868,0.0464,10,39983.94,13.0,6.0,Organic Search,Silver,1855.25
CUST008491,0.3556,7,5216.12,1.0,57.0,,,1854.85
CUST010966,0.3496,7,5304.87,3.0,38.0,Paid Social,Silver,1854.58
CUST008816,0.1434,10,12911.730000000001,6.0,77.0,,Bronze,1851.54
CUST017603,0.927,2,1997.25,2.0,131.0,Referral,Bronze,1851.45
CUST001560,0.6637,4,2789.3,2.0,96.0,Paid Social,Bronze,1851.26
CUST014095,0.3441,7,5378.5199999999995,4.0,119.0,Direct,Bronze,1850.75
CUST009875,0.1575,10,11741.32,9.0,94.0,Organic Search,Bronze,1849.26
CUST012979,0.1382,10,13378.779999999999,8.0,97.0,Direct,Gold,1848.95
CUST000720,0.8212,3,2251.22,1.0,143.0,Influencer,Bronze,1848.7
CUST017196,0.2828,8,6535.77,5.0,15.0,Email Campaign,Bronze,1848.32
CUST019573,0.6288,4,2938.63,3.0,110.0,Paid Social,Bronze,1847.81
CUST001480,0.4293,6,4301.65,2.0,59.0,Paid Social,Bronze,1846.7
CUST017240,0.583,4,3165.97,1.0,101.0,Direct,Platinum,1845.76
CUST011176,0.3603,7,5120.96,2.0,11.0,Referral,Silver,1845.08
CUST002790,0.9321,2,1978.96,2.0,109.0,Organic Search,Gold,1844.59
CUST016841,0.9769,1,1887.61,1.0,235.0,Referral,Bronze,1844.01
CUST010324,0.286,8,6444.219999999999,4.0,37.0,Organic Search,Bronze,1843.05
CUST008972,0.4728,5,3894.7,3.0,130.0,Paid Social,Bronze,1841.41
CUST013769,0.9265,2,1987.49,3.0,152.0,Paid Social,Gold,1841.41
CUST019632,0.5984,4,3076.08,4.0,54.0,Marketplace,Bronze,1840.73
CUST006788,0.242,9,7605.75,7.0,4.0,Marketplace,Gold,1840.59
CUST006222,0.3121,8,5896.359999999999,3.0,17.0,Email Campaign,Bronze,1840.25
CUST015467,0.2887,8,6368.77,4.0,3.0,Organic Search,Silver,1838.66
CUST004956,0.4953,5,3711.7799999999997,4.0,52.0,Paid Social,Silver,1838.44
CUST012582,0.8123,3,2263.12,1.0,125.0,Organic Search,Gold,1838.33
CUST002469,0.1776,9,10345.16,6.0,23.0,Email Campaign,Bronze,1837.3
CUST014171,0.3682,7,4983.1900000000005,4.0,32.0,Email Campaign,Bronze,1834.81
CUST008940,0.1677,10,10937.03,8.0,97.0,Email Campaign,Gold,1834.14
CUST003489,0.8941,3,2049.58,5.0,118.0,Email Campaign,Bronze,1832.53
CUST007482,0.4175,6,4386.18,2.0,52.0,Marketplace,Silver,1831.23
CUST003807,0.1447,10,12653.62,8.0,5.0,Influencer,Platinum,1830.98
CUST017856,0.1724,9,10617.02,9.0,5.0,Paid Social,Gold,1830.37
CUST004881,0.6239,4,2932.85,1.0,16.0,Paid Social,Bronze,1829.81
CUST017210,0.4342,6,4211.0,4.0,232.0,Organic Search,Bronze,1828.42
CUST012605,0.2957,8,6179.18,4.0,107.0,Marketplace,Gold,1827.18
CUST016546,0.3626,7,5038.18,4.0,15.0,Organic Search,Bronze,1826.84
CUST011392,0.2198,9,8309.67,8.0,31.0,Email Campaign,Silver,1826.47
CUST004428,0.0875,10,20869.74,9.0,77.0,Organic Search,Bronze,1826.1
CUST004526,0.9321,2,1958.78,3.0,277.0,Email Campaign,Bronze,1825.78
CUST014245,0.3246,8,5620.33,2.0,17.0,Paid Social,Bronze,1824.36
CUST001228,0.982,1,1857.2,1.0,236.0,Organic Search,Bronze,1823.77
CUST004594,0.1957,9,9317.17,4.0,11.0,Email Campaign,Platinum,1823.37
CUST017504,0.4022,6,4533.49,4.0,67.0,Paid Social,Gold,1823.37
CUST012095,0.2281,9,7993.67,6.0,2.0,Referral,Silver,1823.36
CUST010215,0.5232,5,3484.36,2.0,100.0,Organic Search,Bronze,1823.02
CUST015511,0.9505,2,1917.83,2.0,231.0,Email Campaign,Silver,1822.9
CUST019742,0.1082,10,16846.809999999998,9.0,21.0,Influencer,,1822.82
CUST011671,0.4119,6,4424.48,3.0,31.0,,Bronze,1822.44
CUST001150,0.8279,3,2199.81,3.0,53.0,Marketplace,,1821.22
CUST007488,0.3114,8,5848.47,5.0,217.0,,Silver,1821.21
CUST012949,0.2518,9,7231.62,5.0,67.0,Organic Search,Gold,1820.92
CUST015847,0.3159,8,5762.85,4.0,6.0,Influencer,Silver,1820.48
CUST002416,0.146,10,12465.69,8.0,1.0,Direct,Gold,1819.99
CUST013602,0.5541,5,3284.5299999999997,4.0,52.0,Email Campaign,Gold,1819.96
CUST004826,0.4077,6,4461.75,1.0,3.0,Referral,Bronze,1819.06
CUST007218,0.3406,7,5339.95,2.0,15.0,Referral,Gold,1818.79
CUST014564,0.3454,7,5262.62,5.0,72.0,Organic Search,Bronze,1817.71
CUST012768,0.3949,7,4602.93,1.0,68.0,Direct,Bronze,1817.7
CUST016419,0.2088,9,8702.77,6.0,45.0,Direct,Platinum,1817.14
CUST019565,0.3424,7,5303.139999999999,3.0,187.0,,Silver,1815.8
CUST008405,0.8892,3,2042.02,4.0,178.0,Organic Search,Silver,1815.76
CUST002846,0.2996,8,6057.959999999999,3.0,8.0,Referral,Silver,1814.96
CUST003388,0.9111,2,1991.58,1.0,164.0,Paid Social,Bronze,1814.53
CUST011590,0.182,9,9968.65,7.0,7.0,Direct,Bronze,1814.29
CUST019814,0.2275,9,7972.9400000000005,7.0,51.0,Organic Search,Bronze,1813.84
CUST016241,0.3313,8,5474.42,3.0,21.0,Influencer,Bronze,1813.68
CUST004699,0.4046,6,4481.71,3.0,180.0,Marketplace,Silver,1813.3
CUST014821,0.2427,9,7471.17,5.0,24.0,Marketplace,Gold,1813.25
CUST003370,0.8321,3,2179.02,3.0,108.0,Paid Social,,1813.16
CUST013179,0.8743,3,2073.76,6.0,156.0,Direct,Gold,1813.09
CUST001602,0.3322,8,5456.6900000000005,2.0,114.0,Email Campaign,Silver,1812.71
CUST003862,0.9314,2,1945.83,2.0,233.0,Paid Social,Gold,1812.35
CUST000648,0.9718,1,1863.95,1.0,365.0,Paid Social,Gold,1811.39
CUST009058,0.9645,1,1877.8600000000001,3.0,232.0,Organic Search,Bronze,1811.2
CUST006616,0.4624,6,3915.54,2.0,148.0,Direct,Silver,1810.55
CUST000122,0.049,10,36931.64,16.0,23.0,Organic Search,Platinum,1809.65
CUST012705,0.5557,4,3254.33,3.0,59.0,Organic Search,Bronze,1808.43
CUST014284,0.3757,7,4811.749999999999,4.0,48.0,Email Campaign,Gold,1807.77
CUST004967,0.1322,10,13672.66,10.0,3.0,Organic Search,Bronze,1807.53
CUST015273,0.2819,8,6407.15,5.0,138.0,Influencer,Gold,1806.18
CUST002128,0.3439,7,5249.89,1.0,42.0,Organic Search,Silver,1805.44
CUST012730,0.3429,7,5265.04,2.0,2.0,Organic Search,Bronze,1805.38
CUST000181,0.7198,4,2508.02,2.0,244.0,Paid Social,Bronze,1805.27
CUST008366,0.1543,10,11697.99,7.0,9.0,Direct,Silver,1805.0
CUST010426,0.9214,2,1958.5700000000002,3.0,140.0,Organic Search,Silver,1804.63
CUST015516,0.1814,9,9946.75,8.0,22.0,Organic Search,Bronze,1804.34
CUST009893,0.2129,9,8474.98,8.0,3.0,Paid Social,Silver,1804.32
CUST016916,0.2772,8,6508.12,5.0,6.0,Paid Social,Silver,1804.05
CUST014761,0.3015,8,5980.45,2.0,88.0,Organic Search,Bronze,1803.11
CUST009102,0.4133,6,4361.88,1.0,4.0,Marketplace,,1802.77
CUST016915,0.4037,6,4465.59,1.0,108.0,Email Campaign,Silver,1802.76
CUST000200,0.3043,8,5923.9400000000005,5.0,4.0,Marketplace,Gold,1802.65
CUST016719,0.2941,8,6126.01,5.0,33.0,Direct,Silver,1801.66
CUST018452,0.2132,9,8445.36,8.0,1.0,Marketplace,Gold,1800.55
CUST007267,0.1022,10,17616.0,10.0,76.0,Email Campaign,Gold,1800.36
CUST001037,0.9334,2,1928.8,2.0,107.0,Paid Social,,1800.34
CUST000756,0.443,6,4063.3,4.0,59.0,Direct,Silver,1800.04
CUST001880,0.9893,1,1819.12,1.0,454.0,Marketplace,Silver,1799.66
CUST016233,0.8281,3,2173.23,1.0,51.0,Paid Social,Silver,1799.65
CUST017687,0.6457,4,2786.51,1.0,344.0,Paid Social,Silver,1799.25
CUST001076,0.2247,9,8003.27,6.0,1.0,Referral,Bronze,1798.33
CUST012748,0.0689,10,26080.4,11.0,38.0,Referral,Silver,1796.94
CUST011960,0.9647,1,1862.55,3.0,278.0,Paid Social,Silver,1796.8
CUST019997,0.557,4,3225.73,2.0,3.0,Direct,Bronze,1796.73
CUST008059,0.0777,10,23098.43,13.0,17.0,Referral,Gold,1794.75
CUST008411,0.1512,10,11866.57,5.0,43.0,Email Campaign,,1794.23
CUST001748,0.2333,9,7689.95,6.0,115.0,Referral,,1794.07
CUST015318,0.1479,10,12129.99,15.0,3.0,Referral,Silver,1794.03
CUST004511,0.9001,3,1993.1299999999999,2.0,105.0,Paid Social,Silver,1794.02
CUST015831,0.4962,5,3613.21,1.0,21.0,Organic Search,Bronze,1792.87
CUST013699,0.3415,7,5245.74,5.0,53.0,Marketplace,Bronze,1791.42
CUST018724,0.9557,2,1874.0,2.0,194.0,Paid Social,Bronze,1790.98
CUST015091,0.4163,6,4301.85,4.0,23.0,,Silver,1790.86
CUST015929,0.5159,5,3470.58,4.0,308.0,Paid Social,Bronze,1790.47
CUST015092,0.2643,8,6772.85,8.0,52.0,Email Campaign,Silver,1790.06
CUST002939,0.9135,2,1958.19,2.0,161.0,Paid Social,Bronze,1788.81
CUST012475,0.2497,9,7158.73,2.0,17.0,Organic Search,Platinum,1787.53
CUST001048,0.113,10,15812.21,9.0,19.0,Organic Search,Platinum,1786.78
CUST011271,0.8912,3,2004.62,3.0,107.0,Direct,,1786.52
CUST000992,0.9576,2,1864.52,1.0,368.0,Direct,Bronze,1785.46
CUST005179,0.3414,7,5229.09,4.0,12.0,Direct,Bronze,1785.21
CUST004609,0.9148,2,1950.48,2.0,296.0,Organic Search,Bronze,1784.3
CUST007636,0.182,9,9803.28,6.0,51.0,Marketplace,Bronze,1784.2
CUST013568,0.8792,3,2029.18,2.0,106.0,Organic Search,Platinum,1784.06
CUST000567,0.2623,8,6797.82,5.0,17.0,Paid Social,Gold,1783.07
CUST016996,0.2718,8,6559.51,5.0,29.0,Marketplace,Bronze,1782.87
CUST008203,0.62,4,2872.86,1.0,66.0,Marketplace,Gold,1781.17
CUST001831,0.5981,4,2976.32,1.0,79.0,Influencer,Silver,1780.14
CUST000713,0.5379,5,3308.7200000000003,2.0,33.0,Direct,Silver,1779.76
CUST012863,0.3232,8,5506.26,4.0,25.0,Influencer,Gold,1779.62
CUST014366,0.9944,1,1788.54,1.0,386.0,Direct,Bronze,1778.52
CUST002982,0.149,10,11934.49,9.0,20.0,Paid Social,Bronze,1778.24
CUST019167,0.1902,9,9346.35,7.0,62.0,Email Campaign,Bronze,1777.68
CUST001537,0.1419,10,12526.45,10.0,24.0,Marketplace,Bronze,1777.5
CUST016228,0.5128,5,3465.58,2.0,192.0,Organic Search,Bronze,1777.15
CUST013852,0.4862,5,3654.69,1.0,117.0,Paid Social,Silver,1776.91
CUST006342,0.761,3,2334.24,5.0,77.0,Direct,Silver,1776.36
CUST012114,0.152,10,11681.029999999999,11.0,32.0,Referral,Bronze,1775.52
CUST007742,0.0917,10,19355.37,13.0,12.0,Organic Search,,1774.89
CUST004002,0.4313,6,4115.04,2.0,125.0,Organic Search,,1774.82
CUST002547,0.2332,9,7604.94,5.0,14.0,Direct,,1773.47
CUST008618,0.3597,7,4930.15,3.0,63.0,Influencer,Bronze,1773.37
CUST011820,0.2996,8,5918.200000000001,2.0,2.0,Organic Search,Platinum,1773.09
CUST001274,0.8788,3,2017.12,3.0,88.0,Direct,Bronze,1772.65
CUST018990,0.4308,6,4114.46,1.0,48.0,Influencer,Bronze,1772.51
CUST007650,0.2463,9,7196.219999999999,5.0,14.0,Email Campaign,Bronze,1772.43
CUST017044,0.9609,2,1844.14,1.0,247.0,Organic Search,Bronze,1772.03
CUST009005,0.9643,1,1837.23,1.0,454.0,Referral,Silver,1771.64
CUST018498,0.5334,5,3321.36,2.0,144.0,Organic Search,,1771.61
CUST002620,0.4782,5,3704.19,4.0,22.0,Influencer,Bronze,1771.34
CUST014043,0.0736,10,24058.83,12.0,12.0,Referral,Platinum,1770.73
CUST014530,0.0662,10,26735.92,11.0,48.0,Referral,,1769.92
CUST003021,0.9282,2,1906.23,2.0,119.0,Organic Search,Silver,1769.36
CUST010605,0.6659,4,2656.09,2.0,102.0,Paid Social,Bronze,1768.69
CUST003248,0.6612,4,2673.63,3.0,51.0,Organic Search,Silver,1767.8
CUST013753,0.9413,2,1877.8899999999999,3.0,157.0,Organic Search,Gold,1767.66
CUST016729,0.9348,2,1890.4699999999998,2.0,102.0,Direct,Silver,1767.21
CUST015208,0.1398,10,12640.58,7.0,27.0,Email Campaign,Gold,1767.15
CUST007661,0.2575,9,6860.799999999999,3.0,111.0,Email Campaign,Silver,1766.66
CUST001395,0.0477,10,37008.57,12.0,25.0,,Gold,1765.31
CUST015216,0.2086,9,8461.02,7.0,38.0,Organic Search,Gold,1764.97
CUST010740,0.8325,3,2119.18,2.0,60.0,Organic Search,,1764.22
CUST008158,0.2243,9,7863.87,10.0,50.0,Paid Social,Platinum,1763.87
CUST000821,0.2268,9,7773.5,5.0,95.0,Paid Social,Bronze,1763.03
CUST001975,0.2963,8,5948.8099999999995,3.0,18.0,Organic Search,Bronze,1762.63
CUST005967,0.4513,6,3905.55,1.0,343.0,Marketplace,Silver,1762.57
CUST009301,0.1021,10,17262.8,7.0,2.0,Email Campaign,,1762.53
CUST009509,0.2964,8,5945.67,3.0,0.0,Paid Social,Bronze,1762.3
CUST016169,0.5625,4,3132.64,3.0,128.0,Organic Search,Bronze,1762.11
CUST009766,0.4441,6,3966.0,1.0,64.0,Organic Search,Bronze,1761.3
CUST014078,0.3734,7,4715.45,2.0,210.0,Marketplace,Silver,1760.75
CUST004625,0.6538,4,2692.51,2.0,101.0,Paid Social,Silver,1760.36
CUST009642,0.4873,5,3612.4,2.0,237.0,,Silver,1760.32
CUST014735,0.3277,8,5371.48,4.0,8.0,Organic Search,Bronze,1760.23
CUST006686,0.0902,10,19496.84,13.0,53.0,Referral,Bronze,1758.61
CUST013935,0.3755,7,4683.08,1.0,17.0,Email Campaign,Bronze,1758.5
CUST006699,0.0558,10,31507.66,14.0,10.0,Email Campaign,Platinum,1758.13
CUST007343,0.3283,8,5353.67,3.0,1.0,Organic Search,Bronze,1757.61
CUST017715,0.7552,3,2326.77,1.0,32.0,Paid Social,,1757.18
CUST011990,0.3282,8,5351.26,2.0,25.0,Organic Search,Bronze,1756.28
CUST008588,0.0789,10,22252.03,11.0,80.0,Referral,Bronze,1755.69
CUST002718,0.974,1,1802.26,1.0,222.0,Paid Social,Silver,1755.4
CUST016523,0.7378,3,2378.85,1.0,188.0,Paid Social,,1755.12
CUST006868,0.5448,5,3218.25,1.0,55.0,Marketplace,Gold,1753.3
CUST015784,0.2596,8,6750.32,5.0,39.0,,Silver,1752.38
CUST001794,0.1581,10,11083.439999999999,5.0,59.0,Referral,Gold,1752.29
CUST004077,0.2123,9,8251.67,6.0,86.0,Direct,Bronze,1751.83
CUST004724,0.4326,6,4048.9300000000003,4.0,20.0,Email Campaign,Bronze,1751.57
CUST010299,0.6905,4,2534.99,3.0,127.0,Paid Social,Silver,1750.41
CUST019861,0.856,3,2044.44,6.0,96.0,Referral,Silver,1750.04
CUST013045,0.931,2,1879.47,1.0,178.0,Influencer,Bronze,1749.79
CUST014595,0.4616,6,3790.46,4.0,7.0,Paid Social,Bronze,1749.68
CUST003598,0.8817,3,1984.2999999999997,2.0,117.0,Influencer,Bronze,1749.56
CUST001229,0.5416,5,3230.26,1.0,112.0,Email Campaign,,1749.51
CUST008790,0.1437,10,12173.14,7.0,116.0,Direct,Bronze,1749.28
CUST010477,0.3129,8,5588.790000000001,5.0,32.0,Email Campaign,Bronze,1748.73
CUST017865,0.8358,3,2092.24,8.0,92.0,Paid Social,Platinum,1748.69
CUST006328,0.1176,10,14864.4,13.0,33.0,Referral,Bronze,1748.05
CUST008659,0.2885,8,6058.76,4.0,40.0,Direct,Bronze,1747.95
CUST017690,0.956,2,1828.3400000000001,2.0,201.0,Direct,Bronze,1747.89
CUST015580,0.6205,4,2816.71,2.0,58.0,Paid Social,Bronze,1747.77
CUST010995,0.5029,5,3473.21,2.0,32.0,Paid Social,Bronze,1746.68
CUST008156,0.5325,5,3280.14,1.0,14.0,Marketplace,Bronze,1746.67
CUST019061,0.2657,8,6570.6900000000005,3.0,17.0,Paid Social,Bronze,1745.83
CUST013234,0.2527,9,6908.11,6.0,97.0,Email Campaign,Bronze,1745.68
CUST009946,0.387,7,4510.54,4.0,187.0,Paid Social,Gold,1745.58
CUST017852,0.175,9,9971.130000000001,8.0,10.0,Direct,Bronze,1744.95
CUST000131,0.1416,10,12322.67,11.0,69.0,Organic Search,Bronze,1744.89
CUST016834,0.6139,4,2841.35,2.0,85.0,Marketplace,,1744.3
CUST004297,0.1064,10,16391.420000000002,8.0,17.0,Referral,Bronze,1744.05
CUST008965,0.9798,1,1779.73,1.0,230.0,Organic Search,Bronze,1743.78
CUST002443,0.1249,10,13960.6,7.0,11.0,Email Campaign,Bronze,1743.68
CUST011753,0.9174,2,1899.7,2.0,121.0,Organic Search,Bronze,1742.78
CUST019361,0.3805,7,4577.53,1.0,20.0,Email Campaign,Platinum,1741.75
CUST015881,0.1892,9,9199.77,7.0,24.0,,Silver,1740.6
CUST004138,0.7102,4,2450.49,3.0,304.0,Marketplace,Silver,1740.34
CUST010018,0.4946,5,3517.48,4.0,125.0,Influencer,Bronze,1739.75
CUST007249,0.1119,10,15544.08,8.0,2.0,Organic Search,Bronze,1739.38
CUST012447,0.9552,2,1820.6999999999998,2.0,181.0,Paid Social,Bronze,1739.13
CUST005140,0.9808,1,1771.9,2.0,314.0,Organic Search,Bronze,1737.88
CUST006721,0.3224,8,5388.7699999999995,3.0,53.0,Email Campaign,Gold,1737.34
CUST003297,0.4224,6,4112.28,2.0,124.0,Paid Social,Bronze,1737.03
CUST016099,0.6433,4,2699.84,3.0,27.0,Paid Social,Bronze,1736.81
CUST001120,0.7659,3,2267.62,2.0,208.0,Organic Search,Silver,1736.77
CUST012930,0.8088,3,2147.15,4.0,78.0,,Silver,1736.61
CUST009837,0.7195,4,2413.08,1.0,34.0,Direct,Bronze,1736.21
CUST013053,0.5095,5,3406.8,4.0,100.0,Influencer,Bronze,1735.76
CUST003547,0.7274,4,2385.92,3.0,72.0,Organic Search,Bronze,1735.52
CUST003756,0.1387,10,12507.88,8.0,17.0,Organic Search,Platinum,1734.84
CUST008477,0.5688,4,3049.88,1.0,402.0,Paid Social,Bronze,1734.77
CUST010489,0.9547,2,1816.54,1.0,326.0,,Bronze,1734.25
CUST017294,0.769,3,2254.9,1.0,124.0,Marketplace,Bronze,1734.02
CUST009467,0.4963,5,3492.11,1.0,13.0,Marketplace,,1733.13
CUST015128,0.274,8,6324.99,8.0,46.0,Email Campaign,Bronze,1733.05
CUST012791,0.0354,10,48951.14,14.0,76.0,Email Campaign,Platinum,1732.87
CUST016889,0.4425,6,3914.75,3.0,173.0,Influencer,Silver,1732.28
CUST010271,0.1613,10,10738.06,7.0,78.0,Direct,Silver,1732.05
CUST019805,0.2053,9,8435.98,10.0,13.0,Direct,Bronze,1731.91
CUST015572,0.9375,2,1847.0700000000002,2.0,232.0,Influencer,Bronze,1731.63
CUST007797,0.3172,8,5454.16,4.0,31.0,Email Campaign,Platinum,1730.06
CUST008866,0.3687,7,4691.99,4.0,21.0,Marketplace,Bronze,1729.94
CUST005643,0.0473,10,36550.54,14.0,62.0,Referral,Silver,1728.84
CUST000661,0.8807,3,1963.02,3.0,107.0,Direct,Bronze,1728.83
CUST005950,0.8144,3,2122.83,1.0,85.0,Marketplace,Silver,1728.83
CUST000546,0.379,7,4561.0599999999995,6.0,39.0,Organic Search,Bronze,1728.64
CUST010327,0.1292,10,13377.77,15.0,7.0,Organic Search,Platinum,1728.41
CUST011789,0.5024,5,3439.52,3.0,36.0,Paid Social,Bronze,1728.01
CUST011570,0.9922,1,1741.57,1.0,454.0,,,1727.99
CUST012343,0.3255,8,5305.28,1.0,56.0,Paid Social,Silver,1726.87
CUST012543,0.4042,6,4272.15,4.0,36.0,Influencer,Silver,1726.8
CUST009050,0.4561,6,3784.71,2.0,87.0,Marketplace,,1726.21
CUST016148,0.3957,7,4362.34,3.0,36.0,Direct,Silver,1726.18
CUST000339,0.2725,8,6331.33,5.0,10.0,,Bronze,1725.29
CUST009469,0.2313,9,7457.5,6.0,45.0,Organic Search,Platinum,1724.92
CUST005091,0.4608,6,3742.3,1.0,159.0,Direct,Silver,1724.45
CUST005387,0.1068,10,16139.99,12.0,0.0,,Bronze,1723.75
CUST001135,0.4325,6,3984.75,2.0,59.0,Referral,Bronze,1723.4
CUST015446,0.2477,9,6957.1900000000005,5.0,9.0,Email Campaign,,1723.3
CUST005515,0.4478,6,3846.93,3.0,208.0,Referral,Bronze,1722.66
CUST016116,0.4933,5,3491.8399999999997,2.0,23.0,Organic Search,Gold,1722.52
CUST007914,0.4254,6,4048.24,2.0,272.0,Organic Search,Silver,1722.12
CUST012164,0.239,9,7204.4400000000005,2.0,19.0,Referral,Bronze,1721.86
CUST014190,0.4616,6,3728.88,2.0,191.0,,Bronze,1721.25
CUST015654,0.5802,4,2964.4700000000003,4.0,74.0,Influencer,Gold,1719.99
CUST014106,0.3347,7,5138.5,3.0,82.0,Direct,,1719.86
CUST014068,0.452,6,3804.34,2.0,58.0,Organic Search,Bronze,1719.56
CUST005622,0.5113,5,3363.04,2.0,15.0,Influencer,Gold,1719.52
CUST003618,0.3566,7,4821.47,3.0,121.0,Organic Search,Bronze,1719.34
CUST017899,0.5758,4,2985.45,2.0,47.0,Influencer,Bronze,1719.02
CUST013217,0.9419,2,1824.96,2.0,247.0,Influencer,Silver,1718.93
CUST014713,0.2453,9,7003.5199999999995,7.0,12.0,Organic Search,Bronze,1717.96
CUST014297,0.5803,4,2960.18,3.0,32.0,Direct,Silver,1717.79
CUST003670,0.4887,5,3514.45,3.0,60.0,Referral,Bronze,1717.51
CUST006718,0.4965,5,3456.89,2.0,98.0,Influencer,Bronze,1716.35
CUST016447,0.3282,8,5226.47,2.0,141.0,Paid Social,Bronze,1715.33
CUST012869,0.1462,10,11720.460000000001,7.0,14.0,Referral,Silver,1713.53
CUST005609,0.4866,5,3520.25,3.0,28.0,Email Campaign,Silver,1712.95
CUST018522,0.2174,9,7878.73,5.0,41.0,Marketplace,Bronze,1712.84
CUST012645,0.9052,3,1892.1799999999998,2.0,118.0,Paid Social,Bronze,1712.8
CUST019944,0.2004,9,8543.86,4.0,13.0,Paid Social,Gold,1712.19
CUST014126,0.1219,10,14031.27,9.0,8.0,Organic Search,Bronze,1710.41
CUST014105,0.3807,7,4486.7,5.0,0.0,Organic Search,Bronze,1708.09
CUST018906,0.3351,7,5095.46,4.0,74.0,Email Campaign,Bronze,1707.49
CUST011405,0.9534,2,1790.8000000000002,3.0,311.0,,Silver,1707.35
CUST007929,0.4271,6,3996.8300000000004,3.0,31.0,Organic Search,Bronze,1707.05
CUST013334,0.537,5,3178.5,2.0,37.0,Organic Search,Bronze,1706.85
CUST004767,0.4228,6,4036.2999999999997,4.0,4.0,Paid Social,,1706.55
CUST017922,0.3677,7,4638.83,2.0,423.0,Direct,Bronze,1705.7
CUST018868,0.5372,5,3174.76,2.0,129.0,Paid Social,Bronze,1705.48
CUST009028,0.4919,5,3465.82,1.0,30.0,Referral,,1704.84
CUST012467,0.0885,10,19261.6,19.0,37.0,Referral,Bronze,1704.65
CUST008845,0.3804,7,4480.85,6.0,164.0,Paid Social,Bronze,1704.52
CUST018124,0.2352,9,7245.9,9.0,18.0,Direct,Bronze,1704.24
CUST019864,0.5839,4,2918.62,2.0,32.0,Direct,Bronze,1704.18
CUST015486,0.9398,2,1812.87,4.0,188.0,Organic Search,Bronze,1703.74
CUST007889,0.0469,10,36326.87,15.0,52.0,Email Campaign,Platinum,1703.73
CUST014855,0.1527,10,11155.57,9.0,71.0,Organic Search,,1703.46
CUST015229,0.4358,6,3908.0,4.0,1.0,,Bronze,1703.11
CUST016501,0.2346,9,7259.26,4.0,12.0,Direct,Bronze,1703.02
CUST011706,0.2422,9,7031.0599999999995,4.0,14.0,Influencer,Gold,1702.92
CUST007412,0.4059,6,4194.469999999999,4.0,89.0,Organic Search,Bronze,1702.54
CUST002892,0.4834,5,3519.3500000000004,2.0,154.0,Paid Social,,1701.25
CUST018282,0.7208,4,2359.99,4.0,37.0,Marketplace,Bronze,1701.08
CUST009438,0.4929,5,3443.74,1.0,103.0,Organic Search,Bronze,1697.42
CUST017994,0.508,5,3341.01,4.0,197.0,Direct,Gold,1697.23
CUST019078,0.5111,5,3317.6899999999996,4.0,116.0,Paid Social,Gold,1695.67
CUST003256,0.4245,6,3994.28,2.0,225.0,Organic Search,Bronze,1695.57
CUST017930,0.9544,2,1776.5,4.0,207.0,Paid Social,Bronze,1695.49
CUST016067,0.2843,8,5957.74,5.0,31.0,,Silver,1693.79
CUST014659,0.4477,6,3783.14,2.0,60.0,Email Campaign,Bronze,1693.71
CUST013152,0.0509,10,33269.44,17.0,22.0,Organic Search,Gold,1693.41
CUST004917,0.1638,10,10336.48,11.0,24.0,,,1693.12
CUST013546,0.4377,6,3867.86,2.0,86.0,Organic Search,Bronze,1692.96
CUST017987,0.8771,3,1929.97,1.0,119.0,Organic Search,Silver,1692.78
CUST002700,0.9858,1,1717.14,1.0,214.0,Organic Search,Silver,1692.76
CUST017585,0.408,6,4146.3,1.0,78.0,Influencer,Silver,1691.69
CUST014132,0.8834,3,1914.94,4.0,117.0,Paid Social,Bronze,1691.66
CUST001618,0.4018,6,4207.84,2.0,165.0,Paid Social,Platinum,1690.71
CUST005645,0.9543,2,1771.67,3.0,207.0,Direct,Bronze,1690.7
CUST013873,0.3987,6,4238.35,6.0,133.0,Paid Social,Gold,1689.83
CUST012078,0.6923,4,2440.72,3.0,35.0,Influencer,Bronze,1689.71
CUST019951,0.3415,7,4946.91,2.0,137.0,Marketplace,Silver,1689.37
CUST019917,0.2592,8,6515.64,3.0,67.0,Referral,Silver,1688.85
CUST006782,0.3126,8,5399.18,4.0,65.0,Direct,Bronze,1687.78
CUST010914,0.1865,9,9040.8,9.0,30.0,Marketplace,Silver,1686.11
CUST004798,0.2245,9,7510.4400000000005,7.0,44.0,Organic Search,Bronze,1686.09
CUST010711,0.6819,4,2472.51,2.0,60.0,Direct,Bronze,1686.0
CUST019348,0.2666,8,6322.32,7.0,51.0,Direct,Bronze,1685.53
CUST015962,0.3967,7,4248.389999999999,4.0,53.0,,,1685.34
CUST019640,0.9841,1,1712.42,1.0,428.0,Organic Search,Bronze,1685.19
CUST010004,0.685,4,2460.1099999999997,3.0,97.0,Direct,Gold,1685.18
CUST014230,0.7353,3,2291.6400000000003,2.0,98.0,Paid Social,Gold,1685.04
CUST019870,0.7769,3,2168.63,2.0,189.0,Organic Search,Platinum,1684.81
CUST009882,0.3726,7,4521.36,7.0,30.0,Organic Search,Bronze,1684.66
CUST006962,0.6013,4,2799.25,1.0,75.0,Paid Social,Silver,1683.19
CUST009572,0.4404,6,3819.3999999999996,2.0,112.0,Organic Search,Bronze,1682.06
CUST015939,0.914,2,1839.76,1.0,143.0,Organic Search,Bronze,1681.54
CUST006745,0.2288,9,7349.21,9.0,42.0,Organic Search,Gold,1681.5
CUST008322,0.1135,10,14806.34,8.0,13.0,Paid Social,Silver,1680.52
CUST018533,0.5018,5,3345.58,2.0,90.0,Email Campaign,Platinum,1678.81
CUST013758,0.9021,3,1860.31,4.0,118.0,,Bronze,1678.19
CUST013604,0.4838,5,3468.42,3.0,52.0,Direct,Bronze,1678.02
CUST014064,0.1096,10,15310.210000000001,9.0,4.0,Organic Search,Bronze,1678.0
CUST007645,0.3055,8,5489.2699999999995,5.0,45.0,Paid Social,Platinum,1676.97
CUST001863,0.8157,3,2055.09,2.0,107.0,,Gold,1676.34
CUST005592,0.5008,5,3345.7400000000002,2.0,96.0,,Platinum,1675.55
CUST000499,0.0913,10,18349.04,14.0,27.0,Referral,Bronze,1675.27
CUST018536,0.4046,6,4140.38,3.0,276.0,Influencer,Gold,1675.2
CUST000665,0.5457,5,3069.69,1.0,361.0,Organic Search,Bronze,1675.13
CUST015884,0.2409,9,6951.54,6.0,152.0,Email Campaign,Bronze,1674.63
CUST013233,0.403,6,4155.03,2.0,8.0,Organic Search,Silver,1674.48
CUST016516,0.9761,1,1715.01,1.0,308.0,Organic Search,,1674.02
CUST018197,0.5546,5,3018.35,1.0,227.0,Email Campaign,Gold,1673.98
CUST002714,0.2315,9,7222.86,7.0,126.0,,Silver,1672.09
CUST001225,0.9217,2,1813.74,1.0,144.0,Paid Social,Bronze,1671.72
CUST019388,0.0391,10,42753.34,11.0,18.0,Referral,Silver,1671.66
CUST010090,0.5983,4,2793.97,3.0,36.0,Organic Search,Bronze,1671.63
CUST016055,0.9004,3,1854.8400000000001,4.0,188.0,Marketplace,Silver,1670.1
CUST017745,0.253,9,6596.389999999999,4.0,18.0,Direct,Bronze,1668.89
CUST007976,0.9663,1,1726.19,1.0,444.0,Referral,Bronze,1668.02
CUST011575,0.4287,6,3890.6,2.0,114.0,Organic Search,Silver,1667.9
CUST009740,0.4569,6,3650.33,2.0,233.0,Email Campaign,Bronze,1667.84
CUST005667,0.4478,6,3724.24,5.0,228.0,Referral,Bronze,1667.71
CUST011188,0.3727,7,4473.13,3.0,105.0,Referral,Bronze,1667.14
CUST005661,0.7635,3,2183.2200000000003,2.0,58.0,Influencer,Bronze,1666.89
CUST008236,0.6374,4,2614.5,2.0,14.0,Organic Search,Silver,1666.48
CUST007168,0.3963,7,4203.75,3.0,27.0,Influencer,Silver,1665.95
CUST019454,0.3615,7,4608.16,2.0,40.0,Direct,Silver,1665.85
CUST004355,0.3595,7,4629.89,5.0,9.0,,Bronze,1664.45
CUST001449,0.9469,2,1757.44,3.0,255.0,Marketplace,Platinum,1664.12
CUST011672,0.6437,4,2585.2,2.0,241.0,Organic Search,Gold,1664.09
CUST003805,0.5194,5,3202.64,1.0,53.0,,Silver,1663.45
CUST012020,0.438,6,3797.2299999999996,4.0,19.0,Organic Search,Silver,1663.19
CUST005842,0.3096,8,5371.23,2.0,120.0,Influencer,Bronze,1662.93
CUST018073,0.1271,10,13083.27,7.0,21.0,Email Campaign,Bronze,1662.88
CUST012963,0.3643,7,4564.51,1.0,37.0,,Platinum,1662.85
CUST001030,0.926,2,1795.69,2.0,166.0,Organic Search,Silver,1662.81
CUST001621,0.9764,1,1702.86,1.0,198.0,Email Campaign,Bronze,1662.67
CUST018061,0.6822,4,2436.34,4.0,52.0,Direct,Silver,1662.07
CUST008927,0.1363,10,12192.21,9.0,31.0,Organic Search,,1661.8
CUST004697,0.4618,6,3597.71,1.0,8.0,Email Campaign,Bronze,1661.42
CUST015147,0.9043,3,1836.81,3.0,190.0,Direct,Bronze,1661.03
CUST004709,0.1595,10,10411.93,7.0,24.0,Direct,,1660.7
CUST009590,0.243,9,6830.7,5.0,97.0,Organic Search,Gold,1659.86
CUST017682,0.556,4,2985.28,2.0,23.0,Referral,Bronze,1659.82
CUST012500,0.9753,1,1701.8400000000001,2.0,242.0,Referral,Bronze,1659.8
CUST003137,0.1822,9,9108.33,6.0,1.0,Direct,,1659.54
CUST012490,0.3052,8,5432.67,5.0,6.0,Organic Search,Bronze,1658.05
CUST017723,0.9827,1,1687.17,2.0,313.0,Marketplace,Platinum,1657.98
CUST015676,0.3443,7,4813.79,3.0,187.0,Email Campaign,Silver,1657.39
CUST003408,0.9322,2,1777.82,2.0,178.0,Organic Search,Bronze,1657.28
CUST003581,0.3203,8,5174.030000000001,4.0,29.0,Email Campaign,Silver,1657.24
CUST015215,0.3078,8,5382.1900000000005,2.0,60.0,Referral,Silver,1656.64
CUST009991,0.1828,9,9061.59,5.0,14.0,Referral,Bronze,1656.46
CUST002767,0.1329,10,12462.89,13.0,21.0,Email Campaign,Silver,1656.32
CUST012710,0.9328,2,1775.47,2.0,341.0,Email Campaign,Bronze,1656.16
CUST011904,0.3558,7,4653.5,2.0,21.0,Email Campaign,Bronze,1655.72
CUST000575,0.9725,1,1701.65,3.0,334.0,,Bronze,1654.85
CUST019693,0.3457,7,4786.72,5.0,43.0,Influencer,Gold,1654.77
CUST007723,0.5529,5,2992.73,2.0,25.0,Organic Search,,1654.68
CUST003652,0.3893,7,4248.21,3.0,65.0,Direct,Bronze,1653.83
CUST019811,0.2739,8,6033.389999999999,4.0,5.0,Organic Search,Bronze,1652.55
CUST003278,0.2367,9,6979.8,6.0,102.0,Organic Search,Gold,1652.12
CUST005887,0.3317,8,4980.77,3.0,36.0,Paid Social,Gold,1652.12
CUST015174,0.0507,10,32585.08,11.0,10.0,Direct,,1652.06
CUST012699,0.2345,9,7044.92,4.0,33.0,Email Campaign,Bronze,1652.03
CUST006506,0.8082,3,2043.4,2.0,138.0,Organic Search,Bronze,1651.48
CUST018741,0.8009,3,2061.56,1.0,84.0,,Bronze,1651.1
CUST007354,0.953,2,1731.3,1.0,454.0,Influencer,Bronze,1649.93
CUST006056,0.9606,2,1716.83,1.0,296.0,Organic Search,Silver,1649.19
CUST017068,0.2834,8,5818.22,2.0,20.0,Referral,Bronze,1648.88
CUST019117,0.7355,3,2241.42,3.0,46.0,Organic Search,Gold,1648.56
CUST012973,0.3507,7,4699.46,1.0,70.0,Organic Search,Silver,1648.1
CUST006845,0.2567,9,6419.099999999999,6.0,46.0,Direct,Silver,1647.78
CUST002178,0.7007,4,2351.0299999999997,2.0,282.0,Marketplace,Bronze,1647.37
CUST000990,0.9669,1,1703.74,1.0,234.0,Paid Social,,1647.35
CUST006873,0.0932,10,17675.23,8.0,57.0,Organic Search,Bronze,1647.33
CUST010405,0.1932,9,8522.01,6.0,25.0,Organic Search,Bronze,1646.45
CUST017473,0.54,5,3047.75,3.0,18.0,Paid Social,,1645.78
CUST009506,0.2937,8,5601.530000000001,6.0,6.0,Paid Social,,1645.17
CUST015874,0.1423,10,11557.86,5.0,8.0,,Platinum,1644.68
CUST019272,0.5058,5,3251.4,5.0,23.0,Email Campaign,Bronze,1644.56
CUST001390,0.9923,1,1656.99,1.0,454.0,Organic Search,Gold,1644.23
CUST014157,0.8787,3,1870.8300000000002,2.0,80.0,Direct,Silver,1643.9
CUST002391,0.9263,2,1774.3,4.0,193.0,Email Campaign,Silver,1643.53
CUST014209,0.3534,7,4649.870000000001,5.0,16.0,,Bronze,1643.26
CUST005178,0.4516,6,3638.14,1.0,58.0,Paid Social,Silver,1642.98
CUST007899,0.62,4,2649.34,1.0,334.0,Organic Search,Bronze,1642.59
CUST010295,0.4299,6,3820.84,6.0,128.0,Paid Social,Bronze,1642.58
CUST002688,0.1895,9,8667.52,8.0,66.0,Referral,,1642.5
CUST011870,0.2177,9,7543.5,5.0,14.0,Organic Search,Bronze,1642.22
CUST000806,0.4774,5,3439.79,1.0,360.0,,Bronze,1642.16
CUST002944,0.328,8,5006.2300000000005,6.0,121.0,Organic Search,Gold,1642.04
CUST009072,0.1686,10,9738.35,11.0,41.0,Email Campaign,Bronze,1641.89
CUST004543,0.5968,4,2750.64,2.0,121.0,Marketplace,Bronze,1641.58
CUST014472,0.4251,6,3861.07,1.0,63.0,Direct,Platinum,1641.34
CUST001589,0.3139,8,5228.48,1.0,18.0,Email Campaign,Platinum,1641.22
CUST016362,0.2666,8,6155.71,5.0,31.0,Referral,Gold,1641.11
CUST010281,0.3765,7,4358.76,2.0,47.0,Referral,Platinum,1641.07
CUST010897,0.2748,8,5970.33,3.0,40.0,Direct,,1640.65
CUST018688,0.0544,10,30156.66,14.0,26.0,Organic Search,Platinum,1640.52
CUST002330,0.9222,2,1778.66,1.0,226.0,Organic Search,Gold,1640.28
CUST014588,0.2117,9,7746.530000000001,7.0,19.0,,Gold,1639.94
CUST013257,0.2691,8,6094.07,8.0,32.0,Direct,Silver,1639.91
CUST009864,0.5455,5,3004.8999999999996,1.0,13.0,Paid Social,Silver,1639.17
CUST003463,0.4942,5,3315.05,2.0,31.0,Influencer,Gold,1638.3
CUST011588,0.9368,2,1748.6299999999999,5.0,252.0,Organic Search,Silver,1638.12
CUST016642,0.9554,2,1714.3999999999999,5.0,255.0,,Bronze,1637.94
CUST009862,0.1133,10,14452.1,10.0,2.0,Marketplace,Silver,1637.42
CUST019445,0.9773,1,1675.16,1.0,360.0,Paid Social,Bronze,1637.13
CUST002716,0.8824,3,1855.25,4.0,102.0,,Bronze,1637.07
CUST014330,0.9211,2,1776.97,1.0,127.0,Paid Social,Bronze,1636.77
CUST003471,0.5507,5,2970.28,2.0,185.0,Paid Social,,1635.73
CUST016325,0.3759,7,4350.54,3.0,181.0,,Gold,1635.37
CUST013070,0.3316,8,4931.46,1.0,115.0,Paid Social,Bronze,1635.27
CUST001175,0.5917,4,2763.43,1.0,27.0,Direct,Bronze,1635.12
CUST015019,0.7747,3,2110.08,1.0,60.0,Paid Social,Gold,1634.68
CUST013647,0.2525,9,6473.95,5.0,114.0,Direct,,1634.67
CUST005993,0.5109,5,3197.27,1.0,30.0,Referral,Silver,1633.49
CUST003686,0.9228,2,1769.92,1.0,99.0,Paid Social,Bronze,1633.28
CUST900264,0.2895,8,5641.49,4.0,3.0,,Silver,1633.21
CUST011438,0.2565,9,6366.95,4.0,103.0,Marketplace,Silver,1633.12
CUST016792,0.6782,4,2407.93,3.0,109.0,Direct,Gold,1633.06
CUST008822,0.1926,9,8472.900000000001,5.0,5.0,Email Campaign,Silver,1631.88
CUST013006,0.0418,10,39036.92,14.0,24.0,Organic Search,Gold,1631.74
CUST000070,0.1117,10,14601.16,11.0,124.0,Referral,Bronze,1630.95
CUST008160,0.2953,8,5522.9,7.0,51.0,Paid Social,Gold,1630.91
CUST017599,0.89,3,1832.0,1.0,54.0,Organic Search,Silver,1630.48
CUST003931,0.9744,1,1673.24,1.0,348.0,Influencer,Platinum,1630.41
CUST014109,0.3597,7,4529.8,3.0,118.0,Paid Social,Bronze,1629.37
CUST012373,0.4595,6,3545.57,1.0,291.0,Paid Social,Bronze,1629.19
CUST013122,0.0399,10,40812.09,11.0,9.0,Email Campaign,Platinum,1628.4
CUST016028,0.5931,4,2743.06,1.0,81.0,Organic Search,,1626.91
CUST017428,0.8843,3,1839.7,3.0,51.0,Paid Social,Bronze,1626.85
CUST015411,0.8053,3,2019.83,3.0,49.0,Direct,Silver,1626.57
CUST006283,0.2517,9,6461.32,4.0,2.0,Organic Search,Silver,1626.31
CUST019701,0.6533,4,2488.68,1.0,33.0,Paid Social,Bronze,1625.85
CUST008142,0.2199,9,7392.6,4.0,12.0,Direct,Silver,1625.63
CUST003820,0.9715,1,1672.5100000000002,3.0,196.0,Paid Social,,1624.84
CUST001828,0.1139,10,14258.27,9.0,1.0,Referral,Bronze,1624.02
CUST019938,0.2946,8,5511.7,3.0,131.0,Influencer,Silver,1623.75
CUST011475,0.481,5,3375.35,3.0,222.0,Direct,Platinum,1623.54
CUST009138,0.355,7,4571.4,4.0,31.0,Influencer,Bronze,1622.85
CUST019126,0.3787,7,4284.33,2.0,106.0,Paid Social,Bronze,1622.48
CUST008461,0.2357,9,6881.0599999999995,9.0,53.0,Organic Search,Bronze,1621.87
CUST002639,0.9573,2,1694.18,4.0,307.0,Direct,Gold,1621.84
CUST002139,0.3791,7,4277.96,2.0,111.0,Influencer,Bronze,1621.77
CUST015222,0.8943,3,1813.36,1.0,125.0,Email Campaign,,1621.69
CUST016057,0.9944,1,1630.14,1.0,344.0,Organic Search,Bronze,1621.01
CUST011902,0.1791,9,9049.21,10.0,59.0,Organic Search,Gold,1620.71
CUST012823,0.2444,9,6631.11,5.0,174.0,Organic Search,Gold,1620.64
CUST001382,0.8974,3,1805.59,2.0,184.0,Direct,,1620.34
CUST005007,0.3589,7,4514.01,1.0,11.0,Organic Search,Bronze,1620.08
CUST009382,0.0948,10,17086.95,9.0,17.0,Direct,Silver,1619.84
CUST006976,0.0898,10,18037.13,16.0,46.0,Direct,Silver,1619.73
CUST017187,0.3159,8,5126.259999999999,5.0,124.0,Referral,Bronze,1619.39
CUST016063,0.9189,2,1761.78,1.0,126.0,Influencer,Gold,1618.9
CUST013967,0.1185,10,13656.259999999998,11.0,10.0,Marketplace,Gold,1618.27
CUST008796,0.4091,6,3952.72,3.0,44.0,Organic Search,Bronze,1617.06
CUST006530,0.0964,10,16765.059999999998,9.0,1.0,Direct,Silver,1616.15
CUST004884,0.9293,2,1738.79,2.0,311.0,Paid Social,Bronze,1615.86
CUST016249,0.387,7,4174.099999999999,2.0,115.0,Direct,Gold,1615.38
CUST019354,0.114,10,14166.79,8.0,0.0,Organic Search,Bronze,1615.01
CUST008921,0.373,7,4328.98,4.0,23.0,Organic Search,Bronze,1614.71
CUST000364,0.7479,3,2157.92,3.0,36.0,,Bronze,1613.91
CUST010399,0.0714,10,22602.08,11.0,3.0,Marketplace,Silver,1613.79
CUST004190,0.1252,10,12885.84,7.0,23.0,Email Campaign,Silver,1613.31
CUST005871,0.2152,9,7496.34,9.0,4.0,Marketplace,Bronze,1613.21
CUST010989,0.2161,9,7461.38,10.0,16.0,Email Campaign,Bronze,1612.4
CUST013302,0.2165,9,7447.06,3.0,28.0,Direct,,1612.29
CUST018494,0.3749,7,4300.51,2.0,51.0,Organic Search,,1612.26
CUST002840,0.9858,1,1635.16,1.0,379.0,Paid Social,Bronze,1611.94
CUST006179,0.9844,1,1637.4099999999999,3.0,204.0,,Bronze,1611.87
CUST000324,0.4106,6,3923.8700000000003,4.0,53.0,Influencer,Bronze,1611.14
CUST018338,0.7441,3,2165.22,2.0,136.0,Direct,Bronze,1611.14
CUST017328,0.4789,5,3363.92,4.0,86.0,Direct,Bronze,1610.98
CUST002098,0.9902,1,1625.17,1.0,346.0,Influencer,,1609.24
CUST013983,0.2446,9,6577.47,6.0,108.0,Referral,Silver,1608.85
CUST009365,0.1983,9,8106.030000000001,6.0,46.0,Organic Search,Bronze,1607.43
CUST010458,0.0829,10,19389.82,9.0,59.0,Email Campaign,Gold,1607.42
CUST005634,0.093,10,17281.28,12.0,20.0,Direct,Bronze,1607.16
CUST014111,0.877,3,1830.92,1.0,179.0,Marketplace,Bronze,1605.72
CUST011624,0.9808,1,1636.6,2.0,330.0,Email Campaign,Bronze,1605.18
CUST005619,0.4593,6,3493.26,3.0,51.0,,Silver,1604.45
CUST010968,0.2369,9,6772.23,11.0,14.0,Email Campaign,Bronze,1604.34
CUST000180,0.2566,9,6248.52,7.0,3.0,Organic Search,Bronze,1603.37
CUST016805,0.8917,3,1796.8700000000001,3.0,125.0,Organic Search,Bronze,1602.27
CUST010697,0.1982,9,8080.91,6.0,20.0,Email Campaign,Gold,1601.64
CUST009963,0.2311,9,6927.860000000001,10.0,10.0,Organic Search,Gold,1601.03
CUST010652,0.2431,9,6585.59,7.0,23.0,Paid Social,,1600.96
CUST005704,0.992,1,1613.68,2.0,311.0,Organic Search,,1600.77
CUST005501,0.3533,7,4529.16,6.0,116.0,Email Campaign,Silver,1600.15
CUST004324,0.7535,3,2122.48,2.0,222.0,Direct,,1599.29
CUST000165,0.6891,4,2319.88,2.0,128.0,Direct,Silver,1598.63
CUST016894,0.1497,10,10673.79,8.0,13.0,Paid Social,Bronze,1597.87
CUST005830,0.471,5,3391.89,1.0,105.0,Paid Social,Bronze,1597.58
CUST009945,0.3826,7,4175.55,3.0,72.0,Direct,Bronze,1597.57
CUST012926,0.5099,5,3132.08,3.0,118.0,Organic Search,Bronze,1597.05
CUST000333,0.6694,4,2384.49,1.0,294.0,Organic Search,Silver,1596.18
CUST003358,0.3228,8,4943.1,4.0,42.0,Paid Social,Bronze,1595.63
CUST002125,0.063,10,25323.78,9.0,3.0,Organic Search,Platinum,1595.4
CUST016125,0.9716,1,1641.38,1.0,182.0,Organic Search,Bronze,1594.76
CUST010096,0.3465,7,4602.19,2.0,1.0,Marketplace,Bronze,1594.66
CUST016141,0.2396,9,6655.25,5.0,52.0,Direct,Bronze,1594.6
CUST006751,0.4678,6,3408.38,1.0,54.0,Influencer,Bronze,1594.44
CUST014837,0.2692,8,5921.29,6.0,101.0,Email Campaign,Silver,1594.01
CUST006262,0.5887,4,2707.67,1.0,3.0,Organic Search,Silver,1594.01
CUST006334,0.9331,2,1708.13,4.0,150.0,Organic Search,,1593.86
CUST014875,0.9467,2,1683.5500000000002,3.0,292.0,Email Campaign,Bronze,1593.82
CUST017843,0.9472,2,1681.59,3.0,274.0,Organic Search,Silver,1592.8
CUST004391,0.9587,2,1661.1599999999999,4.0,284.0,Marketplace,Bronze,1592.55
CUST003023,0.504,5,3156.13,3.0,359.0,Influencer,Bronze,1590.69
CUST004170,0.3165,8,5024.05,2.0,59.0,Organic Search,Silver,1590.11
CUST009426,0.7823,3,2032.0900000000001,2.0,82.0,Influencer,Bronze,1589.7
CUST014271,0.3255,8,4881.89,3.0,208.0,Direct,Silver,1589.06
CUST001824,0.3232,8,4916.26,6.0,13.0,,,1588.94
CUST006515,0.9583,2,1656.9499999999998,2.0,270.0,Paid Social,Bronze,1587.86
CUST001727,0.5328,5,2979.7400000000002,3.0,25.0,Referral,Silver,1587.61
CUST011075,0.3612,7,4395.04,3.0,100.0,Paid Social,,1587.49
CUST013700,0.9711,1,1634.38,2.0,241.0,Organic Search,Bronze,1587.15
CUST008347,0.9911,1,1600.89,1.0,308.0,Direct,Gold,1586.64
CUST002568,0.9627,1,1647.08,3.0,227.0,Direct,Bronze,1585.64
CUST004800,0.9281,2,1707.35,2.0,157.0,,Bronze,1584.59
CUST002599,0.9004,3,1759.49,2.0,119.0,Paid Social,Bronze,1584.24
CUST018137,0.815,3,1943.61,2.0,355.0,,,1584.04
CUST010712,0.8918,3,1775.15,4.0,151.0,Email Campaign,,1583.08
CUST004835,0.4095,6,3863.12,3.0,100.0,Paid Social,Silver,1581.95
CUST000151,0.235,9,6728.139999999999,6.0,109.0,Paid Social,Bronze,1581.11
CUST015006,0.1725,9,9164.7,7.0,80.0,Email Campaign,Gold,1580.91
CUST003272,0.2131,9,7415.5599999999995,5.0,42.0,Email Campaign,Gold,1580.26
CUST000846,0.0408,10,38720.77,17.0,25.0,,Bronze,1579.81
CUST016369,0.3111,8,5071.65,5.0,99.0,Influencer,,1577.79
CUST012885,0.8334,3,1892.5500000000002,3.0,206.0,Paid Social,Bronze,1577.25
CUST005502,0.3513,7,4488.86,8.0,41.0,Email Campaign,Gold,1576.94
CUST012341,0.3706,7,4254.5199999999995,2.0,31.0,Referral,Silver,1576.73
CUST010427,0.6051,4,2605.55,4.0,185.0,Influencer,,1576.62
CUST008962,0.3299,8,4775.55,2.0,101.0,Influencer,Gold,1575.45
CUST000280,0.9922,1,1587.8,1.0,295.0,Organic Search,Bronze,1575.42
CUST016537,0.4312,6,3653.01,1.0,56.0,Paid Social,Bronze,1575.18
CUST000072,0.6885,4,2287.03,1.0,95.0,Marketplace,Silver,1574.62
CUST001400,0.9782,1,1609.24,1.0,225.0,Marketplace,,1574.16
CUST016859,0.278,8,5659.57,4.0,12.0,Organic Search,,1573.36
CUST900268,0.5286,5,2976.39,2.0,9.0,Organic Search,Platinum,1573.32
CUST004047,0.2516,9,6253.05,6.0,52.0,Direct,Gold,1573.27
CUST017308,0.0832,10,18905.95,14.0,30.0,Direct,Bronze,1572.98
CUST011157,0.9665,1,1627.37,2.0,287.0,Influencer,Silver,1572.85
CUST019143,0.4288,6,3666.5299999999997,3.0,108.0,Paid Social,Bronze,1572.21
CUST005050,0.1062,10,14801.779999999999,9.0,16.0,Paid Social,Platinum,1571.95
CUST002918,0.4353,6,3610.32,4.0,22.0,Influencer,,1571.57
CUST003321,0.1679,10,9353.960000000001,6.0,13.0,Direct,Bronze,1570.53
CUST019418,0.1094,10,14353.96,7.0,51.0,Referral,Gold,1570.32
CUST013143,0.9394,2,1671.51,1.0,350.0,Marketplace,Bronze,1570.22
CUST017275,0.2043,9,7684.02,7.0,12.0,Referral,Silver,1569.85
CUST007356,0.3453,7,4545.62,4.0,10.0,Marketplace,,1569.6
CUST019246,0.3648,7,4302.21,1.0,18.0,Email Campaign,Gold,1569.45
CUST017680,0.9904,1,1583.79,1.0,344.0,Organic Search,Bronze,1568.59
CUST011179,0.7488,3,2094.75,1.0,102.0,Organic Search,Bronze,1568.55
CUST012887,0.8944,3,1753.13,4.0,116.0,Organic Search,Bronze,1568.0
CUST018895,0.9375,2,1671.58,1.0,220.0,Email Campaign,Gold,1567.11
CUST018046,0.5827,4,2687.53,1.0,19.0,Email Campaign,,1566.02
CUST017041,0.7404,3,2113.99,5.0,53.0,Paid Social,,1565.2
CUST018848,0.0956,10,16370.92,11.0,2.0,Organic Search,Gold,1565.06
CUST018211,0.2682,8,5833.45,6.0,33.0,Influencer,Silver,1564.53
CUST006124,0.9535,2,1639.19,1.0,376.0,Email Campaign,Silver,1562.97
CUST004573,0.4956,5,3151.79,4.0,85.0,Referral,Bronze,1562.03
CUST003838,0.9424,2,1657.18,1.0,387.0,Paid Social,Silver,1561.73
CUST011562,0.7795,3,2002.82,2.0,56.0,Paid Social,Bronze,1561.2
CUST011900,0.0716,10,21801.03,10.0,11.0,Email Campaign,Platinum,1560.95
CUST017597,0.2393,9,6521.95,5.0,32.0,Paid Social,Silver,1560.7
CUST004825,0.5239,5,2978.92,5.0,3.0,,,1560.66
CUST012116,0.9798,1,1589.4,1.0,233.0,Influencer,Bronze,1557.29
CUST014309,0.1758,9,8853.02,8.0,27.0,Influencer,Silver,1556.36
CUST002290,0.9396,2,1656.4,3.0,347.0,Direct,Bronze,1556.35
CUST017552,0.737,3,2111.54,1.0,51.0,Email Campaign,Bronze,1556.2
CUST014363,0.2539,9,6127.79,6.0,107.0,Influencer,Bronze,1555.85
CUST003682,0.8163,3,1905.88,2.0,71.0,Organic Search,Silver,1555.77
CUST014838,0.4362,6,3566.21,3.0,33.0,,Silver,1555.58
CUST000483,0.5151,5,3019.83,4.0,89.0,Direct,Gold,1555.51
CUST010045,0.9926,1,1566.96,1.0,454.0,Direct,Silver,1555.36
CUST013329,0.3801,7,4091.94,4.0,7.0,Paid Social,,1555.35
CUST007478,0.513,5,3031.21,2.0,214.0,Referral,Bronze,1555.01
CUST011829,0.4914,5,3164.39,2.0,88.0,Paid Social,Bronze,1554.98
CUST012242,0.9928,1,1566.1,2.0,238.0,,Gold,1554.82
CUST003886,0.525,5,2961.4399999999996,4.0,111.0,,Gold,1554.76
CUST011078,0.6846,4,2269.75,2.0,135.0,Paid Social,Bronze,1553.87
CUST008623,0.2541,9,6111.83,3.0,2.0,Referral,Gold,1553.02
CUST000706,0.6894,4,2250.9,2.0,117.0,Influencer,Silver,1551.77
CUST005832,0.5109,5,3037.08,3.0,80.0,Referral,Silver,1551.64
CUST009718,0.9702,1,1599.1399999999999,4.0,224.0,,Silver,1551.49
CUST006587,0.3285,8,4720.66,2.0,2.0,,Silver,1550.74
CUST012641,0.2077,9,7463.77,5.0,26.0,Organic Search,,1550.23
CUST010523,0.389,7,3984.8100000000004,3.0,58.0,Influencer,Bronze,1550.09
CUST018245,0.3611,7,4292.36,2.0,28.0,Email Campaign,Silver,1549.97
CUST014712,0.2242,9,6910.83,6.0,26.0,Organic Search,Bronze,1549.41
CUST004125,0.9887,1,1566.88,1.0,387.0,Organic Search,Bronze,1549.17
CUST004607,0.3735,7,4144.77,4.0,125.0,Marketplace,Silver,1548.07
CUST003221,0.4796,5,3227.69,4.0,127.0,Email Campaign,Bronze,1548.0
CUST008931,0.13,10,11905.01,13.0,58.0,Referral,Silver,1547.65
CUST010291,0.0909,10,17024.15,14.0,105.0,Email Campaign,,1547.5
CUST014545,0.2546,9,6077.96,6.0,9.0,Paid Social,Silver,1547.45
CUST006001,0.6784,4,2280.07,1.0,206.0,Marketplace,Silver,1546.8
CUST011522,0.9324,2,1658.74,3.0,297.0,Email Campaign,Silver,1546.61
CUST012950,0.1762,9,8775.4,5.0,39.0,,Silver,1546.23
CUST002219,0.9866,1,1567.12,2.0,211.0,Organic Search,Bronze,1546.12
CUST017258,0.9497,2,1627.0900000000001,3.0,240.0,Paid Social,Platinum,1545.25
CUST006974,0.2803,8,5510.43,4.0,104.0,Influencer,Bronze,1544.57
CUST008168,0.2287,9,6748.7,8.0,51.0,Organic Search,Bronze,1543.43
CUST003626,0.3637,7,4241.64,2.0,70.0,Organic Search,Bronze,1542.68
CUST009352,0.4475,6,3446.8,3.0,22.0,Paid Social,Bronze,1542.44
CUST006272,0.3335,7,4623.24,2.0,87.0,Paid Social,Silver,1541.85
CUST008814,0.7557,3,2040.15,2.0,86.0,,Gold,1541.74
CUST013875,0.1928,9,7994.96,5.0,34.0,Referral,Bronze,1541.43
CUST019794,0.8954,3,1721.49,1.0,104.0,Paid Social,Bronze,1541.42
CUST017719,0.39,7,3951.0699999999997,2.0,110.0,,Gold,1540.92
CUST013701,0.2914,8,5285.36,4.0,209.0,Direct,Silver,1540.15
CUST018716,0.381,7,4041.7799999999997,2.0,2.0,Paid Social,Silver,1539.92
CUST008442,0.1225,10,12569.849999999999,7.0,2.0,Marketplace,Silver,1539.81
CUST000476,0.2038,9,7555.16,7.0,98.0,Email Campaign,Silver,1539.74
CUST004058,0.2149,9,7161.74,8.0,44.0,,Platinum,1539.06
CUST019455,0.242,9,6359.719999999999,8.0,19.0,Direct,,1539.05
CUST000870,0.8429,3,1825.52,1.0,143.0,Direct,Bronze,1538.73
CUST008622,0.8084,3,1903.27,2.0,68.0,,Platinum,1538.6
CUST002476,0.0823,10,18685.52,12.0,87.0,Email Campaign,Platinum,1537.82
CUST005953,0.4568,6,3366.07,1.0,233.0,Influencer,Silver,1537.62
CUST013209,0.9838,1,1562.92,2.0,288.0,,Bronze,1537.6
CUST005403,0.256,9,6005.77,6.0,8.0,Organic Search,Bronze,1537.48
CUST009908,0.9593,2,1601.55,1.0,277.0,Referral,Bronze,1536.37
CUST018558,0.9087,2,1690.23,2.0,131.0,Organic Search,Bronze,1535.91
CUST013324,0.4997,5,3073.4700000000003,3.0,187.0,Email Campaign,Gold,1535.81
CUST003699,0.3055,8,5023.85,5.0,59.0,Referral,Bronze,1534.79
CUST006426,0.9277,2,1654.18,3.0,130.0,Referral,Bronze,1534.58
CUST011857,0.309,8,4965.67,4.0,4.0,,,1534.39
CUST009420,0.928,2,1653.19,1.0,112.0,Paid Social,Silver,1534.16
CUST008708,0.2286,9,6710.13,8.0,19.0,Organic Search,Silver,1533.94
CUST018723,0.8145,3,1882.5500000000002,2.0,68.0,Direct,Silver,1533.34
CUST015938,0.3143,8,4877.58,9.0,123.0,Paid Social,Gold,1533.02
CUST014645,0.7862,3,1949.4099999999999,3.0,94.0,Direct,Silver,1532.63
CUST016671,0.1953,9,7845.379999999999,4.0,51.0,Organic Search,,1532.2
CUST001262,0.2352,9,6512.9400000000005,3.0,8.0,Paid Social,Silver,1531.84
CUST010349,0.3795,7,4034.44,4.0,140.0,,Bronze,1531.07
CUST004178,0.995,1,1537.71,1.0,341.0,Organic Search,Bronze,1530.02
CUST005802,0.2851,8,5366.15,4.0,9.0,Organic Search,Bronze,1529.89
CUST010501,0.5307,5,2879.2599999999998,3.0,245.0,Paid Social,Bronze,1528.02
CUST009906,0.2414,9,6326.389999999999,3.0,10.0,Organic Search,Bronze,1527.19
CUST006469,0.9453,2,1615.31,3.0,124.0,,,1526.95
CUST002479,0.7714,3,1978.81,4.0,87.0,,Bronze,1526.45
CUST005165,0.0876,10,17423.629999999997,12.0,19.0,Referral,Bronze,1526.31
CUST013537,0.4408,6,3462.51,4.0,26.0,Direct,Gold,1526.27
CUST018051,0.321,8,4754.68,1.0,98.0,Organic Search,Bronze,1526.25
CUST010761,0.7166,4,2129.45,6.0,52.0,Direct,Bronze,1525.96
CUST014598,0.2898,8,5265.29,2.0,3.0,Referral,,1525.88
CUST011877,0.1298,10,11754.5,12.0,94.0,Email Campaign,Silver,1525.73
CUST003066,0.844,3,1807.3899999999999,3.0,78.0,Direct,Bronze,1525.44
CUST001999,0.4409,6,3459.6900000000005,3.0,16.0,Referral,Bronze,1525.38
CUST011616,0.4135,6,3688.96,1.0,11.0,Influencer,Bronze,1525.38
CUST016309,0.301,8,5067.13,5.0,21.0,Influencer,Platinum,1525.21
CUST014150,0.9767,1,1561.46,1.0,370.0,Paid Social,Gold,1525.08
CUST001868,0.9474,2,1609.71,1.0,402.0,,Silver,1525.04
CUST013277,0.4456,6,3419.92,1.0,249.0,,Silver,1523.92
CUST001437,0.3007,8,5067.25,4.0,94.0,Referral,Bronze,1523.72
CUST010031,0.9235,2,1649.9099999999999,3.0,254.0,Influencer,,1523.69
CUST002284,0.1994,9,7640.82,8.0,4.0,Direct,Platinum,1523.58
CUST003162,0.9097,2,1674.6,1.0,130.0,Email Campaign,Bronze,1523.38
CUST003070,0.0518,10,29404.11,14.0,25.0,Referral,Silver,1523.13
CUST007448,0.8167,3,1863.7800000000002,4.0,178.0,Organic Search,Bronze,1522.15
CUST015095,0.89,3,1709.99,1.0,116.0,Paid Social,,1521.89
CUST011155,0.3272,8,4649.42,3.0,16.0,Organic Search,Bronze,1521.29
CUST008254,0.6208,4,2450.47,1.0,36.0,Paid Social,Bronze,1521.25
CUST013248,0.2053,9,7408.2699999999995,6.0,96.0,Direct,Bronze,1520.92
CUST013669,0.3795,7,4007.3,3.0,45.0,Direct,,1520.77
CUST010158,0.2723,8,5583.48,4.0,17.0,Referral,Silver,1520.38
CUST008368,0.9838,1,1545.03,1.0,412.0,Paid Social,Bronze,1520.0
CUST016275,0.8571,3,1772.41,1.0,192.0,Organic Search,Bronze,1519.13
CUST000621,0.3675,7,4131.16,1.0,8.0,Direct,Bronze,1518.2
CUST006213,0.3049,8,4972.53,5.0,96.0,Email Campaign,Bronze,1516.12
CUST001155,0.2581,8,5872.9800000000005,6.0,50.0,Organic Search,Silver,1515.82
CUST012207,0.0842,10,17999.43,12.0,56.0,Email Campaign,Platinum,1515.55
CUST006372,0.9853,1,1537.5900000000001,3.0,261.0,Marketplace,Bronze,1514.99
CUST009453,0.1356,10,11168.51,6.0,28.0,Direct,Platinum,1514.45
CUST013610,0.8663,3,1747.73,1.0,129.0,Paid Social,Bronze,1514.06
CUST011257,0.1784,9,8486.369999999999,6.0,9.0,Referral,,1513.97
CUST012292,0.0929,10,16288.259999999998,17.0,11.0,Direct,Silver,1513.18
CUST012728,0.2442,9,6196.41,6.0,12.0,Paid Social,,1513.16
CUST011444,0.9561,2,1582.6,2.0,186.0,Influencer,Bronze,1513.12
CUST006459,0.4202,6,3600.81,1.0,131.0,Email Campaign,Gold,1513.06
CUST015951,0.4231,6,3575.27,2.0,46.0,Marketplace,Bronze,1512.7
CUST009845,0.3541,7,4271.64,4.0,29.0,Paid Social,Bronze,1512.59
CUST000391,0.1479,10,10225.7,8.0,115.0,Influencer,Bronze,1512.38
CUST017242,0.3753,7,4028.6099999999997,4.0,244.0,Organic Search,Silver,1511.94
CUST015137,0.5256,5,2876.47,1.0,18.0,Organic Search,Gold,1511.87
CUST008247,0.2236,9,6760.4,9.0,62.0,Email Campaign,Silver,1511.63
CUST009223,0.358,7,4222.05,4.0,10.0,Email Campaign,Bronze,1511.49
CUST014090,0.2537,9,5956.26,3.0,101.0,Paid Social,Silver,1511.1
CUST005138,0.3476,7,4347.1,5.0,192.0,Direct,Bronze,1511.05
CUST005093,0.118,10,12804.039999999999,9.0,9.0,Direct,Silver,1510.88
CUST009869,0.9838,1,1535.56,2.0,332.0,Influencer,Bronze,1510.68
CUST017147,0.2638,8,5719.93,5.0,18.0,,,1508.92
CUST006383,0.962,1,1567.6,1.0,236.0,Paid Social,Gold,1508.03
CUST003768,0.4095,6,3681.4700000000003,7.0,29.0,Email Campaign,Bronze,1507.56
CUST013648,0.7134,4,2112.76,3.0,101.0,Direct,Bronze,1507.24
CUST005896,0.2334,9,6456.22,5.0,47.0,,Gold,1506.88
CUST010664,0.383,7,3933.74,3.0,18.0,Paid Social,Platinum,1506.62
CUST010020,0.3321,8,4536.4400000000005,5.0,50.0,Paid Social,Bronze,1506.55
CUST006197,0.9619,1,1565.54,1.0,311.0,Influencer,Bronze,1505.89
CUST013489,0.544,5,2766.88,3.0,22.0,Influencer,Bronze,1505.18
CUST012526,0.5854,4,2570.27,1.0,134.0,Organic Search,Bronze,1504.64
CUST005245,0.1753,9,8580.11,9.0,25.0,Email Campaign,,1504.09
CUST006158,0.6044,4,2488.49,1.0,53.0,Organic Search,Gold,1504.04
CUST007302,0.072,10,20884.03,12.0,2.0,Referral,Platinum,1503.65
CUST012647,0.3408,7,4411.78,3.0,35.0,Influencer,Bronze,1503.53
CUST004559,0.2373,9,6335.9400000000005,9.0,31.0,Paid Social,Platinum,1503.52
CUST001932,0.3408,7,4411.049999999999,3.0,88.0,Paid Social,Gold,1503.29
CUST002967,0.1539,10,9767.7,8.0,104.0,Direct,Bronze,1503.25
CUST019435,0.4166,6,3605.1299999999997,3.0,68.0,Organic Search,Silver,1501.9
CUST002034,0.0484,10,31016.98,15.0,15.0,Referral,Platinum,1501.22
CUST016861,0.9723,1,1543.85,4.0,210.0,Influencer,Bronze,1501.09
CUST013051,0.2697,8,5565.21,6.0,38.0,Influencer,Bronze,1500.94
CUST018880,0.0624,10,24042.95,11.0,54.0,Referral,,1500.28
CUST018481,0.0928,10,16160.0,12.0,6.0,Direct,Platinum,1499.65
CUST016704,0.5398,5,2777.32,4.0,190.0,,Bronze,1499.2
CUST003792,0.4283,6,3500.25,2.0,38.0,,Bronze,1499.16
CUST005511,0.914,2,1639.86,2.0,228.0,Email Campaign,Bronze,1498.83
CUST015970,0.7933,3,1889.27,4.0,65.0,,Bronze,1498.76
CUST000924,0.4681,6,3201.73,3.0,26.0,Paid Social,Bronze,1498.73
CUST010847,0.9607,2,1559.95,1.0,344.0,Influencer,Bronze,1498.64
CUST005680,0.1567,10,9563.27,6.0,78.0,Direct,Bronze,1498.56
CUST016518,0.0639,10,23441.76,12.0,1.0,,Silver,1497.93
CUST001964,0.3072,8,4875.85,6.0,114.0,Organic Search,,1497.86
CUST005641,0.2746,8,5453.66,4.0,52.0,Email Campaign,Platinum,1497.58
CUST018393,0.9061,3,1651.87,4.0,172.0,Organic Search,Silver,1496.76
CUST011544,0.3873,7,3864.31,3.0,39.0,Email Campaign,Bronze,1496.65
CUST014372,0.1279,10,11700.57,9.0,8.0,Email Campaign,Bronze,1496.5
CUST003904,0.965,1,1550.36,3.0,288.0,Paid Social,Silver,1496.1
CUST007588,0.3886,7,3847.16,4.0,89.0,,Bronze,1495.01
CUST010954,0.3673,7,4069.43,1.0,19.0,Influencer,Silver,1494.7
CUST018730,0.7043,4,2121.55,1.0,99.0,Paid Social,,1494.21
CUST003523,0.1932,9,7733.679999999999,4.0,65.0,Organic Search,,1494.15
CUST005693,0.9162,2,1629.99,4.0,181.0,Direct,Silver,1493.4
CUST008772,0.9319,2,1602.17,2.0,122.0,Paid Social,Silver,1493.06
CUST001154,0.976,1,1529.6,2.0,237.0,Organic Search,Bronze,1492.89
CUST014444,0.5918,4,2522.03,1.0,56.0,Organic Search,Silver,1492.54
CUST012032,0.4426,6,3372.16,5.0,16.0,Email Campaign,,1492.52
CUST009701,0.1878,9,7944.66,7.0,30.0,Email Campaign,Bronze,1492.01
CUST001258,0.3874,7,3849.46,4.0,50.0,Paid Social,Platinum,1491.28
CUST000469,0.3072,8,4846.81,3.0,10.0,Email Campaign,Bronze,1488.94
CUST014342,0.3512,7,4239.06,2.0,13.0,Email Campaign,Silver,1488.76
CUST012405,0.9706,1,1533.63,5.0,223.0,Organic Search,Silver,1488.54
CUST003999,0.6463,4,2299.72,1.0,38.0,Paid Social,Silver,1486.31
CUST003105,0.9826,1,1512.53,1.0,431.0,Direct,Silver,1486.21
CUST007132,0.3075,8,4832.94,3.0,134.0,Influencer,Silver,1486.13
CUST002355,0.5995,4,2477.66,3.0,25.0,Paid Social,Bronze,1485.36
CUST013191,0.081,10,18324.92,18.0,54.0,Organic Search,Platinum,1484.32
CUST002369,0.2644,8,5611.48,3.0,26.0,Referral,Bronze,1483.68
CUST013094,0.5177,5,2865.56,2.0,125.0,Influencer,Silver,1483.5
CUST004575,0.5485,5,2704.3599999999997,2.0,251.0,Paid Social,,1483.34
CUST002684,0.9814,1,1511.1000000000001,2.0,283.0,Direct,Bronze,1482.99
CUST011245,0.288,8,5148.9,7.0,73.0,,Bronze,1482.88
CUST006052,0.4089,6,3624.44,5.0,5.0,Organic Search,Silver,1482.03
CUST008998,0.9056,3,1636.48,2.0,122.0,Marketplace,,1482.0
CUST013072,0.1381,10,10730.88,10.0,12.0,Email Campaign,Bronze,1481.93
CUST008210,0.1416,10,10465.08,14.0,28.0,Referral,Gold,1481.86
CUST019057,0.2259,9,6558.65,4.0,119.0,Direct,Bronze,1481.6
CUST008685,0.1882,9,7870.26,10.0,12.0,Organic Search,Platinum,1481.18
CUST017744,0.6682,4,2213.79,2.0,65.0,Influencer,Bronze,1479.25
CUST006130,0.5944,4,2488.08,1.0,58.0,Email Campaign,Silver,1478.91
CUST008836,0.1236,10,11961.22,11.0,35.0,Organic Search,Platinum,1478.41
CUST006973,0.2868,8,5153.85,5.0,0.0,Marketplace,Silver,1478.12
CUST002196,0.0785,10,18827.309999999998,16.0,23.0,Direct,Gold,1477.94
CUST007940,0.113,10,13074.779999999999,10.0,20.0,Email Campaign,Gold,1477.45
CUST001507,0.6232,4,2369.7599999999998,4.0,108.0,Direct,Silver,1476.83
CUST016278,0.9144,2,1614.96,2.0,165.0,Organic Search,Bronze,1476.72
CUST015192,0.0974,10,15148.84,10.0,35.0,Referral,Bronze,1475.5
CUST010282,0.7642,3,1930.4299999999998,4.0,113.0,Marketplace,Bronze,1475.23
CUST015164,0.9743,1,1513.73,1.0,237.0,Referral,Gold,1474.83
CUST015185,0.56,4,2632.34,2.0,383.0,Paid Social,Bronze,1474.11
CUST001075,0.1025,10,14374.77,10.0,91.0,Direct,Bronze,1473.41
CUST017619,0.4336,6,3396.98,3.0,33.0,Organic Search,Bronze,1472.93
CUST000008,0.0395,10,37288.649999999994,16.0,9.0,Organic Search,Gold,1472.9
CUST004215,0.1596,10,9225.28,7.0,126.0,Direct,Bronze,1472.35
CUST011181,0.2379,9,6188.45,6.0,51.0,Direct,Silver,1472.23
CUST013635,0.1877,9,7840.26,8.0,0.0,Paid Social,Silver,1471.62
CUST003786,0.2738,8,5370.84,6.0,157.0,Paid Social,Silver,1470.54
CUST018348,0.6196,4,2372.54,3.0,52.0,Marketplace,Bronze,1470.03
CUST013078,0.9766,1,1505.02,1.0,389.0,Paid Social,,1469.8
CUST003848,0.0502,10,29269.269999999997,11.0,24.0,,Bronze,1469.32
CUST013713,0.1616,10,9091.44,6.0,105.0,Direct,Gold,1469.18
CUST005980,0.212,9,6927.8099999999995,5.0,2.0,Marketplace,Platinum,1468.7
CUST004288,0.3174,8,4624.99,6.0,17.0,Organic Search,Silver,1467.97
CUST017665,0.0698,10,21012.09,13.0,0.0,Referral,Gold,1466.64
CUST013807,0.9692,1,1512.4099999999999,3.0,343.0,Organic Search,Platinum,1465.83
CUST015900,0.4493,6,3261.9300000000003,2.0,50.0,Organic Search,Bronze,1465.59
CUST010481,0.4518,6,3242.76,4.0,47.0,Direct,Gold,1465.08
CUST018143,0.5206,5,2812.78,1.0,27.0,Paid Social,Platinum,1464.33
CUST010838,0.254,9,5764.02,6.0,49.0,Email Campaign,Gold,1464.06
CUST004399,0.3668,7,3991.2000000000003,2.0,18.0,Direct,Silver,1463.97
CUST017529,0.3919,7,3734.25,2.0,15.0,Paid Social,Silver,1463.45
CUST007727,0.3725,7,3928.6499999999996,4.0,102.0,Paid Social,Silver,1463.42
CUST018063,0.8116,3,1802.92,1.0,38.0,,Gold,1463.25
CUST016085,0.5945,4,2461.3,1.0,25.0,Influencer,Silver,1463.24
CUST003352,0.9324,2,1569.0,1.0,210.0,Referral,,1462.94
CUST016076,0.1585,10,9229.5,7.0,4.0,Direct,Gold,1462.88
CUST004624,0.2205,9,6633.969999999999,9.0,113.0,Email Campaign,Bronze,1462.79
CUST004679,0.2411,9,6065.74,5.0,27.0,Direct,Platinum,1462.45
CUST017829,0.1499,10,9754.869999999999,6.0,98.0,Organic Search,Bronze,1462.26
CUST007205,0.8776,3,1665.99,2.0,115.0,Direct,Silver,1462.07
CUST007744,0.2557,9,5712.96,4.0,57.0,Organic Search,,1460.8
CUST008967,0.3673,7,3977.01,3.0,11.0,Paid Social,Bronze,1460.76
CUST003253,0.2503,9,5834.03,2.0,26.0,Referral,Platinum,1460.26
CUST004568,0.6751,4,2162.67,1.0,87.0,Direct,Gold,1460.02
CUST000906,0.1418,10,10295.4,4.0,27.0,Direct,Bronze,1459.89
CUST016876,0.2595,8,5625.69,3.0,44.0,,,1459.87
CUST012592,0.0652,10,22380.84,18.0,18.0,Email Campaign,Bronze,1459.23
CUST001787,0.3584,7,4069.49,1.0,59.0,Direct,Platinum,1458.51
CUST008889,0.3162,8,4612.61,1.0,13.0,Organic Search,Bronze,1458.51
CUST000669,0.2807,8,5195.82,4.0,101.0,Marketplace,Gold,1458.47
CUST011893,0.2304,9,6329.38,8.0,115.0,Referral,Platinum,1458.29
CUST017340,0.988,1,1475.99,1.0,454.0,Paid Social,Silver,1458.28
CUST004938,0.1115,10,13077.04,11.0,4.0,Referral,Bronze,1458.09
CUST011619,0.1302,10,11198.64,8.0,13.0,,Bronze,1458.06
CUST009154,0.2242,9,6502.27,8.0,10.0,Paid Social,Silver,1457.81
CUST000822,0.963,1,1513.31,1.0,182.0,Email Campaign,Gold,1457.32
CUST011129,0.2791,8,5220.87,6.0,32.0,Direct,Bronze,1457.14
CUST003328,0.6869,4,2121.3199999999997,2.0,183.0,Influencer,Silver,1457.13
CUST014660,0.3175,8,4588.51,5.0,107.0,Direct,Gold,1456.85
CUST007283,0.1632,10,8916.8,8.0,51.0,Paid Social,Bronze,1455.22
CUST010866,0.6918,4,2103.09,2.0,21.0,Influencer,Bronze,1454.92
CUST003961,0.3696,7,3933.46,2.0,2.0,Direct,Silver,1453.81
CUST007687,0.3169,8,4586.62,7.0,29.0,Marketplace,Bronze,1453.5
CUST015480,0.5813,4,2498.38,4.0,99.0,Paid Social,Bronze,1452.31
CUST013932,0.2926,8,4960.98,5.0,76.0,Organic Search,Bronze,1451.58
CUST011228,0.5275,5,2751.52,1.0,17.0,Direct,Bronze,1451.43
CUST010436,0.3947,7,3674.36,2.0,7.0,Email Campaign,Silver,1450.27
CUST000568,0.1809,9,8010.1900000000005,6.0,21.0,Organic Search,Silver,1449.04
CUST017964,0.1802,9,8040.52,10.0,38.0,Referral,Bronze,1448.9
CUST008714,0.4728,5,3062.56,1.0,10.0,Influencer,Silver,1447.98
CUST000017,0.3391,7,4267.11,7.0,82.0,Marketplace,Platinum,1446.98
CUST015471,0.5058,5,2860.45,2.0,107.0,Paid Social,Bronze,1446.82
CUST001475,0.341,7,4239.58,3.0,19.0,Influencer,Silver,1445.7
CUST005656,0.9021,3,1602.06,2.0,131.0,Organic Search,,1445.22
CUST017366,0.9783,1,1477.2600000000002,3.0,233.0,Paid Social,Bronze,1445.2
CUST005453,0.8345,3,1731.57,3.0,66.0,Email Campaign,Platinum,1445.0
CUST013654,0.2599,8,5557.84,4.0,5.0,Marketplace,Bronze,1444.48
CUST008117,0.3299,8,4377.01,5.0,162.0,Direct,Gold,1443.98
CUST009063,0.2519,9,5731.7,3.0,57.0,Email Campaign,Bronze,1443.82
CUST012844,0.1185,10,12176.349999999999,8.0,101.0,,Bronze,1442.9
CUST001532,0.205,9,7038.360000000001,6.0,75.0,Organic Search,Bronze,1442.86
CUST013102,0.2609,8,5529.01,4.0,8.0,Direct,Bronze,1442.52
CUST003419,0.6816,4,2115.99,1.0,69.0,Influencer,Silver,1442.26
CUST016591,0.6846,4,2106.0,1.0,66.0,Email Campaign,Silver,1441.77
CUST001105,0.1416,10,10182.009999999998,6.0,32.0,Organic Search,Silver,1441.77
CUST013389,0.9562,2,1507.4099999999999,2.0,203.0,Direct,Silver,1441.39
CUST013974,0.7585,3,1898.94,2.0,55.0,Marketplace,Silver,1440.35
CUST011512,0.0613,10,23487.7,14.0,9.0,,Platinum,1439.8
CUST015461,0.4605,6,3126.52,2.0,14.0,Referral,Bronze,1439.76
CUST010522,0.3856,7,3732.04,3.0,63.0,Paid Social,Silver,1439.07
CUST004852,0.2968,8,4845.98,3.0,103.0,Marketplace,Bronze,1438.29
CUST006406,0.9772,1,1471.8,1.0,434.0,Marketplace,Bronze,1438.24
CUST007179,0.1464,10,9823.85,11.0,121.0,,Gold,1438.21
CUST011561,0.2037,9,7058.8099999999995,4.0,60.0,Influencer,Platinum,1437.88
CUST013064,0.529,5,2718.11,1.0,69.0,Influencer,,1437.88
CUST008133,0.0556,10,25849.41,21.0,5.0,Direct,Gold,1437.23
CUST016475,0.3634,7,3954.0299999999997,3.0,0.0,Referral,Bronze,1436.89
CUST001254,0.6961,4,2064.17,2.0,163.0,Influencer,Bronze,1436.87
CUST003235,0.0315,10,45610.89,16.0,55.0,,Platinum,1436.74
CUST010164,0.3936,7,3647.88,3.0,7.0,Organic Search,,1435.81
CUST004209,0.8568,3,1674.83,2.0,62.0,Organic Search,Bronze,1434.99
CUST000660,0.9848,1,1457.05,1.0,443.0,Marketplace,Bronze,1434.9
CUST012716,0.4354,6,3295.47,6.0,68.0,Direct,Bronze,1434.85
CUST017647,0.4089,6,3508.58,6.0,117.0,Organic Search,Silver,1434.66
CUST002346,0.1192,10,12034.15,7.0,56.0,Direct,Bronze,1434.47
CUST005125,0.2884,8,4972.81,4.0,60.0,Paid Social,Bronze,1434.16
CUST019967,0.1274,10,11255.93,10.0,20.0,,Platinum,1434.01
CUST008636,0.2174,9,6593.68,6.0,13.0,Referral,Gold,1433.47
CUST011391,0.2894,8,4953.15,1.0,26.0,Referral,Bronze,1433.44
CUST019222,0.1124,10,12748.82,10.0,83.0,Paid Social,Gold,1432.97
CUST010639,0.4107,6,3489.07,1.0,68.0,Organic Search,Bronze,1432.96
CUST008050,0.1436,10,9975.58,7.0,2.0,Influencer,Platinum,1432.49
CUST015313,0.9886,1,1448.99,1.0,454.0,Referral,Bronze,1432.47
CUST018251,0.456,6,3140.29,4.0,74.0,Influencer,Bronze,1431.97
CUST013061,0.9384,2,1525.6100000000001,2.0,259.0,Email Campaign,Silver,1431.63
CUST010353,0.9748,1,1468.57,2.0,184.0,Paid Social,Bronze,1431.56
CUST008538,0.5374,5,2663.4,2.0,29.0,Influencer,Bronze,1431.31
CUST007265,0.4893,5,2923.91,3.0,27.0,Organic Search,Bronze,1430.67
CUST019776,0.8326,3,1717.77,4.0,72.0,,Silver,1430.22
CUST017791,0.7784,3,1835.29,3.0,107.0,Marketplace,Silver,1428.59
CUST005690,0.5558,4,2569.87,2.0,52.0,,Bronze,1428.33
CUST004505,0.188,9,7596.62,8.0,16.0,,Gold,1428.16
CUST013716,0.9693,1,1473.0400000000002,2.0,180.0,Direct,Gold,1427.82
CUST007342,0.2876,8,4963.0599999999995,7.0,114.0,Organic Search,Bronze,1427.38
CUST017297,0.4677,6,3050.25,1.0,7.0,Direct,Silver,1426.6
CUST015711,0.9516,2,1498.98,2.0,214.0,Influencer,Bronze,1426.43
CUST000487,0.1856,9,7683.33,7.0,48.0,Organic Search,,1426.03
CUST017467,0.1295,10,10998.21,9.0,30.0,Marketplace,,1424.27
CUST004550,0.7902,3,1801.67,2.0,87.0,Marketplace,Silver,1423.68
CUST010400,0.1706,10,8342.64,9.0,143.0,Influencer,Platinum,1423.25
CUST003852,0.3728,7,3815.6400000000003,3.0,116.0,Paid Social,Gold,1422.47
CUST018760,0.3784,7,3758.0199999999995,4.0,43.0,Organic Search,,1422.03
CUST009980,0.7029,4,2022.6100000000001,3.0,73.0,Paid Social,Silver,1421.69
CUST001760,0.9701,1,1465.19,1.0,368.0,Organic Search,Platinum,1421.38
CUST016904,0.988,1,1438.61,1.0,301.0,,Bronze,1421.35
CUST011047,0.9186,2,1547.12,2.0,203.0,Organic Search,Gold,1421.18
CUST011115,0.0801,10,17731.66,12.0,12.0,,Bronze,1420.31
CUST014732,0.3791,7,3746.5,4.0,2.0,Paid Social,Platinum,1420.3
CUST011802,0.3504,7,4053.16,2.0,63.0,Referral,Bronze,1420.23
CUST002241,0.2963,8,4792.38,6.0,24.0,Marketplace,Gold,1419.98
CUST018697,0.8787,3,1615.8400000000001,5.0,171.0,Marketplace,Bronze,1419.84
CUST013678,0.9584,2,1480.83,2.0,255.0,Organic Search,Bronze,1419.23
CUST019875,0.1722,9,8237.8,9.0,62.0,Email Campaign,Silver,1418.55
CUST002673,0.8187,3,1732.5900000000001,4.0,80.0,Email Campaign,Bronze,1418.47
CUST018717,0.2306,9,6149.11,5.0,5.0,Organic Search,Bronze,1417.98
CUST017174,0.492,5,2880.71,1.0,3.0,Marketplace,Bronze,1417.31
CUST017270,0.2276,9,6220.81,8.0,15.0,,Silver,1415.86
CUST012771,0.3631,7,3896.9199999999996,3.0,128.0,Marketplace,Bronze,1414.97
CUST004562,0.0904,10,15650.650000000001,8.0,0.0,Direct,,1414.82
CUST013458,0.3295,8,4289.96,3.0,3.0,,Bronze,1413.54
CUST008884,0.1899,9,7443.35,9.0,4.0,Paid Social,Gold,1413.49
CUST013167,0.3957,7,3571.94,6.0,17.0,Referral,,1413.42
CUST004087,0.2086,9,6769.47,8.0,32.0,Paid Social,Gold,1412.11
CUST001020,0.4684,5,3014.01,3.0,22.0,Influencer,Silver,1411.76
CUST002534,0.1022,10,13810.8,8.0,29.0,Direct,Silver,1411.46
CUST016195,0.1844,9,7653.56,6.0,2.0,Organic Search,,1411.32
CUST002153,0.2718,8,5191.0599999999995,4.0,22.0,Email Campaign,Bronze,1410.93
CUST009779,0.357,7,3951.7700000000004,2.0,0.0,Organic Search,Silver,1410.78
CUST005021,0.104,10,13564.09,11.0,53.0,Organic Search,Silver,1410.67
CUST014893,0.1579,10,8933.599999999999,5.0,8.0,Paid Social,Gold,1410.62
CUST000398,0.0928,10,15196.5,12.0,18.0,Direct,Platinum,1410.24
CUST003920,0.2298,9,6134.22,8.0,0.0,Direct,Gold,1409.64
CUST008652,0.3018,8,4670.3,3.0,93.0,Influencer,Silver,1409.5
CUST001022,0.1093,10,12895.68,11.0,25.0,Referral,Silver,1409.5
CUST017888,0.5744,4,2453.2,1.0,10.0,Direct,Silver,1409.12
CUST018908,0.0515,10,27360.98,20.0,15.0,Referral,,1409.09
CUST018996,0.8921,3,1579.05,6.0,93.0,Referral,Bronze,1408.67
CUST000649,0.4239,6,3321.04,3.0,211.0,Direct,,1407.79
CUST016337,0.0907,10,15517.25,10.0,39.0,Referral,,1407.41
CUST002810,0.1564,10,8995.35,6.0,11.0,,Bronze,1406.87
CUST016245,0.3935,7,3574.2,2.0,64.0,Email Campaign,Platinum,1406.45
CUST011896,0.4528,6,3103.9199999999996,2.0,11.0,Marketplace,Silver,1405.45
CUST008715,0.3862,7,3638.37,2.0,1.0,Paid Social,Bronze,1405.14
CUST011721,0.2137,9,6575.07,5.0,28.0,Marketplace,Bronze,1405.09
CUST015674,0.4759,5,2951.7599999999998,2.0,119.0,Marketplace,Silver,1404.74
CUST006554,0.1848,9,7600.39,8.0,18.0,Influencer,,1404.55
CUST008340,0.082,10,17127.73,12.0,28.0,Email Campaign,Silver,1404.47
CUST013307,0.7519,3,1867.74,2.0,41.0,Paid Social,Gold,1404.35
CUST010464,0.4375,6,3208.44,3.0,116.0,,Bronze,1403.69
CUST012627,0.3702,7,3791.71,2.0,113.0,Email Campaign,Silver,1403.69
CUST012542,0.3606,7,3892.41,4.0,23.0,Influencer,Silver,1403.6
CUST006259,0.3719,7,3772.96,2.0,49.0,Organic Search,Bronze,1403.16
CUST016025,0.9684,1,1447.85,1.0,324.0,Organic Search,Bronze,1402.1
CUST007660,0.9713,1,1443.1,4.0,296.0,Organic Search,Bronze,1401.68
CUST008644,0.3209,8,4365.27,7.0,34.0,Direct,Bronze,1400.82
CUST010546,0.0446,10,31404.03,22.0,10.0,Email Campaign,Platinum,1400.62
CUST007185,0.3722,7,3761.13,6.0,50.0,Paid Social,Bronze,1399.89
CUST010792,0.3143,8,4453.86,3.0,31.0,Marketplace,Silver,1399.85
CUST000711,0.893,3,1566.45,3.0,136.0,,Bronze,1398.84
CUST013645,0.257,9,5442.63,4.0,16.0,Influencer,Silver,1398.76
CUST019151,0.9753,1,1433.66,1.0,368.0,Marketplace,Silver,1398.25
CUST003539,0.3318,8,4214.030000000001,3.0,24.0,Organic Search,Silver,1398.22
CUST012085,0.9837,1,1420.63,4.0,397.0,Email Campaign,Bronze,1397.47
CUST012987,0.5391,5,2590.34,3.0,103.0,Organic Search,Bronze,1396.45
CUST011926,0.4332,6,3222.13,4.0,30.0,Influencer,Platinum,1395.83
CUST000616,0.0503,10,27749.129999999997,12.0,13.0,Referral,Silver,1395.78
CUST009842,0.2392,9,5833.030000000001,5.0,8.0,Referral,Bronze,1395.26
CUST013225,0.917,2,1521.37,1.0,104.0,Marketplace,Bronze,1395.1
CUST010682,0.478,5,2917.84,5.0,159.0,Influencer,Bronze,1394.73
CUST016978,0.3321,8,4199.55,2.0,1.0,Marketplace,Bronze,1394.67
CUST015099,0.2494,9,5591.04,2.0,23.0,Direct,Silver,1394.41
CUST009167,0.21,9,6638.610000000001,5.0,0.0,Email Campaign,Platinum,1394.11
CUST015868,0.9536,2,1461.62,4.0,304.0,Organic Search,Gold,1393.8
CUST018301,0.2713,8,5135.54,2.0,40.0,Organic Search,Platinum,1393.27
CUST013808,0.9783,1,1424.05,1.0,454.0,Organic Search,Silver,1393.15
CUST016637,0.9309,2,1495.9699999999998,2.0,94.0,,,1392.6
CUST011315,0.2258,9,6165.63,7.0,87.0,Referral,Bronze,1392.2
CUST011484,0.1093,10,12736.939999999999,11.0,80.0,Organic Search,,1392.15
CUST019306,0.371,7,3752.14,4.0,58.0,Influencer,Silver,1392.04
CUST012428,0.7603,3,1830.55,4.0,53.0,Email Campaign,Bronze,1391.77
CUST017527,0.9829,1,1415.79,1.0,361.0,Direct,Bronze,1391.58
CUST009397,0.392,7,3549.38,2.0,33.0,Direct,Silver,1391.36
CUST001980,0.1098,10,12669.7,11.0,118.0,Referral,Bronze,1391.13
CUST016130,0.4572,6,3038.84,1.0,335.0,,Bronze,1389.36
CUST004645,0.9336,2,1486.74,1.0,90.0,Email Campaign,Bronze,1388.02
CUST018934,0.985,1,1409.15,2.0,214.0,Direct,Bronze,1388.01
CUST013555,0.7818,3,1774.59,1.0,355.0,Organic Search,Bronze,1387.37
CUST004166,0.2727,8,5082.09,5.0,79.0,Marketplace,Bronze,1385.89
CUST000152,0.2086,9,6643.469999999999,4.0,77.0,Organic Search,Gold,1385.83
CUST005253,0.2765,8,5009.51,4.0,1.0,Influencer,Silver,1385.13
CUST004055,0.9664,1,1433.15,2.0,352.0,Referral,Bronze,1385.0
CUST009966,0.2388,9,5798.88,4.0,14.0,,Bronze,1384.77
CUST007602,0.2154,9,6422.66,5.0,98.0,Referral,Bronze,1383.44
CUST018987,0.2353,9,5879.0,4.0,3.0,Organic Search,Silver,1383.33
CUST011388,0.7603,3,1818.8999999999999,2.0,73.0,Referral,Bronze,1382.91
CUST011888,0.0576,10,24008.53,12.0,90.0,Email Campaign,Silver,1382.89
CUST006339,0.8996,3,1537.0,2.0,100.0,Paid Social,,1382.69
CUST015130,0.9477,2,1458.4699999999998,2.0,227.0,Email Campaign,,1382.19
CUST019311,0.2339,9,5907.5,5.0,47.0,Marketplace,Bronze,1381.76
CUST001518,0.2839,8,4865.26,3.0,56.0,Organic Search,Gold,1381.25
CUST003488,0.8012,3,1723.6100000000001,4.0,135.0,Influencer,Bronze,1380.96
CUST002649,0.9735,1,1418.4499999999998,2.0,278.0,,Bronze,1380.86
CUST008337,0.2404,9,5744.02,5.0,55.0,Email Campaign,Gold,1380.86
CUST016940,0.1364,10,10123.24,10.0,94.0,Paid Social,Gold,1380.81
CUST004713,0.1391,10,9916.12,9.0,17.0,Direct,Silver,1379.33
CUST002237,0.7138,4,1932.0600000000002,3.0,271.0,Organic Search,Bronze,1379.1
CUST019668,0.5984,4,2300.5299999999997,3.0,34.0,Direct,Bronze,1376.64
CUST015350,0.4493,6,3063.72,1.0,24.0,Paid Social,Silver,1376.53
CUST012942,0.0768,10,17912.73,13.0,4.0,Paid Social,Platinum,1375.7
CUST018788,0.3466,7,3967.91,1.0,7.0,Referral,Gold,1375.28
CUST013859,0.0761,10,18071.39,12.0,24.0,Influencer,Platinum,1375.23
CUST002014,0.2509,9,5479.950000000001,4.0,64.0,Paid Social,Platinum,1374.92
CUST015978,0.9804,1,1401.72,2.0,416.0,Influencer,Platinum,1374.25
CUST008299,0.7355,3,1868.42,4.0,38.0,Referral,Silver,1374.22
CUST004571,0.3666,7,3746.4100000000003,3.0,24.0,Marketplace,Gold,1373.43
CUST015626,0.4384,6,3129.81,3.0,9.0,Organic Search,Bronze,1372.11
CUST004241,0.574,4,2390.07,1.0,60.0,Email Campaign,Bronze,1371.9
CUST011548,0.1319,10,10400.22,8.0,8.0,Email Campaign,Bronze,1371.79
CUST019783,0.3802,7,3604.6899999999996,3.0,35.0,Influencer,Silver,1370.5
CUST015109,0.349,7,3926.42,6.0,23.0,Paid Social,Silver,1370.32
CUST009407,0.5746,4,2383.81,2.0,120.0,Organic Search,,1369.74
CUST003404,0.0842,10,16262.27,10.0,8.0,Referral,Silver,1369.28
CUST900236,0.3812,7,3591.57,2.0,0.0,Email Campaign,Bronze,1369.11
CUST019914,0.9472,2,1445.01,2.0,230.0,,Gold,1368.71
CUST003252,0.2345,9,5835.49,4.0,80.0,Organic Search,Bronze,1368.42
CUST012295,0.6168,4,2218.38,3.0,15.0,Organic Search,Bronze,1368.3
CUST017364,0.1152,10,11877.55,12.0,11.0,Referral,Silver,1368.29
CUST005543,0.1846,9,7408.57,7.0,67.0,Organic Search,Bronze,1367.62
CUST006481,0.4937,5,2769.7700000000004,2.0,14.0,Organic Search,Bronze,1367.44
CUST014745,0.3186,8,4291.56,2.0,45.0,Organic Search,Gold,1367.29
CUST008094,0.0911,10,14999.84,13.0,33.0,Organic Search,Silver,1366.49
CUST004821,0.5664,4,2412.52,3.0,83.0,Referral,,1366.45
CUST006815,0.3355,7,4072.71,4.0,25.0,Organic Search,Bronze,1366.39
CUST005276,0.9455,2,1444.49,1.0,243.0,Organic Search,Silver,1365.77
CUST016010,0.3248,8,4204.4,3.0,6.0,Influencer,Silver,1365.59
CUST000450,0.0648,10,21059.55,14.0,15.0,Organic Search,,1364.66
CUST002121,0.5343,5,2553.28,4.0,125.0,Influencer,Silver,1364.22
CUST005883,0.293,8,4653.39,6.0,19.0,Direct,Silver,1363.44
CUST013433,0.3044,8,4478.02,3.0,1.0,,Gold,1363.11
CUST017820,0.4833,5,2819.4700000000003,3.0,13.0,Email Campaign,Bronze,1362.65
CUST003527,0.0296,10,46034.59,20.0,4.0,Organic Search,Gold,1362.62
CUST007460,0.2604,8,5232.5,4.0,24.0,Influencer,Bronze,1362.54
CUST005846,0.116,10,11745.380000000001,6.0,23.0,Paid Social,Platinum,1362.46
CUST007397,0.5219,5,2609.9,3.0,48.0,Paid Social,Bronze,1362.11
CUST014237,0.4487,6,3033.14,1.0,36.0,Organic Search,Silver,1360.97
CUST018781,0.2307,9,5899.23,3.0,17.0,Influencer,Bronze,1360.95
CUST004168,0.4326,6,3141.27,1.0,16.0,Direct,Bronze,1358.91
CUST014288,0.9793,1,1387.07,1.0,283.0,Organic Search,Bronze,1358.36
CUST014516,0.3866,7,3513.45,4.0,168.0,Marketplace,Silver,1358.3
CUST001626,0.3456,7,3930.04,2.0,16.0,,Silver,1358.22
CUST007821,0.951,2,1428.17,2.0,234.0,Organic Search,Gold,1358.19
CUST015727,0.9906,1,1370.72,1.0,454.0,Organic Search,Gold,1357.84
CUST008960,0.1328,10,10215.42,8.0,62.0,Direct,Bronze,1356.61
CUST013869,0.0432,10,31376.04,15.0,3.0,Referral,Gold,1355.44
CUST019166,0.5966,4,2270.94,2.0,118.0,Email Campaign,Bronze,1354.84
CUST000938,0.2884,8,4695.78,4.0,105.0,Direct,Bronze,1354.26
CUST009712,0.3828,7,3536.55,3.0,20.0,Organic Search,Bronze,1353.79
CUST019812,0.2287,9,5919.15,6.0,5.0,Direct,Silver,1353.71
CUST006744,0.5616,4,2409.37,1.0,14.0,Referral,Bronze,1353.1
CUST015704,0.3602,7,3756.4300000000003,2.0,3.0,Paid Social,Gold,1353.07
CUST002868,0.2681,8,5044.6,4.0,19.0,Influencer,Silver,1352.46
CUST001122,0.152,10,8893.29,6.0,100.0,Direct,Bronze,1351.78
CUST000851,0.2083,9,6487.799999999999,5.0,23.0,Marketplace,Bronze,1351.41
CUST000520,0.4671,6,2893.0,1.0,12.0,Marketplace,Bronze,1351.32
CUST012829,0.2993,8,4514.83,5.0,66.0,Direct,Silver,1351.29
CUST006846,0.2059,9,6561.84,3.0,19.0,Marketplace,Gold,1351.08
CUST009773,0.4787,5,2822.3,2.0,30.0,Influencer,Silver,1351.04
CUST005151,0.1911,9,7068.38,5.0,79.0,Referral,Bronze,1350.77
CUST003924,0.4777,5,2825.76,2.0,51.0,Organic Search,Bronze,1349.87
CUST006365,0.2431,9,5551.500000000001,4.0,2.0,Email Campaign,Bronze,1349.57
CUST006553,0.2525,9,5343.389999999999,7.0,120.0,Direct,,1349.21
CUST007732,0.5038,5,2677.33,1.0,126.0,Paid Social,Bronze,1348.84
CUST018950,0.9746,1,1383.81,3.0,213.0,Organic Search,Bronze,1348.66
CUST018261,0.9623,1,1400.94,2.0,256.0,Organic Search,Bronze,1348.12
CUST003099,0.3235,8,4166.99,6.0,100.0,Organic Search,Bronze,1348.02
CUST006813,0.8809,3,1529.92,5.0,156.0,Referral,Silver,1347.71
CUST002610,0.1603,10,8406.710000000001,7.0,24.0,Organic Search,Silver,1347.6
CUST013905,0.1144,10,11773.39,10.0,105.0,Email Campaign,Silver,1346.88
CUST016597,0.7877,3,1709.8,1.0,55.0,Direct,Silver,1346.81
CUST000547,0.3905,7,3448.8900000000003,4.0,45.0,Paid Social,Gold,1346.79
CUST012456,0.9078,2,1482.6100000000001,5.0,184.0,Email Campaign,Bronze,1345.91
CUST007532,0.2403,9,5599.86,4.0,123.0,Referral,Bronze,1345.65
CUST003124,0.2086,9,6450.64,6.0,156.0,Direct,Bronze,1345.6
CUST003953,0.4307,6,3121.51,1.0,144.0,Organic Search,Bronze,1344.43
CUST015028,0.1637,10,8210.48,6.0,16.0,Referral,Bronze,1344.06
CUST011285,0.4975,5,2701.28,1.0,4.0,Referral,Gold,1343.89
CUST006971,0.2874,8,4675.76,6.0,126.0,Referral,Bronze,1343.81
CUST000827,0.4843,5,2773.87,5.0,19.0,Paid Social,Silver,1343.39
CUST016723,0.0611,10,21975.8,11.0,16.0,Referral,Silver,1342.72
CUST007392,0.367,7,3658.0299999999997,3.0,58.0,Organic Search,Bronze,1342.5
CUST011141,0.2819,8,4757.62,2.0,58.0,Organic Search,Bronze,1341.17
CUST009720,0.1772,9,7566.11,9.0,25.0,Organic Search,Silver,1340.71
CUST010980,0.5916,4,2265.92,2.0,158.0,Paid Social,Bronze,1340.52
CUST017084,0.586,4,2286.06,2.0,56.0,Referral,Bronze,1339.63
CUST019449,0.1764,9,7592.26,6.0,112.0,Organic Search,Platinum,1339.27
CUST003957,0.0389,10,34423.729999999996,16.0,29.0,Referral,Bronze,1339.08
CUST004023,0.6983,4,1917.24,2.0,220.0,Paid Social,Silver,1338.81
CUST012769,0.9745,1,1373.71,1.0,397.0,Direct,Platinum,1338.68
CUST003091,0.8892,3,1504.92,1.0,171.0,Email Campaign,Gold,1338.17
CUST019122,0.4476,6,2989.4900000000002,3.0,81.0,Email Campaign,Silver,1338.1
CUST004618,0.3608,7,3708.58,2.0,70.0,Organic Search,Platinum,1338.06
CUST019688,0.9809,1,1363.99,1.0,454.0,Direct,Bronze,1337.94
CUST002338,0.9293,2,1439.6399999999999,4.0,244.0,Email Campaign,Bronze,1337.86
CUST014858,0.3147,8,4250.21,1.0,15.0,Referral,Gold,1337.54
CUST003032,0.9975,1,1340.72,1.0,407.0,Referral,Bronze,1337.37
CUST015791,0.5319,5,2513.41,4.0,42.0,Direct,Platinum,1336.88
CUST010027,0.0514,10,26003.09,13.0,12.0,Referral,,1336.56
CUST002426,0.3972,7,3364.12,3.0,64.0,Paid Social,Silver,1336.23
CUST002193,0.9651,1,1384.31,2.0,188.0,Paid Social,Bronze,1336.0
CUST009130,0.9723,1,1373.4,1.0,236.0,Marketplace,Bronze,1335.36
CUST003795,0.9731,1,1372.13,1.0,265.0,Referral,Silver,1335.22
CUST014250,0.7023,4,1900.8500000000001,2.0,48.0,Email Campaign,Bronze,1334.97
CUST013851,0.2593,8,5147.86,4.0,24.0,,Platinum,1334.84
CUST017440,0.2464,9,5416.5,3.0,118.0,Direct,Silver,1334.63
CUST012679,0.6614,4,2017.1,3.0,103.0,Paid Social,Bronze,1334.11
CUST011326,0.2558,9,5214.23,2.0,63.0,Email Campaign,Gold,1333.8
CUST013912,0.9262,2,1439.81,3.0,121.0,Influencer,Bronze,1333.55
CUST002321,0.3131,8,4258.110000000001,6.0,99.0,Direct,Silver,1333.21
CUST013124,0.2027,9,6575.37,6.0,2.0,Referral,Bronze,1332.83
CUST001676,0.3247,8,4104.36,4.0,11.0,Direct,Gold,1332.69
CUST015540,0.3475,7,3834.82,3.0,79.0,Direct,Bronze,1332.6
CUST009840,0.6417,4,2075.08,2.0,34.0,Referral,,1331.58
CUST010841,0.9397,2,1416.78,1.0,124.0,,,1331.35
CUST000623,0.5414,5,2457.84,3.0,105.0,Paid Social,Bronze,1330.67
CUST004348,0.977,1,1361.38,1.0,452.0,Influencer,Platinum,1330.07
CUST007904,0.9655,1,1376.78,1.0,192.0,Paid Social,Bronze,1329.28
CUST009618,0.2368,9,5612.42,7.0,27.0,Influencer,Bronze,1329.02
CUST012628,0.9063,3,1466.36,3.0,160.0,Paid Social,Bronze,1328.96
CUST003354,0.985,1,1349.14,1.0,332.0,Influencer,Bronze,1328.9
CUST005877,0.3361,7,3953.02,2.0,23.0,Referral,Gold,1328.61
CUST005665,0.3705,7,3585.16,2.0,111.0,Marketplace,Bronze,1328.3
CUST001775,0.2488,9,5338.26,4.0,53.0,Organic Search,Bronze,1328.16
CUST018909,0.9819,1,1351.6599999999999,2.0,310.0,Email Campaign,,1327.19
CUST004049,0.1778,9,7463.7699999999995,8.0,24.0,Direct,Bronze,1327.06
CUST001279,0.2714,8,4885.3099999999995,7.0,26.0,Direct,Silver,1325.87
CUST007323,0.4354,6,3042.5,3.0,156.0,Direct,Bronze,1324.7
CUST013139,0.1872,9,7076.17,6.0,63.0,Organic Search,Bronze,1324.66
CUST004136,0.127,10,10425.119999999999,9.0,16.0,Organic Search,Bronze,1323.99
CUST015563,0.3582,7,3695.0299999999997,4.0,125.0,Direct,Bronze,1323.56
CUST010815,0.1958,9,6759.049999999999,6.0,85.0,Email Campaign,Silver,1323.42
CUST014567,0.2194,9,6031.0599999999995,7.0,34.0,,Gold,1323.21
CUST003887,0.3938,7,3359.2599999999998,3.0,1.0,Organic Search,Silver,1322.88
CUST015558,0.3776,7,3503.2200000000003,2.0,0.0,Direct,Silver,1322.82
CUST005734,0.4896,5,2700.9700000000003,2.0,108.0,Organic Search,Bronze,1322.39
CUST016939,0.9783,1,1351.47,2.0,212.0,Organic Search,Gold,1322.14
CUST003621,0.4757,5,2779.35,3.0,87.0,Referral,Silver,1322.14
CUST009170,0.2171,9,6085.7,6.0,19.0,Email Campaign,Bronze,1321.21
CUST012687,0.1971,9,6702.94,6.0,7.0,Email Campaign,,1321.15
CUST013177,0.1058,10,12478.039999999999,8.0,7.0,Direct,Bronze,1320.18
CUST019948,0.7112,4,1856.1,1.0,262.0,Paid Social,Bronze,1320.06
CUST002244,0.4079,6,3235.96,6.0,17.0,Paid Social,Silver,1319.95
CUST005677,0.4199,6,3143.19,2.0,233.0,Referral,Silver,1319.83
CUST011178,0.9231,2,1428.88,2.0,277.0,Direct,Bronze,1319.0
CUST015610,0.1104,10,11938.0,9.0,93.0,,Gold,1317.96
CUST007721,0.0873,10,15093.21,11.0,3.0,Email Campaign,Bronze,1317.64
CUST001577,0.0561,10,23483.86,10.0,3.0,Email Campaign,Silver,1317.44
CUST015308,0.2628,8,5012.88,5.0,108.0,Referral,Bronze,1317.38
CUST017077,0.4282,6,3076.45,2.0,71.0,Referral,Bronze,1317.34
CUST009808,0.2433,9,5414.0,6.0,2.0,Organic Search,Bronze,1317.23
CUST009236,0.1395,10,9436.65,8.0,93.0,Referral,Gold,1316.41
CUST005639,0.2856,8,4608.62,5.0,15.0,Referral,,1316.22
CUST004107,0.4286,6,3070.88,4.0,10.0,Marketplace,,1316.18
CUST016652,0.158,10,8328.51,11.0,5.0,Organic Search,Silver,1315.9
CUST017866,0.1088,10,12090.01,9.0,6.0,Referral,Silver,1315.39
CUST000494,0.7132,4,1843.11,2.0,132.0,Paid Social,,1314.51
CUST007709,0.2195,9,5985.71,7.0,69.0,Referral,Silver,1313.86
CUST011032,0.5141,5,2554.83,2.0,64.0,Referral,Gold,1313.44
CUST014337,0.9738,1,1348.74,1.0,248.0,Email Campaign,Bronze,1313.4
CUST015366,0.521,5,2519.98,4.0,51.0,Paid Social,Bronze,1312.91
CUST008417,0.5943,4,2205.92,3.0,89.0,Paid Social,Gold,1310.98
CUST009728,0.2344,9,5592.4,9.0,25.0,Organic Search,Silver,1310.86
CUST012298,0.9903,1,1323.58,1.0,431.0,Email Campaign,Silver,1310.74
CUST010371,0.3729,7,3514.21,5.0,24.0,Influencer,Silver,1310.45
CUST018791,0.0757,10,17306.940000000002,9.0,15.0,Organic Search,Platinum,1310.14
CUST018113,0.3448,7,3797.16,3.0,36.0,Email Campaign,Bronze,1309.26
CUST017441,0.4203,6,3113.97,1.0,116.0,Influencer,Silver,1308.8
CUST009734,0.5372,5,2435.66,3.0,15.0,,Bronze,1308.44
CUST016194,0.8823,3,1482.85,3.0,96.0,Marketplace,Silver,1308.32
CUST004458,0.9866,1,1325.96,1.0,234.0,Paid Social,Bronze,1308.19
CUST011127,0.8673,3,1508.08,1.0,294.0,Paid Social,Bronze,1307.96
CUST001592,0.1135,10,11522.05,9.0,29.0,,Gold,1307.75
CUST006991,0.361,7,3621.31,5.0,54.0,Paid Social,Bronze,1307.29
CUST016754,0.1388,10,9415.03,6.0,18.0,Direct,Bronze,1306.81
CUST017255,0.6508,4,2007.61,1.0,336.0,Organic Search,Bronze,1306.55
CUST010777,0.3877,7,3369.77,3.0,100.0,Email Campaign,Bronze,1306.46
CUST013523,0.0758,10,17235.18,11.0,31.0,Organic Search,Silver,1306.43
CUST012346,0.531,5,2458.67,3.0,55.0,,Gold,1305.55
CUST006148,0.2358,9,5536.45,3.0,7.0,Organic Search,Bronze,1305.49
CUST017250,0.6386,4,2043.83,1.0,43.0,Influencer,Gold,1305.19
CUST014904,0.4808,5,2713.71,5.0,111.0,Email Campaign,Bronze,1304.75
CUST007968,0.1863,9,6999.6900000000005,6.0,3.0,Email Campaign,Silver,1304.04
CUST004460,0.9771,1,1334.13,2.0,230.0,Organic Search,Bronze,1303.58
CUST002824,0.2306,9,5652.04,7.0,34.0,Paid Social,Bronze,1303.36
CUST017937,0.9509,2,1370.46,1.0,318.0,Organic Search,Silver,1303.17
CUST001223,0.2095,9,6215.88,6.0,5.0,Organic Search,Platinum,1302.23
CUST016429,0.3222,8,4040.79,4.0,0.0,Paid Social,Bronze,1301.94
CUST007987,0.4658,6,2794.85,5.0,124.0,Organic Search,Bronze,1301.84
CUST000554,0.9713,1,1339.68,1.0,354.0,Marketplace,Bronze,1301.23
CUST009322,0.1994,9,6525.46,4.0,52.0,Organic Search,Silver,1301.18
CUST011710,0.0846,10,15371.65,10.0,5.0,Direct,Gold,1300.44
CUST018427,0.2765,8,4703.05,4.0,83.0,Direct,,1300.39
CUST005100,0.9446,2,1376.04,1.0,429.0,Organic Search,Bronze,1299.81
CUST018407,0.6973,4,1863.4,2.0,239.0,Direct,Silver,1299.35
CUST011081,0.1679,10,7735.76,6.0,52.0,Marketplace,Gold,1298.83
CUST017924,0.314,8,4135.97,4.0,97.0,Influencer,Platinum,1298.69
CUST017206,0.3221,8,4030.19,6.0,103.0,Paid Social,Bronze,1298.12
CUST001886,0.3407,7,3808.52,4.0,9.0,Organic Search,Bronze,1297.56
CUST008028,0.9249,2,1402.75,2.0,261.0,Organic Search,Bronze,1297.4
CUST007922,0.4778,5,2711.36,2.0,103.0,Paid Social,Platinum,1295.49
CUST005789,0.1602,10,8081.38,8.0,30.0,Organic Search,Silver,1294.64
CUST006404,0.2539,9,5098.32,6.0,94.0,Marketplace,Bronze,1294.46
CUST002000,0.1283,10,10087.73,8.0,6.0,,Silver,1294.26
CUST011901,0.799,3,1619.58,1.0,108.0,Email Campaign,Silver,1294.04
CUST014036,0.5148,5,2512.88,2.0,135.0,Email Campaign,Silver,1293.63
CUST006032,0.7011,4,1844.04,1.0,178.0,,Bronze,1292.86
CUST011961,0.3581,7,3609.9500000000003,4.0,54.0,Direct,Bronze,1292.72
CUST012876,0.9565,2,1350.52,2.0,157.0,Influencer,Bronze,1291.77
CUST006444,0.078,10,16559.49,13.0,11.0,Organic Search,Silver,1291.64
CUST007291,0.2273,9,5682.23,8.0,15.0,,Platinum,1291.57
CUST009153,0.1226,10,10533.25,6.0,7.0,Organic Search,Bronze,1291.38
CUST003345,0.78,3,1655.3400000000001,2.0,89.0,Email Campaign,Gold,1291.17
CUST009044,0.9903,1,1303.78,3.0,386.0,Referral,Bronze,1291.13
CUST002094,0.9393,2,1374.55,1.0,180.0,Paid Social,Silver,1291.11
CUST019241,0.1474,10,8758.380000000001,8.0,35.0,Direct,Bronze,1290.99
CUST008625,0.1853,9,6961.6,6.0,118.0,Marketplace,Platinum,1289.98
CUST005655,0.2055,9,6276.51,7.0,36.0,Email Campaign,Bronze,1289.82
CUST012110,0.2562,9,5033.99,5.0,117.0,Organic Search,Silver,1289.71
CUST006167,0.484,5,2663.56,1.0,97.0,Paid Social,Bronze,1289.16
CUST016706,0.1106,10,11654.24,10.0,20.0,Organic Search,,1288.96
CUST005621,0.9375,2,1374.28,2.0,109.0,Marketplace,Bronze,1288.39
CUST009639,0.1788,9,7204.16,9.0,10.0,Paid Social,Gold,1288.1
CUST017128,0.9217,2,1397.28,3.0,242.0,Email Campaign,Gold,1287.87
CUST002917,0.214,9,6017.85,10.0,45.0,Email Campaign,,1287.82
CUST007766,0.947,2,1359.73,5.0,255.0,Email Campaign,Gold,1287.66
CUST004992,0.1111,10,11589.46,12.0,52.0,Email Campaign,Bronze,1287.59
CUST002194,0.9174,2,1403.33,2.0,201.0,Email Campaign,Silver,1287.41
CUST010144,0.9694,1,1327.81,2.0,279.0,Direct,Bronze,1287.18
CUST018645,0.3108,8,4140.56,3.0,52.0,Organic Search,Bronze,1286.89
CUST007084,0.2937,8,4380.59,4.0,4.0,Paid Social,Bronze,1286.58
CUST009775,0.1232,10,10440.2,7.0,50.0,Referral,Silver,1286.23
CUST004361,0.2199,9,5839.76,6.0,3.0,,Bronze,1284.16
CUST019526,0.9585,2,1339.35,2.0,258.0,Direct,Silver,1283.77
CUST002796,0.9425,2,1361.91,1.0,170.0,,Bronze,1283.6
CUST006610,0.7687,3,1669.65,1.0,66.0,Paid Social,Bronze,1283.46
CUST018698,0.6595,4,1945.08,2.0,16.0,Direct,Bronze,1282.78
CUST014630,0.3121,8,4110.0,6.0,95.0,Influencer,Bronze,1282.73
CUST015593,0.2093,9,6127.59,7.0,22.0,Paid Social,Silver,1282.5
CUST011945,0.0871,10,14724.18,11.0,62.0,Referral,,1282.48
CUST000803,0.3113,8,4118.99,2.0,41.0,Direct,Bronze,1282.24
CUST010183,0.3481,7,3682.44,1.0,164.0,Organic Search,Bronze,1281.86
CUST012093,0.9851,1,1301.01,2.0,278.0,Organic Search,Silver,1281.62
CUST013982,0.8728,3,1468.26,1.0,47.0,Paid Social,Bronze,1281.5
CUST012866,0.2062,9,6214.78,8.0,11.0,,Bronze,1281.49
CUST004774,0.097,10,13209.060000000001,11.0,30.0,Referral,Bronze,1281.28
CUST013991,0.5467,5,2343.24,3.0,73.0,Marketplace,Silver,1281.05
CUST012256,0.9023,3,1419.72,1.0,64.0,,Bronze,1281.01
CUST000010,0.0614,10,20854.370000000003,10.0,33.0,Referral,Gold,1280.46
CUST018146,0.3361,7,3808.68,2.0,125.0,Paid Social,Silver,1280.1
CUST019301,0.438,6,2921.86,1.0,41.0,Organic Search,Bronze,1279.77
CUST004945,0.7378,3,1734.5,5.0,65.0,Referral,Bronze,1279.71
CUST003548,0.0251,10,50980.36,15.0,10.0,Organic Search,Gold,1279.61
CUST005711,0.8625,3,1482.63,2.0,120.0,Influencer,Bronze,1278.77
CUST019750,0.2232,9,5728.6900000000005,9.0,44.0,Organic Search,Bronze,1278.64
CUST014127,0.4217,6,3030.91,3.0,83.0,Organic Search,Gold,1278.13
CUST002743,0.9915,1,1288.77,2.0,418.0,Referral,,1277.82
CUST004556,0.099,10,12904.08,9.0,26.0,Referral,Platinum,1277.5
CUST013360,0.3055,8,4181.49,4.0,113.0,Direct,Bronze,1277.45
CUST009258,0.3638,7,3510.75,4.0,15.0,Organic Search,Gold,1277.21
CUST005254,0.2685,8,4756.77,6.0,0.0,Influencer,Bronze,1277.19
CUST012310,0.3045,8,4192.9,4.0,102.0,,Bronze,1276.74
CUST006290,0.1983,9,6438.110000000001,7.0,39.0,Marketplace,Gold,1276.68
CUST017268,0.396,7,3222.45,2.0,11.0,Paid Social,,1276.09
CUST013406,0.6217,4,2052.02,2.0,83.0,Marketplace,Bronze,1275.74
CUST008654,0.6489,4,1965.19,4.0,47.0,Organic Search,Silver,1275.21
CUST019152,0.3105,8,4103.88,1.0,17.0,Direct,Gold,1274.25
CUST009898,0.4272,6,2982.56,3.0,86.0,,Gold,1274.15
CUST006550,0.7586,3,1679.53,2.0,83.0,,Bronze,1274.09
CUST007991,0.3364,7,3786.75,6.0,23.0,,Bronze,1273.86
CUST014219,0.24,9,5306.28,4.0,9.0,Direct,Gold,1273.51
CUST006175,0.144,10,8842.26,7.0,41.0,Email Campaign,Silver,1273.29
CUST014637,0.9611,2,1324.71,2.0,222.0,Paid Social,Bronze,1273.18
CUST017677,0.3324,8,3823.12,9.0,205.0,Referral,Platinum,1270.81
CUST006517,0.9175,2,1385.01,1.0,131.0,Direct,Bronze,1270.75
CUST003383,0.092,10,13809.470000000001,9.0,6.0,Paid Social,Platinum,1270.47
CUST007567,0.1529,10,8307.89,8.0,101.0,Paid Social,Silver,1270.28
CUST000719,0.2124,9,5977.61,5.0,105.0,Email Campaign,Bronze,1269.64
CUST017143,0.1896,9,6694.38,8.0,39.0,Organic Search,Gold,1269.25
CUST000172,0.8257,3,1536.27,1.0,74.0,Paid Social,Gold,1268.5
CUST013160,0.4905,5,2585.47,1.0,163.0,Influencer,Silver,1268.17
CUST000557,0.967,1,1311.26,5.0,356.0,Direct,Bronze,1267.99
CUST015473,0.4077,6,3109.71,1.0,22.0,Influencer,,1267.83
CUST009070,0.0815,10,15553.76,11.0,19.0,Organic Search,Bronze,1267.63
CUST004547,0.5253,5,2412.82,2.0,31.0,Marketplace,Bronze,1267.45
CUST012811,0.3143,8,4031.7999999999997,3.0,102.0,Paid Social,Bronze,1267.19
CUST003524,0.3816,7,3320.08,3.0,7.0,Referral,Gold,1266.94
CUST004933,0.9078,2,1395.12,1.0,242.0,Email Campaign,Bronze,1266.49
CUST007301,0.9182,2,1379.29,2.0,99.0,Paid Social,Silver,1266.46
CUST015386,0.9681,1,1307.89,1.0,186.0,Referral,Gold,1266.17
CUST017673,0.5486,5,2307.63,5.0,190.0,Direct,Bronze,1265.97
CUST012098,0.6335,4,1998.36,2.0,137.0,Influencer,Bronze,1265.96
CUST017462,0.9303,2,1359.51,3.0,186.0,Paid Social,Bronze,1264.75
CUST007758,0.1889,9,6694.860000000001,7.0,4.0,Marketplace,Silver,1264.66
CUST003764,0.6264,4,2018.63,2.0,101.0,Influencer,Silver,1264.47
CUST013954,0.1403,10,9011.07,9.0,45.0,Organic Search,Silver,1264.25
CUST001357,0.3836,7,3294.36,2.0,116.0,Referral,Bronze,1263.72
CUST007457,0.9728,1,1298.97,1.0,238.0,Organic Search,Silver,1263.64
CUST010709,0.6084,4,2076.88,1.0,118.0,Paid Social,Bronze,1263.57
CUST012579,0.2224,9,5680.94,6.0,59.0,Organic Search,Silver,1263.44
CUST014782,0.4267,6,2960.79,5.0,29.0,Organic Search,Silver,1263.37
CUST012960,0.3441,7,3669.68,3.0,48.0,Marketplace,Gold,1262.74
CUST002550,0.9618,1,1312.52,2.0,191.0,,Silver,1262.38
CUST005519,0.225,9,5610.5199999999995,4.0,52.0,,,1262.37
CUST010771,0.7673,3,1645.08,2.0,99.0,Referral,Silver,1262.27
CUST019008,0.6469,4,1950.51,4.0,35.0,,Bronze,1261.78
CUST018554,0.9512,2,1326.28,1.0,400.0,Paid Social,Gold,1261.56
CUST015437,0.4295,6,2936.35,5.0,10.0,Organic Search,Silver,1261.16
CUST009949,0.7733,3,1630.83,2.0,52.0,Organic Search,Silver,1261.12
CUST011596,0.1065,10,11838.7,8.0,64.0,Direct,Silver,1260.82
CUST013886,0.2812,8,4482.84,2.0,5.0,Referral,Bronze,1260.57
CUST011412,0.8992,3,1401.78,2.0,123.0,Organic Search,Gold,1260.48
CUST015023,0.2516,9,5008.63,8.0,108.0,Referral,Bronze,1260.17
CUST004681,0.1047,10,12024.54,11.0,9.0,Email Campaign,Platinum,1258.97
CUST017481,0.3687,7,3414.38,2.0,123.0,Marketplace,Gold,1258.88
CUST012059,0.3989,6,3155.5699999999997,3.0,213.0,Influencer,Gold,1258.76
CUST019273,0.5867,4,2144.06,2.0,124.0,Direct,,1257.92
CUST008329,0.3958,7,3178.01,2.0,29.0,Influencer,Silver,1257.86
CUST015995,0.5155,5,2440.05,2.0,193.0,Influencer,Silver,1257.85
CUST018059,0.9754,1,1288.84,1.0,193.0,Organic Search,Bronze,1257.13
CUST016780,0.5592,4,2247.92,2.0,48.0,Direct,Gold,1257.04
CUST009538,0.7138,4,1760.97,1.0,121.0,Referral,Bronze,1256.98
CUST009857,0.2533,9,4958.6900000000005,4.0,66.0,Organic Search,Platinum,1256.04
CUST014280,0.2903,8,4325.04,5.0,45.0,Paid Social,Silver,1255.56
CUST005242,0.4793,5,2619.24,2.0,318.0,Direct,Silver,1255.4
CUST006804,0.0555,10,22616.52,16.0,15.0,Direct,Silver,1255.22
CUST006743,0.1301,10,9647.4,14.0,32.0,Organic Search,,1255.13
CUST012764,0.3551,7,3534.56,3.0,46.0,Email Campaign,Bronze,1255.12
CUST019815,0.8733,3,1437.17,2.0,82.0,Referral,Bronze,1255.08
CUST011453,0.3883,7,3231.59,1.0,22.0,Paid Social,,1254.83
CUST010361,0.2237,9,5608.92,6.0,104.0,Organic Search,Silver,1254.72
CUST014562,0.2365,9,5304.55,4.0,51.0,Email Campaign,Gold,1254.53
CUST001019,0.1268,10,9893.47,7.0,50.0,Direct,Bronze,1254.49
CUST001733,0.3602,7,3482.59,3.0,7.0,Influencer,,1254.43
CUST000996,0.1019,10,12309.16,11.0,27.0,Paid Social,Gold,1254.3
CUST010418,0.3424,7,3661.3399999999997,2.0,24.0,Email Campaign,Bronze,1253.64
CUST018399,0.9957,1,1259.01,1.0,403.0,Paid Social,Bronze,1253.6
CUST005796,0.1299,10,9650.44,10.0,0.0,Direct,Bronze,1253.59
CUST011644,0.7494,3,1672.46,2.0,119.0,Organic Search,Platinum,1253.34
CUST001634,0.2875,8,4358.83,2.0,11.0,Direct,Silver,1253.16
CUST003264,0.0596,10,21026.22,17.0,41.0,Referral,Bronze,1253.16
CUST003313,0.5651,4,2216.53,1.0,5.0,Influencer,Bronze,1252.56
CUST018081,0.8825,3,1418.9,1.0,58.0,Marketplace,Platinum,1252.18
CUST011130,0.9454,2,1324.3500000000001,3.0,212.0,Influencer,Bronze,1252.04
CUST017734,0.4253,6,2943.43,1.0,1.0,Organic Search,Gold,1251.84
CUST010591,0.5004,5,2500.98,2.0,45.0,Organic Search,Silver,1251.49
CUST010187,0.4253,6,2941.46,4.0,3.0,Referral,Bronze,1251.0
CUST003263,0.1865,9,6707.110000000001,4.0,5.0,Referral,Platinum,1250.88
CUST005239,0.4712,5,2654.33,2.0,16.0,Organic Search,Bronze,1250.72
CUST018658,0.0758,10,16499.43,13.0,17.0,Marketplace,Platinum,1250.66
CUST009202,0.3209,8,3897.01,5.0,100.0,Organic Search,Silver,1250.55
CUST011546,0.1839,9,6799.48,5.0,16.0,Referral,Bronze,1250.42
CUST003504,0.412,6,3035.0,3.0,8.0,Direct,Bronze,1250.42
CUST005330,0.4889,5,2556.36,4.0,91.0,Paid Social,Bronze,1249.8
CUST010484,0.977,1,1278.87,2.0,273.0,Organic Search,Silver,1249.46
CUST017410,0.3927,7,3180.64,1.0,8.0,Email Campaign,Bronze,1249.04
CUST004478,0.9918,1,1259.17,1.0,393.0,Marketplace,Silver,1248.84
CUST015162,0.9555,2,1306.93,1.0,376.0,Organic Search,Bronze,1248.77
CUST000222,0.9912,1,1259.46,1.0,440.0,Paid Social,Platinum,1248.38
CUST014369,0.2017,9,6187.48,7.0,77.0,Direct,Bronze,1248.01
CUST013600,0.4674,6,2670.1,1.0,0.0,Organic Search,Gold,1248.0
CUST007585,0.2586,8,4824.66,5.0,24.0,Direct,Silver,1247.66
CUST010965,0.7578,3,1646.0500000000002,3.0,53.0,Referral,Bronze,1247.38
CUST012519,0.1613,10,7731.7,4.0,0.0,Email Campaign,Silver,1247.12
CUST007644,0.4799,5,2596.85,2.0,23.0,Paid Social,Bronze,1246.23
CUST010893,0.9173,2,1358.48,3.0,111.0,Organic Search,Bronze,1246.13
CUST006468,0.1317,10,9456.130000000001,8.0,5.0,Influencer,Platinum,1245.37
CUST016367,0.1991,9,6252.57,4.0,19.0,Referral,Gold,1244.89
CUST013987,0.204,9,6102.15,11.0,51.0,Email Campaign,Bronze,1244.84
CUST008579,0.2777,8,4482.4800000000005,4.0,1.0,Referral,Bronze,1244.78
CUST018836,0.2994,8,4157.06,3.0,71.0,Paid Social,Gold,1244.62
CUST013206,0.2137,9,5823.21,5.0,23.0,Direct,Gold,1244.42
CUST011758,0.0737,10,16879.59,12.0,11.0,Organic Search,Platinum,1244.03
CUST001186,0.3819,7,3255.84,5.0,26.0,Organic Search,Bronze,1243.41
CUST005640,0.2396,9,5185.56,6.0,109.0,Organic Search,Bronze,1242.46
CUST001054,0.1964,9,6318.8,6.0,24.0,Organic Search,Bronze,1241.01
CUST017339,0.408,6,3041.12,6.0,2.0,Influencer,Bronze,1240.78
CUST011299,0.9778,1,1268.51,2.0,319.0,,Gold,1240.35
CUST001104,0.3437,7,3608.39,3.0,46.0,Organic Search,Silver,1240.2
CUST017841,0.1487,10,8337.43,8.0,114.0,Referral,Platinum,1239.78
CUST010478,0.5166,5,2397.65,4.0,108.0,Referral,Bronze,1238.63
CUST013190,0.6132,4,2019.61,1.0,28.0,Organic Search,Bronze,1238.42
CUST002839,0.9693,1,1277.58,3.0,317.0,Organic Search,Silver,1238.36
CUST018212,0.2876,8,4303.71,2.0,25.0,Marketplace,,1237.75
CUST012121,0.6687,4,1848.33,1.0,73.0,Direct,Silver,1235.98
CUST016769,0.9114,2,1355.88,1.0,178.0,Paid Social,Bronze,1235.75
CUST018553,0.8014,3,1541.73,3.0,53.0,,Gold,1235.54
CUST018720,0.0738,10,16740.18,10.0,9.0,Referral,Bronze,1235.43
CUST000296,0.0769,10,16062.59,12.0,33.0,Email Campaign,Gold,1235.21
CUST019906,0.192,9,6432.98,4.0,25.0,Marketplace,Platinum,1235.13
CUST009218,0.9714,1,1271.08,1.0,310.0,Direct,Silver,1234.73
CUST009790,0.2025,9,6096.43,6.0,6.0,Direct,Silver,1234.53
CUST008742,0.5712,4,2161.0,1.0,102.0,Organic Search,Silver,1234.36
CUST002787,0.3308,8,3729.13,5.0,4.0,,Silver,1233.6
CUST016484,0.9119,2,1352.24,1.0,380.0,Marketplace,Silver,1233.11
CUST017064,0.4475,6,2754.75,6.0,52.0,Direct,Silver,1232.75
CUST015431,0.9932,1,1241.18,1.0,443.0,,Gold,1232.74
CUST005102,0.8826,3,1396.61,1.0,54.0,Email Campaign,Silver,1232.65
CUST004322,0.3237,8,3807.4799999999996,4.0,10.0,Referral,Silver,1232.48
CUST010010,0.0882,10,13972.39,10.0,32.0,Referral,Gold,1232.36
CUST010967,0.5466,5,2254.43,5.0,33.0,Influencer,Bronze,1232.27
CUST019087,0.413,6,2982.34,3.0,10.0,Paid Social,Bronze,1231.71
CUST017938,0.0719,10,17129.8,8.0,4.0,Referral,Platinum,1231.63
CUST012414,0.137,10,8989.44,8.0,51.0,Organic Search,Bronze,1231.55
CUST004248,0.0599,10,20538.06,11.0,3.0,Organic Search,Platinum,1230.23
CUST001837,0.5485,5,2242.65,2.0,122.0,Paid Social,Gold,1230.09
CUST019761,0.9246,2,1329.9099999999999,4.0,166.0,Direct,Bronze,1229.63
CUST009027,0.4817,5,2552.4,1.0,21.0,Organic Search,Bronze,1229.49
CUST013862,0.2001,9,6144.33,4.0,83.0,Referral,Bronze,1229.48
CUST011250,0.2938,8,4183.97,4.0,9.0,Influencer,Bronze,1229.25
CUST001882,0.9669,1,1271.06,3.0,311.0,Paid Social,Platinum,1228.99
CUST014591,0.5111,5,2404.4,2.0,283.0,,Gold,1228.89
CUST016365,0.1832,9,6705.99,5.0,39.0,Organic Search,Bronze,1228.54
CUST002804,0.2349,9,5225.09,8.0,43.0,Organic Search,Gold,1227.37
CUST011362,0.2468,9,4970.95,7.0,32.0,,Bronze,1226.83
CUST004461,0.3086,8,3975.42,2.0,3.0,Influencer,Silver,1226.81
CUST009348,0.8736,3,1403.72,3.0,166.0,Influencer,Bronze,1226.29
CUST000650,0.9494,2,1291.0,1.0,181.0,Paid Social,Bronze,1225.68
CUST012387,0.0804,10,15236.68,9.0,35.0,Email Campaign,Bronze,1225.03
CUST004717,0.5503,5,2223.4700000000003,2.0,27.0,Email Campaign,Bronze,1223.58
CUST014086,0.2823,8,4332.22,6.0,34.0,Organic Search,Silver,1222.99
CUST012593,0.4692,5,2606.37,2.0,39.0,Organic Search,,1222.91
CUST014786,0.4841,5,2524.88,3.0,54.0,,Gold,1222.29
CUST011555,0.321,8,3807.6,2.0,45.0,Organic Search,Gold,1222.24
CUST002035,0.688,4,1776.41,3.0,86.0,Direct,Silver,1222.17
CUST016201,0.4001,6,3054.67,1.0,14.0,Influencer,Silver,1222.17
CUST003216,0.9,3,1357.89,2.0,152.0,Organic Search,Silver,1222.1
CUST017749,0.3722,7,3283.34,1.0,2.0,Organic Search,Silver,1222.06
CUST002748,0.7811,3,1564.42,2.0,56.0,Referral,Bronze,1221.97
CUST003372,0.6193,4,1971.8000000000002,3.0,112.0,Organic Search,Bronze,1221.14
CUST006338,0.4465,6,2734.85,4.0,0.0,Referral,Bronze,1221.11
CUST010958,0.0334,10,36558.479999999996,12.0,16.0,Referral,Bronze,1221.05
CUST008191,0.4392,6,2778.21,2.0,250.0,,Bronze,1220.19
CUST003801,0.2096,9,5819.71,10.0,19.0,Influencer,Silver,1219.81
CUST019899,0.2665,8,4576.78,4.0,101.0,Email Campaign,Bronze,1219.71
CUST002912,0.3702,7,3294.64,1.0,10.0,Organic Search,Gold,1219.68
CUST010929,0.8642,3,1411.17,2.0,80.0,Influencer,Bronze,1219.53
CUST003569,0.1345,10,9066.17,9.0,28.0,Email Campaign,Bronze,1219.4
CUST004119,0.1334,10,9134.26,8.0,45.0,Paid Social,Bronze,1218.51
CUST010357,0.8159,3,1493.25,2.0,89.0,,Platinum,1218.34
CUST001987,0.9958,1,1223.1,1.0,313.0,Influencer,Bronze,1217.96
CUST015008,0.2425,9,5018.969999999999,6.0,7.0,Direct,Silver,1217.1
CUST018032,0.2582,8,4713.76,3.0,87.0,Direct,,1217.09
CUST001463,0.2264,9,5374.17,6.0,31.0,Organic Search,Platinum,1216.71
CUST005361,0.9645,1,1261.32,2.0,182.0,Paid Social,Bronze,1216.54
CUST001364,0.238,9,5111.29,2.0,7.0,,Silver,1216.49
CUST015685,0.4519,6,2690.03,5.0,111.0,Direct,Silver,1215.62
CUST005261,0.1175,10,10343.130000000001,7.0,85.0,Referral,Silver,1215.32
CUST002725,0.3107,8,3911.3500000000004,4.0,125.0,Referral,Platinum,1215.26
CUST011934,0.9191,2,1321.62,1.0,127.0,Marketplace,Bronze,1214.7
CUST004027,0.056,10,21687.09,13.0,9.0,Influencer,Gold,1214.48
CUST019255,0.9851,1,1232.66,1.0,363.0,,Silver,1214.29
CUST009116,0.3803,7,3191.62,4.0,126.0,Referral,Bronze,1213.77
CUST014314,0.9289,2,1306.56,2.0,120.0,Email Campaign,Bronze,1213.66
CUST013455,0.3816,7,3180.07,1.0,24.0,Organic Search,Bronze,1213.51
CUST006243,0.2409,9,5035.24,5.0,12.0,Direct,Gold,1212.99
CUST017764,0.6625,4,1830.55,1.0,96.0,Direct,,1212.74
CUST006557,0.1213,10,9994.86,8.0,62.0,Organic Search,Platinum,1212.38
CUST016077,0.4419,6,2743.31,2.0,13.0,,Gold,1212.27
CUST003631,0.148,10,8189.76,11.0,41.0,Organic Search,Gold,1212.08
CUST014107,0.9317,2,1300.42,1.0,143.0,Organic Search,Silver,1211.6
CUST007859,0.3529,7,3433.1600000000003,3.0,9.0,Referral,Gold,1211.56
CUST018879,0.2238,9,5413.32,8.0,21.0,Referral,Bronze,1211.5
CUST011743,0.1747,9,6933.27,7.0,87.0,Direct,Gold,1211.24
CUST008319,0.1669,10,7254.24,8.0,17.0,Referral,Bronze,1210.73
CUST003935,0.192,9,6304.66,6.0,12.0,Direct,Gold,1210.49
CUST007616,0.3647,7,3318.77,4.0,24.0,Paid Social,Bronze,1210.36
CUST004739,0.9185,2,1317.14,1.0,153.0,Organic Search,Gold,1209.79
CUST015702,0.6872,4,1759.9099999999999,3.0,108.0,Marketplace,Silver,1209.41
CUST000028,0.2015,9,6000.87,9.0,31.0,Direct,Bronze,1209.18
CUST015220,0.2209,9,5466.35,5.0,5.0,Referral,Gold,1207.52
CUST005861,0.8243,3,1464.8600000000001,2.0,92.0,Organic Search,Silver,1207.48
CUST001755,0.2797,8,4315.84,5.0,91.0,Organic Search,Silver,1207.14
CUST009699,0.1178,10,10243.470000000001,9.0,5.0,Organic Search,Gold,1206.68
CUST007015,0.2414,9,4998.04,6.0,14.0,Organic Search,Bronze,1206.53
CUST001850,0.0502,10,24017.82,15.0,11.0,,Platinum,1205.69
CUST017109,0.1117,10,10789.69,11.0,32.0,Referral,Silver,1205.21
CUST013313,0.2467,9,4885.24,5.0,2.0,Referral,Silver,1205.19
CUST003834,0.2406,9,5008.18,4.0,18.0,Marketplace,Bronze,1204.97
CUST005126,0.8913,3,1351.75,3.0,103.0,Organic Search,Bronze,1204.81
CUST019654,0.3129,8,3850.2299999999996,3.0,3.0,Referral,Silver,1204.74
CUST004987,0.0244,10,49362.29,19.0,9.0,Referral,Bronze,1204.44
CUST006069,0.2002,9,6016.139999999999,5.0,7.0,Influencer,Silver,1204.43
CUST008040,0.9641,1,1249.22,1.0,195.0,Influencer,Bronze,1204.37
CUST015243,0.2476,9,4862.9,5.0,6.0,Influencer,Bronze,1204.05
CUST008863,0.4688,5,2566.16,1.0,112.0,Organic Search,Gold,1203.02
CUST014148,0.2869,8,4193.16,3.0,114.0,Organic Search,Bronze,1203.02
CUST008997,0.5136,5,2342.2,1.0,11.0,Organic Search,Bronze,1202.95
CUST004255,0.2211,9,5438.84,6.0,14.0,Organic Search,Silver,1202.53
CUST000099,0.2099,9,5727.07,4.0,97.0,Direct,Platinum,1202.11
CUST008982,0.1581,10,7601.25,7.0,67.0,Email Campaign,Bronze,1201.76
CUST018372,0.9644,1,1245.99,1.0,386.0,Influencer,Bronze,1201.63
CUST019495,0.9789,1,1227.34,1.0,335.0,Influencer,Bronze,1201.44
CUST018770,0.6564,4,1829.61,1.0,68.0,Paid Social,Bronze,1200.96
CUST000318,0.6267,4,1915.15,1.0,32.0,Influencer,Bronze,1200.22
CUST003192,0.1526,10,7863.95,11.0,21.0,Marketplace,Gold,1200.04
CUST001874,0.9549,2,1256.72,1.0,307.0,Paid Social,Bronze,1200.04
CUST001726,0.1464,10,8196.26,6.0,19.0,Organic Search,Silver,1199.93
CUST005863,0.1708,9,7022.84,9.0,74.0,Email Campaign,Gold,1199.5
CUST003308,0.4051,6,2960.87,3.0,75.0,Organic Search,Silver,1199.45
CUST002904,0.958,2,1250.9099999999999,2.0,246.0,Influencer,Bronze,1198.37
CUST000610,0.4164,6,2876.99,3.0,256.0,Referral,Bronze,1197.98
CUST010404,0.8899,3,1346.09,1.0,108.0,Organic Search,Bronze,1197.89
CUST005840,0.2267,9,5282.13,8.0,11.0,Direct,Bronze,1197.46
CUST002698,0.1534,10,7805.05,4.0,20.0,Email Campaign,Bronze,1197.29
CUST012203,0.9047,3,1322.92,1.0,122.0,,Bronze,1196.85
CUST000550,0.9188,2,1302.36,4.0,93.0,Paid Social,Silver,1196.61
CUST010456,0.1487,10,8045.6900000000005,8.0,4.0,Direct,Platinum,1196.39
CUST007938,0.4267,6,2801.56,4.0,91.0,Paid Social,Platinum,1195.43
CUST016725,0.0466,10,25641.16,18.0,6.0,Email Campaign,Silver,1194.88
CUST011507,0.2862,8,4174.82,6.0,13.0,Marketplace,Bronze,1194.83
CUST012646,0.2606,8,4583.9400000000005,6.0,101.0,Influencer,,1194.57
CUST007509,0.406,6,2941.9700000000003,2.0,106.0,Organic Search,Bronze,1194.44
CUST000635,0.8496,3,1405.67,1.0,52.0,Organic Search,Bronze,1194.26
CUST003293,0.1182,10,10100.16,11.0,74.0,,Gold,1193.84
CUST017177,0.9262,2,1288.94,3.0,137.0,Direct,,1193.82
CUST002828,0.7653,3,1559.58,2.0,161.0,,Silver,1193.55
CUST008767,0.4302,6,2774.02,2.0,32.0,,Bronze,1193.38
CUST000490,0.4736,5,2519.62,2.0,14.0,Paid Social,Bronze,1193.29
CUST014343,0.1905,9,6263.83,6.0,126.0,Direct,Silver,1193.26
CUST001426,0.1059,10,11261.779999999999,11.0,22.0,Email Campaign,Silver,1192.62
CUST015612,0.3722,7,3201.66,6.0,120.0,Organic Search,,1191.66
CUST015272,0.4596,6,2592.4,3.0,46.0,Organic Search,Bronze,1191.47
CUST003967,0.2762,8,4309.31,2.0,92.0,,Platinum,1190.23
CUST009936,0.4707,5,2527.21,3.0,4.0,,Silver,1189.56
CUST004296,0.8766,3,1356.79,4.0,120.0,Paid Social,Gold,1189.36
CUST007449,0.7412,3,1604.24,3.0,116.0,Marketplace,Silver,1189.06
CUST019016,0.452,6,2630.43,1.0,18.0,Referral,Gold,1188.95
CUST005489,0.537,5,2211.04,2.0,135.0,Organic Search,Bronze,1187.33
CUST008514,0.3237,8,3666.7299999999996,3.0,78.0,Paid Social,Gold,1186.92
CUST002693,0.1995,9,5946.299999999999,7.0,1.0,Referral,Bronze,1186.29
CUST009722,0.6509,4,1822.48,1.0,56.0,Paid Social,Bronze,1186.25
CUST002593,0.6465,4,1834.6799999999998,2.0,101.0,Direct,Bronze,1186.12
CUST011339,0.2359,9,5027.64,5.0,50.0,Referral,Platinum,1186.02
CUST001009,0.0808,10,14677.98,12.0,93.0,Referral,Bronze,1185.98
CUST014602,0.2492,9,4757.47,4.0,12.0,Influencer,Bronze,1185.56
CUST006767,0.229,9,5176.68,5.0,49.0,Direct,Silver,1185.46
CUST012352,0.4285,6,2766.42,1.0,103.0,Organic Search,Platinum,1185.41
CUST018629,0.9483,2,1249.81,3.0,270.0,Email Campaign,Silver,1185.19
CUST002671,0.1261,10,9398.42,9.0,2.0,Referral,Bronze,1185.14
CUST009905,0.398,6,2977.54,2.0,124.0,Paid Social,Bronze,1185.06
CUST009370,0.4225,6,2803.44,1.0,13.0,Email Campaign,Silver,1184.45
CUST012523,0.0603,10,19641.8,20.0,9.0,Referral,Silver,1184.4
CUST011521,0.1838,9,6441.88,9.0,38.0,Marketplace,Gold,1184.02
CUST000500,0.1415,10,8365.98,6.0,5.0,Organic Search,Bronze,1183.79
CUST012097,0.4154,6,2846.44,2.0,22.0,Direct,Silver,1182.41
CUST013508,0.2566,9,4607.03,3.0,105.0,Paid Social,Bronze,1182.16
CUST006138,0.1969,9,6000.280000000001,7.0,132.0,Influencer,Gold,1181.46
CUST010867,0.5551,5,2127.62,3.0,72.0,Influencer,Bronze,1181.04
CUST016086,0.976,1,1210.04,2.0,189.0,Paid Social,Bronze,1181.0
CUST005335,0.5118,5,2304.6,1.0,23.0,Direct,Silver,1179.49
CUST017705,0.0602,10,19592.71,10.0,14.0,Email Campaign,Gold,1179.48
CUST014968,0.538,5,2191.63,1.0,86.0,Influencer,Bronze,1179.1
CUST012142,0.2382,9,4947.43,4.0,100.0,Direct,,1178.48
CUST010119,0.2008,9,5865.98,5.0,4.0,Organic Search,Silver,1177.89
CUST006331,0.9485,2,1241.46,2.0,246.0,Paid Social,Platinum,1177.52
CUST014181,0.3079,8,3824.36,1.0,115.0,Paid Social,Platinum,1177.52
CUST010753,0.3876,7,3037.73,6.0,53.0,Organic Search,Silver,1177.42
CUST011286,0.3908,7,3012.21,3.0,105.0,Paid Social,Bronze,1177.17
CUST009263,0.9742,1,1208.04,1.0,272.0,Organic Search,Bronze,1176.87
CUST009383,0.9207,2,1278.03,1.0,115.0,Influencer,Bronze,1176.68
CUST012770,0.4178,6,2815.29,2.0,23.0,Organic Search,Bronze,1176.23
CUST001087,0.5237,5,2245.4,2.0,180.0,Organic Search,Bronze,1175.92
CUST003393,0.0425,10,27666.65,12.0,44.0,Email Campaign,Gold,1175.83
CUST017477,0.1584,10,7420.660000000001,7.0,34.0,Email Campaign,,1175.43
CUST012417,0.1436,10,8184.530000000001,12.0,44.0,Direct,Bronze,1175.3
CUST013632,0.3037,8,3869.88,2.0,105.0,Paid Social,Bronze,1175.28
CUST013532,0.4321,6,2719.11,2.0,119.0,Marketplace,Platinum,1174.93
CUST014853,0.4426,6,2654.58,2.0,87.0,Paid Social,Bronze,1174.92
CUST010831,0.5579,4,2105.86,3.0,94.0,Paid Social,Bronze,1174.86
CUST000812,0.6074,4,1933.83,5.0,108.0,Email Campaign,Bronze,1174.61
CUST007743,0.7254,4,1618.92,4.0,84.0,Influencer,Bronze,1174.36
CUST006496,0.8892,3,1320.33,2.0,183.0,,,1174.04
CUST014370,0.0842,10,13942.380000000001,9.0,10.0,Email Campaign,Bronze,1173.95
CUST003456,0.973,1,1205.96,2.0,240.0,Organic Search,Gold,1173.4
CUST019145,0.1376,10,8525.03,10.0,19.0,Referral,Bronze,1173.04
CUST008782,0.2262,9,5185.45,5.0,4.0,Email Campaign,Bronze,1172.95
CUST001397,0.339,7,3459.89,1.0,177.0,,,1172.9
CUST003126,0.9466,2,1238.97,1.0,346.0,,Bronze,1172.81
CUST014744,0.9669,1,1212.8,2.0,376.0,Organic Search,Silver,1172.66
CUST014333,0.9411,2,1246.04,1.0,101.0,Paid Social,Bronze,1172.65
CUST019137,0.6369,4,1840.78,2.0,4.0,Influencer,Bronze,1172.39
CUST009120,0.2745,8,4270.3,5.0,119.0,,Bronze,1172.2
CUST016647,0.305,8,3842.7,5.0,86.0,Paid Social,Silver,1172.02
CUST013111,0.3896,7,3006.84,3.0,86.0,,Bronze,1171.46
CUST017060,0.9711,1,1205.8300000000002,2.0,378.0,Organic Search,Bronze,1170.98
CUST001809,0.789,3,1483.95,1.0,138.0,Paid Social,Silver,1170.84
CUST016021,0.589,4,1986.88,1.0,157.0,Paid Social,Bronze,1170.27
CUST018396,0.237,9,4937.290000000001,7.0,35.0,Organic Search,Bronze,1170.14
CUST002907,0.1815,9,6442.56,5.0,0.0,,Platinum,1169.32
CUST006366,0.9276,2,1259.83,3.0,148.0,Direct,Bronze,1168.62
CUST010681,0.2754,8,4243.15,5.0,3.0,Influencer,Silver,1168.56
CUST019138,0.0329,10,35516.55,16.0,9.0,Organic Search,Gold,1168.49
CUST018886,0.8363,3,1396.38,5.0,81.0,Paid Social,Gold,1167.79
CUST018839,0.3773,7,3094.56,3.0,175.0,Influencer,Silver,1167.58
CUST013924,0.1586,10,7357.51,10.0,6.0,Direct,Bronze,1166.9
CUST015494,0.8974,3,1300.26,1.0,121.0,Paid Social,Bronze,1166.85
CUST006679,0.2349,9,4966.9400000000005,6.0,105.0,Referral,Bronze,1166.73
CUST004534,0.711,4,1640.96,3.0,48.0,Paid Social,Bronze,1166.72
CUST008008,0.694,4,1679.65,3.0,79.0,Organic Search,Gold,1165.68
CUST013768,0.5433,5,2145.38,4.0,59.0,,Bronze,1165.58
CUST009134,0.28,8,4158.51,6.0,12.0,Organic Search,Bronze,1164.38
CUST016773,0.1521,10,7654.320000000001,10.0,20.0,Email Campaign,Silver,1164.22
CUST000461,0.3976,6,2926.63,2.0,47.0,,Bronze,1163.63
CUST001283,0.4252,6,2735.85,4.0,123.0,Email Campaign,Silver,1163.28
CUST011530,0.5891,4,1974.6,3.0,225.0,Influencer,Bronze,1163.24
CUST010471,0.5719,4,2033.67,3.0,110.0,,Silver,1163.06
CUST016438,0.9906,1,1173.93,1.0,454.0,Email Campaign,,1162.9
CUST019556,0.2542,9,4573.69,7.0,9.0,Organic Search,Bronze,1162.63
CUST007798,0.889,3,1307.75,1.0,123.0,,Bronze,1162.59
CUST006916,0.2663,8,4364.22,5.0,99.0,Organic Search,Gold,1162.19
CUST003592,0.9894,1,1174.3899999999999,2.0,325.0,Paid Social,Silver,1161.94
CUST014976,0.3354,7,3464.23,1.0,23.0,Referral,Bronze,1161.9
CUST007621,0.9531,2,1218.58,1.0,205.0,,Silver,1161.43
CUST006677,0.5748,4,2017.8200000000002,5.0,23.0,Influencer,Bronze,1159.84
CUST001365,0.9462,2,1225.38,1.0,421.0,,Gold,1159.45
CUST005334,0.5087,5,2278.34,1.0,12.0,Influencer,,1158.99
CUST002151,0.0459,10,25233.79,16.0,3.0,Referral,Silver,1158.23
CUST002398,0.2129,9,5437.79,7.0,51.0,,Bronze,1157.71
CUST005230,0.5696,4,2032.42,2.0,3.0,Email Campaign,Bronze,1157.67
CUST015979,0.5889,4,1965.73,1.0,31.0,Paid Social,Gold,1157.62
CUST006529,0.7973,3,1451.37,2.0,104.0,,Silver,1157.18
CUST015094,0.9312,2,1242.37,2.0,268.0,Direct,Gold,1156.89
CUST003187,0.0604,10,19152.18,9.0,1.0,Referral,,1156.79
CUST005023,0.8037,3,1439.03,2.0,87.0,Marketplace,Gold,1156.55
CUST019955,0.5916,4,1953.78,2.0,119.0,Paid Social,Bronze,1155.86
CUST002643,0.9686,1,1192.92,1.0,198.0,Paid Social,Silver,1155.46
CUST000953,0.9779,1,1181.53,1.0,354.0,Marketplace,Bronze,1155.42
CUST008641,0.8973,3,1287.55,2.0,124.0,Email Campaign,Bronze,1155.32
CUST008159,0.2717,8,4249.91,6.0,40.0,Email Campaign,Silver,1154.7
CUST018894,0.9805,1,1177.63,1.0,366.0,Marketplace,Bronze,1154.67
CUST005303,0.4352,6,2652.7599999999998,4.0,117.0,,Silver,1154.48
CUST000468,0.05,10,23089.32,15.0,8.0,Organic Search,Gold,1154.47
CUST012366,0.078,10,14799.45,19.0,47.0,Email Campaign,Bronze,1154.36
CUST015025,0.1455,10,7930.67,8.0,138.0,Email Campaign,Gold,1153.91
CUST017474,0.9512,2,1212.92,2.0,293.0,Organic Search,Platinum,1153.73
CUST010830,0.4478,6,2575.74,3.0,34.0,Direct,Bronze,1153.42
CUST018687,0.9929,1,1161.56,1.0,344.0,Organic Search,Bronze,1153.31
CUST007916,0.2636,8,4373.67,4.0,31.0,,Bronze,1152.9
CUST000048,0.2583,8,4461.28,4.0,18.0,Direct,Silver,1152.35
CUST015662,0.3859,7,2985.9,4.0,20.0,Paid Social,Gold,1152.26
CUST015749,0.4973,5,2316.01,3.0,78.0,Influencer,Bronze,1151.75
CUST002274,0.8455,3,1361.92,1.0,48.0,Paid Social,Bronze,1151.5
CUST006833,0.2562,9,4491.62,4.0,3.0,Direct,,1150.75
CUST010985,0.5964,4,1928.31,2.0,13.0,Influencer,Bronze,1150.04
CUST005688,0.8976,3,1280.7,1.0,178.0,Direct,Bronze,1149.56
CUST017767,0.4443,6,2587.31,4.0,133.0,Marketplace,Bronze,1149.54
CUST011251,0.945,2,1216.41,2.0,330.0,Influencer,Bronze,1149.51
CUST016236,0.259,8,4437.61,6.0,10.0,Email Campaign,Silver,1149.34
CUST014463,0.9667,1,1188.72,2.0,264.0,Organic Search,Silver,1149.14
CUST001491,0.0788,10,14582.3,12.0,17.0,Referral,Bronze,1149.09
CUST008749,0.025,10,45949.24,20.0,9.0,Direct,Gold,1148.73
CUST014200,0.7415,3,1548.96,3.0,101.0,Paid Social,Gold,1148.55
CUST010262,0.4561,6,2517.48,1.0,187.0,Email Campaign,Platinum,1148.22
CUST003505,0.2669,8,4300.04,3.0,7.0,Organic Search,Silver,1147.68
CUST016744,0.2335,9,4914.85,4.0,115.0,Direct,Platinum,1147.62
CUST015088,0.5887,4,1949.15,1.0,269.0,Direct,Gold,1147.46
CUST014951,0.2457,9,4670.13,5.0,87.0,Marketplace,Gold,1147.45
CUST014615,0.0828,10,13857.92,9.0,28.0,Organic Search,Gold,1147.44
CUST003926,0.5707,4,2010.01,4.0,121.0,,Gold,1147.11
CUST019055,0.3651,7,3139.92,6.0,107.0,Organic Search,Bronze,1146.38
CUST017479,0.3141,8,3647.95,3.0,116.0,Marketplace,Silver,1145.82
CUST007992,0.5076,5,2256.87,3.0,37.0,Organic Search,,1145.59
CUST019660,0.591,4,1937.83,1.0,431.0,Paid Social,Bronze,1145.26
CUST002507,0.1197,10,9567.65,10.0,7.0,Email Campaign,Silver,1145.25
CUST010029,0.2645,8,4329.85,5.0,73.0,Organic Search,Silver,1145.25
CUST001652,0.6159,4,1859.47,1.0,44.0,,Bronze,1145.25
CUST005616,0.9206,2,1243.73,1.0,101.0,Marketplace,Bronze,1144.98
CUST009824,0.3439,7,3327.8599999999997,3.0,3.0,Paid Social,Gold,1144.45
CUST016296,0.7234,4,1581.74,3.0,43.0,Influencer,Gold,1144.23
CUST014657,0.2472,9,4628.57,8.0,4.0,Marketplace,Gold,1144.18
CUST013501,0.242,9,4727.33,4.0,115.0,Marketplace,Gold,1144.01
CUST013446,0.4992,5,2291.24,2.0,19.0,,Platinum,1143.79
CUST017391,0.3955,7,2890.6,1.0,121.0,Influencer,Silver,1143.23
CUST006571,0.1764,9,6475.25,4.0,79.0,Referral,Bronze,1142.23
CUST017904,0.4123,6,2767.26,2.0,6.0,Marketplace,Bronze,1140.94
CUST010354,0.5646,4,2020.77,1.0,55.0,Organic Search,Silver,1140.93
CUST002556,0.3817,7,2988.73,1.0,17.0,Paid Social,Bronze,1140.8
CUST006531,0.9654,1,1181.44,3.0,315.0,Referral,Gold,1140.56
CUST001070,0.2887,8,3949.34,3.0,1.0,Marketplace,Silver,1140.17
CUST015710,0.7008,4,1626.32,1.0,142.0,Influencer,Silver,1139.73
CUST017798,0.8554,3,1331.53,4.0,237.0,Influencer,Bronze,1138.99
CUST005921,0.1148,10,9921.35,12.0,22.0,Email Campaign,,1138.97
CUST008179,0.0815,10,13974.77,12.0,41.0,Organic Search,Gold,1138.94
CUST001546,0.9621,1,1183.8,2.0,335.0,Referral,Silver,1138.93
CUST009825,0.0732,10,15555.97,7.0,16.0,Organic Search,Gold,1138.7
CUST007068,0.9844,1,1156.44,2.0,445.0,Organic Search,Bronze,1138.4
CUST000643,0.0363,10,31360.22,15.0,8.0,,Bronze,1138.38
CUST009941,0.4277,6,2660.67,3.0,87.0,Paid Social,Silver,1137.97
CUST009940,0.4177,6,2723.2799999999997,4.0,12.0,Marketplace,Bronze,1137.51
CUST018867,0.6567,4,1730.26,1.0,88.0,Influencer,Silver,1136.26
CUST014447,0.4034,6,2815.87,5.0,52.0,Paid Social,,1135.92
CUST011037,0.2138,9,5312.0599999999995,5.0,107.0,Organic Search,Silver,1135.72
CUST010463,0.4019,6,2825.08,2.0,22.0,Paid Social,Silver,1135.4
CUST003808,0.9131,2,1241.75,1.0,242.0,Influencer,Silver,1133.84
CUST003438,0.9712,1,1166.9,1.0,235.0,Email Campaign,Bronze,1133.29
CUST019499,0.031,10,36549.17,15.0,7.0,Referral,Platinum,1133.02
CUST015203,0.4021,6,2817.5699999999997,4.0,90.0,Marketplace,Gold,1132.94
CUST009956,0.3306,8,3425.69,4.0,165.0,Email Campaign,Bronze,1132.53
CUST017524,0.9903,1,1143.24,1.0,261.0,,,1132.15
CUST019959,0.4984,5,2270.45,3.0,82.0,Email Campaign,Bronze,1131.59
CUST010362,0.9898,1,1142.86,1.0,452.0,Organic Search,Silver,1131.2
CUST011809,0.604,4,1872.81,2.0,32.0,Paid Social,Bronze,1131.18
CUST011689,0.155,10,7290.120000000001,8.0,2.0,Direct,Platinum,1129.97
CUST007892,0.5988,4,1886.96,1.0,38.0,Paid Social,Silver,1129.91
CUST004864,0.179,9,6312.15,7.0,127.0,Referral,Bronze,1129.87
CUST004972,0.9866,1,1145.01,3.0,333.0,Email Campaign,Bronze,1129.67
CUST007571,0.9754,1,1157.95,1.0,297.0,Paid Social,Silver,1129.46
CUST006408,0.0619,10,18239.8,13.0,26.0,Email Campaign,Silver,1129.04
CUST018423,0.4399,6,2566.47,3.0,97.0,Direct,Bronze,1128.99
CUST007772,0.1077,10,10474.27,10.0,16.0,Organic Search,Silver,1128.08
CUST016003,0.3652,7,3088.87,4.0,18.0,Organic Search,Bronze,1128.06
CUST003825,0.6527,4,1727.85,2.0,86.0,Marketplace,Bronze,1127.77
CUST005795,0.16,10,7047.9,9.0,13.0,Marketplace,Platinum,1127.66
CUST015709,0.3012,8,3743.17,3.0,139.0,Paid Social,Silver,1127.44
CUST002205,0.3228,8,3490.98,3.0,4.0,Paid Social,Silver,1126.89
CUST019996,0.248,9,4543.5,5.0,94.0,,Silver,1126.79
CUST005058,0.6139,4,1835.41,3.0,108.0,Paid Social,Bronze,1126.76
CUST004664,0.5789,4,1945.0,3.0,15.0,Organic Search,Bronze,1125.96
CUST019905,0.0935,10,12038.65,13.0,54.0,Referral,Gold,1125.61
CUST016602,0.0604,10,18629.2,14.0,17.0,Organic Search,,1125.2
CUST005366,0.2398,9,4690.43,7.0,14.0,Paid Social,Gold,1124.77
CUST006191,0.2707,8,4152.61,5.0,7.0,Organic Search,Bronze,1124.11
CUST001232,0.1629,10,6899.23,6.0,26.0,,Platinum,1123.88
CUST010737,0.0696,10,16146.73,8.0,11.0,Marketplace,Gold,1123.81
CUST002011,0.4303,6,2611.7,1.0,12.0,Direct,Silver,1123.81
CUST001447,0.5097,5,2204.35,2.0,1.0,Paid Social,Gold,1123.56
CUST019916,0.9202,2,1220.39,3.0,184.0,Organic Search,Bronze,1123.0
CUST000731,0.5788,4,1939.89,2.0,314.0,,Bronze,1122.81
CUST008524,0.4422,6,2537.4700000000003,4.0,45.0,Marketplace,,1122.07
CUST013782,0.4198,6,2672.13,1.0,4.0,Marketplace,,1121.76
CUST010614,0.5703,4,1966.92,3.0,58.0,Direct,Bronze,1121.73
CUST017984,0.3231,8,3471.63,2.0,2.0,Marketplace,Bronze,1121.68
CUST017313,0.9694,1,1156.34,1.0,189.0,Referral,Bronze,1120.96
CUST017787,0.1966,9,5696.700000000001,8.0,78.0,Direct,Bronze,1119.97
CUST001051,0.1401,10,7988.2300000000005,11.0,42.0,Influencer,Silver,1119.15
CUST010594,0.4714,5,2372.1400000000003,3.0,114.0,Influencer,Silver,1118.23
CUST011401,0.1282,10,8718.07,10.0,52.0,Organic Search,,1117.66
CUST002785,0.642,4,1740.6,2.0,16.0,Influencer,Bronze,1117.47
CUST014287,0.4114,6,2714.2200000000003,5.0,32.0,Direct,Silver,1116.63
CUST006910,0.929,2,1201.77,1.0,106.0,Paid Social,Silver,1116.44
CUST017577,0.319,8,3499.76,2.0,110.0,Organic Search,Gold,1116.42
CUST011952,0.177,9,6305.52,6.0,41.0,Email Campaign,Gold,1116.08
CUST003718,0.2791,8,3997.79,4.0,169.0,Organic Search,Silver,1115.78
CUST006555,0.1187,10,9396.52,12.0,17.0,Referral,Silver,1115.37
CUST001368,0.1694,10,6583.06,5.0,3.0,Organic Search,Bronze,1115.17
CUST000375,0.2529,9,4408.3,5.0,27.0,Direct,Gold,1114.86
CUST019516,0.1882,9,5923.05,5.0,74.0,Paid Social,Bronze,1114.72
CUST017251,0.3075,8,3623.4300000000003,2.0,19.0,Paid Social,,1114.2
CUST000285,0.3285,8,3391.2400000000002,6.0,75.0,Organic Search,,1114.02
CUST018292,0.9509,2,1171.37,1.0,244.0,Direct,Bronze,1113.86
CUST015472,0.8634,3,1289.78,3.0,125.0,Paid Social,Bronze,1113.6
CUST003050,0.2663,8,4181.53,3.0,26.0,Organic Search,Silver,1113.54
CUST017066,0.6502,4,1711.12,4.0,180.0,Organic Search,Gold,1112.57
CUST010706,0.3265,8,3405.63,6.0,127.0,Paid Social,Silver,1111.94
CUST003800,0.2366,9,4699.14,5.0,126.0,Referral,Gold,1111.82
CUST017370,0.1873,9,5935.16,8.0,67.0,Organic Search,Gold,1111.66
CUST001682,0.0881,10,12612.12,12.0,10.0,,Platinum,1111.13
CUST000937,0.1893,9,5867.8099999999995,6.0,93.0,Referral,Bronze,1110.78
CUST017678,0.1972,9,5632.49,8.0,45.0,Organic Search,Bronze,1110.73
CUST018975,0.9473,2,1171.74,1.0,182.0,Marketplace,Gold,1109.99
CUST008095,0.2966,8,3741.79,3.0,21.0,Paid Social,,1109.81
CUST014566,0.9751,1,1137.58,1.0,454.0,Referral,Gold,1109.25
CUST012403,0.1001,10,11075.96,12.0,31.0,Organic Search,Silver,1108.7
CUST015334,0.1086,10,10207.66,7.0,5.0,Referral,Bronze,1108.55
CUST006943,0.0525,10,21102.78,11.0,6.0,Referral,Silver,1107.9
CUST000581,0.0747,10,14829.96,11.0,11.0,Email Campaign,Silver,1107.8
CUST016327,0.1809,9,6121.36,7.0,100.0,Influencer,Gold,1107.35
CUST012386,0.6661,4,1661.9,1.0,58.0,Direct,Bronze,1106.99
CUST013643,0.939,2,1178.3200000000002,2.0,270.0,Direct,Bronze,1106.44
CUST008374,0.6059,4,1825.47,2.0,75.0,Paid Social,Bronze,1106.05
CUST019578,0.923,2,1198.1299999999999,2.0,176.0,Organic Search,Bronze,1105.87
CUST008899,0.2978,8,3712.8,5.0,26.0,,Bronze,1105.67
CUST013925,0.4221,6,2619.38,1.0,89.0,Paid Social,Silver,1105.64
CUST009527,0.9129,2,1211.1100000000001,1.0,121.0,Referral,Bronze,1105.62
CUST019700,0.3083,8,3586.01,4.0,101.0,,Bronze,1105.57
CUST007577,0.1558,10,7095.860000000001,5.0,8.0,Email Campaign,Platinum,1105.53
CUST009196,0.2703,8,4088.58,5.0,41.0,Organic Search,Bronze,1105.14
CUST000427,0.2108,9,5240.72,3.0,122.0,Influencer,Bronze,1104.74
CUST010988,0.9538,2,1158.02,2.0,166.0,Direct,Platinum,1104.52
CUST017869,0.8987,3,1228.77,3.0,148.0,Paid Social,Bronze,1104.3
CUST000340,0.1677,10,6584.45,7.0,19.0,Organic Search,Bronze,1104.21
CUST006281,0.0475,10,23242.14,11.0,13.0,Referral,Silver,1104.0
CUST001015,0.2185,9,5051.38,5.0,115.0,Organic Search,Gold,1103.73
CUST016497,0.3449,7,3200.13,4.0,127.0,Marketplace,Bronze,1103.72
CUST005940,0.9408,2,1172.87,3.0,140.0,Referral,,1103.44
CUST006523,0.2959,8,3728.77,2.0,110.0,,Platinum,1103.34
CUST011373,0.3791,7,2909.94,6.0,43.0,Referral,Bronze,1103.16
CUST003223,0.9381,2,1175.87,2.0,334.0,Direct,Bronze,1103.08
CUST013358,0.4115,6,2679.7000000000003,2.0,45.0,Organic Search,,1102.7
CUST005962,0.5017,5,2196.47,3.0,40.0,Paid Social,,1101.97
CUST016879,0.1138,10,9681.95,9.0,1.0,Email Campaign,Bronze,1101.81
CUST011984,0.2005,9,5494.82,5.0,4.0,Organic Search,Silver,1101.71
CUST001168,0.1558,10,7068.59,7.0,47.0,Organic Search,Bronze,1101.29
CUST013666,0.265,8,4153.849999999999,4.0,103.0,,Bronze,1100.77
CUST004794,0.7617,3,1444.25,1.0,141.0,Referral,Bronze,1100.09
CUST018420,0.4681,6,2349.9,3.0,108.0,Direct,Bronze,1099.99
CUST006249,0.619,4,1776.91,1.0,157.0,Influencer,Bronze,1099.91
CUST016825,0.2756,8,3989.2000000000003,4.0,57.0,Paid Social,Silver,1099.42
CUST013264,0.5466,5,2011.03,3.0,35.0,Organic Search,Silver,1099.23
CUST015585,0.0811,10,13551.11,12.0,42.0,Referral,Bronze,1099.0
CUST003477,0.2919,8,3763.64,4.0,14.0,Paid Social,,1098.61
CUST005274,0.6658,4,1649.99,2.0,57.0,Paid Social,Bronze,1098.56
CUST016037,0.0733,10,14983.51,10.0,21.0,Organic Search,Gold,1098.29
CUST000954,0.6645,4,1652.73,3.0,324.0,Paid Social,Bronze,1098.24
CUST002504,0.9897,1,1109.35,2.0,384.0,Organic Search,Bronze,1097.92
CUST003184,0.6361,4,1724.6299999999999,2.0,32.0,Influencer,Silver,1097.04
CUST010260,0.0631,10,17377.09,12.0,72.0,Paid Social,Platinum,1096.49
CUST019316,0.4147,6,2642.2999999999997,2.0,427.0,Paid Social,Bronze,1095.76
CUST003167,0.2926,8,3742.23,3.0,137.0,Paid Social,Platinum,1094.98
CUST013825,0.3252,8,3364.19,6.0,59.0,Paid Social,Platinum,1094.03
CUST006411,0.8972,3,1219.13,1.0,179.0,Referral,Bronze,1093.8
CUST004008,0.1411,10,7751.45,12.0,11.0,Referral,Bronze,1093.73
CUST008102,0.4993,5,2190.47,2.0,33.0,Organic Search,Bronze,1093.7
CUST016605,0.5847,4,1870.23,2.0,305.0,,Gold,1093.52
CUST011195,0.2695,8,4054.79,4.0,107.0,Organic Search,Bronze,1092.77
CUST009933,0.0462,10,23646.81,11.0,3.0,Direct,Platinum,1092.48
CUST008244,0.5683,4,1922.29,2.0,118.0,Paid Social,Gold,1092.44
CUST002607,0.4655,6,2346.46,1.0,14.0,,Silver,1092.28
CUST009037,0.9665,1,1130.07,1.0,195.0,Direct,Bronze,1092.21
CUST019560,0.9851,1,1108.56,1.0,268.0,Direct,Bronze,1092.04
CUST002112,0.9794,1,1114.92,1.0,289.0,Marketplace,Bronze,1091.95
CUST000597,0.3887,7,2808.69,3.0,4.0,Email Campaign,Bronze,1091.74
CUST010852,0.9837,1,1109.5,2.0,388.0,Direct,Silver,1091.42
CUST012489,0.4116,6,2651.02,5.0,114.0,Email Campaign,Bronze,1091.16
CUST015887,0.2711,8,4021.6800000000003,7.0,12.0,,Bronze,1090.28
CUST009125,0.1028,10,10604.650000000001,9.0,31.0,Organic Search,Platinum,1090.16
CUST012758,0.3476,7,3135.05,2.0,157.0,Paid Social,Bronze,1089.74
CUST013839,0.9682,1,1125.36,1.0,198.0,Organic Search,Silver,1089.57
CUST010118,0.4633,6,2349.96,3.0,51.0,Organic Search,Gold,1088.74
CUST005280,0.2951,8,3688.7999999999997,2.0,21.0,Direct,Bronze,1088.56
CUST015810,0.4197,6,2591.75,2.0,101.0,Direct,Bronze,1087.76
CUST008937,0.1494,10,7273.18,11.0,122.0,Organic Search,Gold,1086.61
CUST016562,0.2557,9,4249.32,3.0,74.0,Organic Search,Silver,1086.55
CUST011755,0.3642,7,2983.38,2.0,7.0,Paid Social,Bronze,1086.55
CUST012073,0.4678,6,2322.6,4.0,39.0,Referral,Gold,1086.51
CUST003787,0.1244,10,8729.56,7.0,83.0,,Silver,1085.96
CUST000856,0.2931,8,3699.52,2.0,34.0,Referral,Bronze,1084.33
CUST018203,0.1524,10,7113.83,7.0,8.0,Marketplace,Platinum,1084.15
CUST012372,0.9826,1,1103.27,1.0,226.0,Paid Social,Bronze,1084.07
CUST011842,0.1279,10,8474.48,13.0,5.0,,Bronze,1083.89
CUST011563,0.2374,9,4565.5,4.0,4.0,Paid Social,,1083.85
CUST011731,0.1815,9,5957.099999999999,5.0,36.0,Email Campaign,Silver,1081.21
CUST016184,0.379,7,2850.84,2.0,98.0,,,1080.47
CUST016960,0.9842,1,1097.54,1.0,268.0,Organic Search,Bronze,1080.2
CUST005098,0.0903,10,11960.619999999999,10.0,79.0,Referral,Platinum,1080.04
CUST019681,0.0465,10,23220.55,11.0,17.0,Direct,Platinum,1079.76
CUST017038,0.2931,8,3683.77,3.0,100.0,Paid Social,Gold,1079.71
CUST018244,0.4969,5,2172.6,1.0,101.0,Influencer,Bronze,1079.56
CUST008989,0.5649,4,1910.47,1.0,206.0,Paid Social,,1079.22
CUST012713,0.1989,9,5425.4400000000005,10.0,45.0,Marketplace,Platinum,1079.12
CUST004789,0.258,9,4181.59,5.0,36.0,Organic Search,Bronze,1078.85
CUST004371,0.1144,10,9429.029999999999,8.0,23.0,Paid Social,,1078.68
CUST011850,0.3107,8,3470.68,10.0,11.0,Marketplace,Silver,1078.34
CUST007853,0.8597,3,1254.12,2.0,80.0,Referral,Gold,1078.17
CUST019524,0.1693,10,6359.89,9.0,26.0,Referral,Silver,1076.73
CUST001074,0.107,10,10060.789999999999,10.0,125.0,Organic Search,Bronze,1076.5
CUST002669,0.1471,10,7312.07,8.0,20.0,Referral,,1075.61
CUST009354,0.5007,5,2147.9900000000002,2.0,108.0,Paid Social,Bronze,1075.5
CUST018487,0.7369,3,1459.44,3.0,97.0,Direct,Bronze,1075.46
CUST006989,0.9507,2,1130.27,1.0,201.0,Paid Social,Bronze,1074.55
CUST015262,0.1581,10,6793.799999999999,12.0,16.0,Referral,Gold,1074.1
CUST002878,0.5179,5,2073.25,2.0,75.0,Organic Search,Silver,1073.74
CUST003085,0.7584,3,1414.79,3.0,113.0,,Bronze,1072.98
CUST009610,0.1627,10,6592.98,7.0,83.0,Paid Social,Bronze,1072.68
CUST008183,0.1486,10,7212.85,7.0,92.0,Direct,Bronze,1071.83
CUST010575,0.3079,8,3480.2,3.0,107.0,Marketplace,Bronze,1071.55
CUST010556,0.8804,3,1217.07,1.0,227.0,Paid Social,Bronze,1071.51
CUST002209,0.6519,4,1643.6,1.0,20.0,Paid Social,Bronze,1071.46
CUST011366,0.2067,9,5183.4,5.0,66.0,Referral,Bronze,1071.41
CUST015596,0.0732,10,14635.04,11.0,31.0,Direct,Silver,1071.28
CUST016032,0.3073,8,3484.79,2.0,27.0,Organic Search,Silver,1070.88
CUST010784,0.1821,9,5879.84,8.0,43.0,Direct,Silver,1070.72
CUST013572,0.2141,9,5000.92,5.0,85.0,Email Campaign,Bronze,1070.7
CUST014707,0.4799,5,2230.56,3.0,53.0,Influencer,Platinum,1070.45
CUST012788,0.1027,10,10421.35,10.0,110.0,Referral,Bronze,1070.27
CUST017932,0.598,4,1789.18,2.0,108.0,,Bronze,1069.93
CUST010374,0.9648,1,1108.73,1.0,270.0,Organic Search,Bronze,1069.7
CUST012880,0.5348,5,1999.6100000000001,3.0,23.0,,Silver,1069.39
CUST015679,0.395,7,2707.06,4.0,25.0,Paid Social,Bronze,1069.29
CUST017146,0.2623,8,4076.4300000000003,2.0,2.0,Organic Search,Bronze,1069.25
CUST007925,0.9025,3,1184.58,4.0,173.0,Paid Social,Bronze,1069.08
CUST004504,0.3825,7,2794.54,3.0,64.0,Marketplace,Platinum,1068.91
CUST007133,0.1253,10,8530.810000000001,9.0,5.0,Influencer,Bronze,1068.91
CUST018865,0.5132,5,2082.33,3.0,22.0,Paid Social,,1068.65
CUST015528,0.596,4,1792.78,3.0,16.0,Influencer,Bronze,1068.5
CUST019065,0.3841,7,2780.17,3.0,13.0,Email Campaign,Silver,1067.86
CUST015859,0.4528,6,2357.8,3.0,19.0,Paid Social,Bronze,1067.61
CUST002026,0.973,1,1096.83,1.0,219.0,Organic Search,Bronze,1067.22
CUST007864,0.2981,8,3578.12,4.0,22.0,Organic Search,Silver,1066.64
CUST000618,0.3383,7,3151.6,3.0,8.0,Organic Search,Bronze,1066.19
CUST005664,0.341,7,3126.18,1.0,70.0,Referral,Gold,1066.03
CUST019434,0.4255,6,2505.29,5.0,5.0,Organic Search,Bronze,1066.0
CUST013267,0.8236,3,1294.24,3.0,102.0,Organic Search,Gold,1065.94
CUST015725,0.2218,9,4805.39,4.0,32.0,Paid Social,Gold,1065.84
CUST008344,0.0644,10,16547.82,13.0,11.0,,Silver,1065.68
CUST011654,0.6726,4,1584.19,1.0,192.0,Organic Search,Bronze,1065.53
CUST015788,0.5156,5,2066.32,2.0,16.0,Referral,Bronze,1065.39
CUST015225,0.9844,1,1082.06,2.0,276.0,,Bronze,1065.18
CUST004742,0.7819,3,1362.1799999999998,2.0,107.0,Paid Social,Bronze,1065.09
CUST017039,0.3816,7,2790.91,1.0,211.0,Referral,Silver,1065.01
CUST001751,0.967,1,1100.6399999999999,3.0,361.0,Paid Social,Platinum,1064.32
CUST007834,0.9774,1,1088.68,2.0,273.0,,Bronze,1064.08
CUST019839,0.3638,7,2924.02,3.0,48.0,Direct,Bronze,1063.76
CUST016445,0.1969,9,5401.860000000001,8.0,38.0,Direct,Bronze,1063.63
CUST016741,0.1909,9,5569.75,9.0,21.0,Referral,Gold,1063.27
CUST004795,0.9586,2,1108.5700000000002,2.0,346.0,Paid Social,Bronze,1062.68
CUST004674,0.5481,5,1938.3,1.0,22.0,Influencer,Gold,1062.38
CUST017548,0.8344,3,1273.13,1.0,96.0,Paid Social,Bronze,1062.3
CUST015163,0.2574,9,4127.03,5.0,82.0,Paid Social,,1062.3
CUST006452,0.2855,8,3719.65,5.0,62.0,Organic Search,Bronze,1061.96
CUST008964,0.8611,3,1233.12,2.0,103.0,Influencer,Silver,1061.84
CUST003762,0.299,8,3549.83,3.0,94.0,,Silver,1061.4
CUST002557,0.8787,3,1206.99,1.0,304.0,Organic Search,Bronze,1060.58
CUST001227,0.5135,5,2065.03,1.0,107.0,Paid Social,Bronze,1060.39
CUST004988,0.5979,4,1773.02,2.0,67.0,,Bronze,1060.09
CUST018805,0.3205,8,3307.2200000000003,4.0,125.0,Marketplace,Bronze,1059.96
CUST016613,0.4487,6,2361.82,2.0,25.0,Influencer,Bronze,1059.75
CUST008044,0.4937,5,2145.97,4.0,17.0,Paid Social,Platinum,1059.47
CUST013449,0.3399,7,3116.81,1.0,12.0,,Bronze,1059.4
CUST007326,0.3832,7,2762.85,1.0,3.0,Marketplace,Gold,1058.72
CUST015417,0.9492,2,1115.36,1.0,181.0,Paid Social,Silver,1058.7
CUST018491,0.1861,9,5687.139999999999,4.0,59.0,Organic Search,Silver,1058.38
CUST006781,0.2094,9,5051.33,5.0,59.0,,Bronze,1057.75
CUST017838,0.0276,10,38289.73,20.0,0.0,Referral,Gold,1056.8
CUST006391,0.4157,6,2541.97,3.0,54.0,Paid Social,,1056.7
CUST011404,0.2629,8,4018.3599999999997,8.0,24.0,Paid Social,Bronze,1056.43
CUST002212,0.1219,10,8661.23,9.0,24.0,Email Campaign,Platinum,1055.8
CUST016332,0.3193,8,3306.34,1.0,48.0,Referral,Gold,1055.71
CUST001725,0.2025,9,5211.96,6.0,97.0,Referral,Silver,1055.42
CUST002415,0.1218,10,8664.49,5.0,81.0,Referral,Silver,1055.33
CUST015096,0.051,10,20691.34,11.0,9.0,Email Campaign,Gold,1055.26
CUST019158,0.3532,7,2985.92,3.0,66.0,Influencer,Silver,1054.63
CUST019929,0.4372,6,2412.13,1.0,345.0,Marketplace,Gold,1054.58
CUST011420,0.1025,10,10287.78,9.0,6.0,Email Campaign,Gold,1054.5
CUST009316,0.4259,6,2475.9100000000003,4.0,80.0,Marketplace,Bronze,1054.49
CUST014917,0.1259,10,8374.07,11.0,9.0,Organic Search,Bronze,1054.3
CUST014315,0.2969,8,3550.49,6.0,78.0,Influencer,Gold,1054.14
CUST005829,0.1571,10,6707.79,8.0,23.0,Direct,Silver,1053.79
CUST016326,0.9139,2,1153.0,1.0,118.0,Direct,Bronze,1053.73
CUST000898,0.5351,5,1969.0800000000002,2.0,6.0,,Gold,1053.65
CUST016129,0.8038,3,1310.22,2.0,322.0,Direct,Gold,1053.15
CUST015409,0.1764,9,5968.01,6.0,125.0,Email Campaign,,1052.76
CUST005629,0.5427,5,1939.78,2.0,1.0,Direct,,1052.72
CUST019100,0.9587,2,1097.65,2.0,122.0,Direct,,1052.32
CUST010744,0.1081,10,9732.26,9.0,54.0,Referral,Gold,1052.06
CUST009418,0.3764,7,2794.15,4.0,48.0,Marketplace,Bronze,1051.72
CUST010948,0.9919,1,1059.81,1.0,454.0,Organic Search,Silver,1051.23
CUST016042,0.8759,3,1199.98,2.0,76.0,Direct,Gold,1051.06
CUST019745,0.4511,6,2327.94,4.0,20.0,Organic Search,Bronze,1050.13
CUST008955,0.1294,10,8112.860000000001,10.0,21.0,Referral,,1049.8
CUST003952,0.0558,10,18807.41,17.0,21.0,Direct,Platinum,1049.45
CUST016463,0.4137,6,2536.27,2.0,220.0,Organic Search,Bronze,1049.25
CUST014897,0.0389,10,26968.55,17.0,2.0,Organic Search,Platinum,1049.08
CUST011089,0.8756,3,1197.77,1.0,186.0,Paid Social,Bronze,1048.77
CUST015282,0.3944,7,2656.7000000000003,6.0,79.0,Email Campaign,Bronze,1047.8
CUST004319,0.9707,1,1078.99,2.0,350.0,Paid Social,Bronze,1047.38
CUST017260,0.592,4,1769.2199999999998,2.0,23.0,Paid Social,Silver,1047.38
CUST007768,0.5118,5,2045.44,1.0,271.0,Organic Search,Gold,1046.86
CUST010565,0.8717,3,1200.8899999999999,2.0,290.0,Direct,,1046.82
CUST001978,0.1825,9,5735.32,7.0,9.0,Influencer,Gold,1046.7
CUST007215,0.1766,9,5926.2699999999995,6.0,10.0,Email Campaign,Bronze,1046.58
CUST002976,0.2479,9,4220.92,5.0,50.0,Direct,,1046.37
CUST010505,0.967,1,1081.99,2.0,275.0,,Silver,1046.28
CUST005032,0.6222,4,1681.17,2.0,119.0,Organic Search,Bronze,1046.02
CUST003934,0.4712,5,2219.86,4.0,126.0,,Bronze,1046.0
CUST005671,0.2565,9,4077.83,5.0,7.0,Marketplace,Bronze,1045.96
CUST016540,0.117,10,8933.529999999999,9.0,53.0,Organic Search,Bronze,1045.22
CUST011196,0.0528,10,19792.48,11.0,0.0,Email Campaign,Bronze,1045.04
CUST000078,0.1874,9,5576.360000000001,8.0,45.0,Paid Social,Bronze,1045.01
CUST010233,0.2154,9,4850.15,3.0,60.0,Organic Search,Platinum,1044.72
CUST017730,0.267,8,3912.55,5.0,24.0,Referral,Gold,1044.65
CUST018438,0.7236,4,1443.12,1.0,45.0,Email Campaign,Bronze,1044.24
CUST014443,0.9513,2,1096.12,1.0,202.0,,Silver,1042.74
CUST001780,0.5005,5,2082.64,1.0,98.0,Marketplace,Silver,1042.36
CUST003893,0.4904,5,2125.47,2.0,64.0,Marketplace,,1042.33
CUST006624,0.1726,9,6038.29,6.0,62.0,Influencer,Platinum,1042.21
CUST003964,0.2965,8,3514.66,5.0,179.0,Organic Search,Bronze,1042.1
CUST006390,0.3135,8,3323.61,3.0,122.0,Influencer,Gold,1041.95
CUST013488,0.9375,2,1111.12,2.0,100.0,Influencer,Silver,1041.68
CUST012633,0.5466,5,1905.64,1.0,59.0,Organic Search,Silver,1041.62
CUST012106,0.0869,10,11978.15,7.0,6.0,Marketplace,Platinum,1040.9
CUST007733,0.2498,9,4166.91,4.0,119.0,Direct,Platinum,1040.89
CUST013709,0.0818,10,12724.86,11.0,35.0,Marketplace,Platinum,1040.89
CUST004596,0.4583,6,2271.18,6.0,30.0,Paid Social,Silver,1040.88
CUST018098,0.119,10,8745.880000000001,15.0,15.0,Marketplace,Gold,1040.76
CUST003133,0.2833,8,3672.01,3.0,1.0,Referral,Silver,1040.28
CUST002636,0.2871,8,3623.0199999999995,2.0,28.0,Paid Social,Gold,1040.17
CUST016350,0.313,8,3322.5,4.0,2.0,Email Campaign,Bronze,1039.94
CUST007779,0.4455,6,2334.23,3.0,86.0,Paid Social,Bronze,1039.9
CUST009194,0.2287,9,4546.99,6.0,35.0,Email Campaign,Bronze,1039.9
CUST009807,0.8318,3,1249.73,3.0,63.0,Organic Search,Silver,1039.53
CUST016933,0.2741,8,3792.15,4.0,104.0,Referral,Bronze,1039.43
CUST003357,0.1855,9,5602.73,7.0,39.0,Email Campaign,Bronze,1039.31
CUST011577,0.9503,2,1093.05,1.0,148.0,Organic Search,Gold,1038.73
CUST009582,0.3683,7,2820.17,3.0,202.0,Influencer,Silver,1038.67
CUST001535,0.3953,7,2627.0,1.0,14.0,Email Campaign,,1038.45
CUST005922,0.9504,2,1092.53,1.0,271.0,Direct,Silver,1038.34
CUST008549,0.9708,1,1069.54,1.0,307.0,Influencer,Bronze,1038.31
CUST019079,0.9692,1,1071.15,2.0,397.0,Email Campaign,Silver,1038.16
CUST005589,0.3304,8,3141.33,4.0,69.0,Influencer,Bronze,1037.9
CUST012577,0.7843,3,1323.32,1.0,91.0,Email Campaign,Bronze,1037.88
CUST017199,0.9336,2,1111.67,1.0,108.0,Organic Search,Bronze,1037.86
CUST002925,0.3114,8,3332.79,4.0,2.0,Organic Search,Platinum,1037.83
CUST007345,0.2091,9,4962.7300000000005,4.0,18.0,Referral,,1037.71
CUST006582,0.7145,4,1452.23,2.0,108.0,Referral,Silver,1037.62
CUST004646,0.0389,10,26669.78,15.0,12.0,Direct,Platinum,1037.45
CUST004886,0.5158,5,2010.6,1.0,204.0,Paid Social,Bronze,1037.07
CUST008586,0.4702,5,2205.57,2.0,26.0,Marketplace,Bronze,1037.06
CUST004773,0.3461,7,2996.14,3.0,143.0,Paid Social,Silver,1036.96
CUST012254,0.4108,6,2524.18,5.0,85.0,Organic Search,Bronze,1036.93
CUST004859,0.1611,10,6436.11,9.0,19.0,,Gold,1036.86
CUST011603,0.9625,1,1077.14,1.0,282.0,Paid Social,Bronze,1036.75
CUST004431,0.1401,10,7399.24,11.0,80.0,Email Campaign,Bronze,1036.63
CUST009332,0.3967,7,2612.13,3.0,2.0,Paid Social,Bronze,1036.23
CUST009595,0.4446,6,2329.9700000000003,5.0,0.0,Marketplace,Silver,1035.9
CUST015888,0.9024,3,1147.6,1.0,265.0,Organic Search,Bronze,1035.59
CUST006886,0.1882,9,5502.52,6.0,25.0,Paid Social,Bronze,1035.57
CUST012275,0.1259,10,8223.34,8.0,28.0,Marketplace,,1035.32
CUST004003,0.1083,10,9558.82,11.0,101.0,Organic Search,Silver,1035.22
CUST018664,0.2525,9,4098.59,5.0,59.0,Organic Search,Silver,1034.89
CUST003103,0.8808,3,1174.78,3.0,127.0,Direct,Bronze,1034.75
CUST000065,0.1022,10,10124.51,6.0,45.0,Email Campaign,Silver,1034.72
CUST003238,0.5878,4,1757.99,1.0,46.0,Referral,Bronze,1033.35
CUST010667,0.0867,10,11913.09,12.0,15.0,Email Campaign,Gold,1032.86
CUST011145,0.9625,1,1073.05,2.0,192.0,Paid Social,Bronze,1032.81
CUST013243,0.1739,9,5935.21,6.0,31.0,Organic Search,Silver,1032.13
CUST010256,0.4141,6,2492.19,1.0,262.0,Influencer,Gold,1032.02
CUST004338,0.5748,4,1795.1799999999998,3.0,86.0,Organic Search,Bronze,1031.87
CUST014585,0.1341,10,7694.21,10.0,19.0,Email Campaign,Bronze,1031.79
CUST007066,0.0868,10,11882.720000000001,10.0,47.0,,,1031.42
CUST002116,0.8008,3,1287.75,3.0,79.0,Direct,Silver,1031.23
CUST002119,0.322,8,3201.2000000000003,5.0,60.0,Organic Search,Silver,1030.79
CUST004230,0.415,6,2483.56,4.0,151.0,Organic Search,Bronze,1030.68
CUST013156,0.2979,8,3457.31,5.0,129.0,Paid Social,Silver,1029.93
CUST004807,0.2922,8,3524.21,1.0,12.0,Organic Search,Silver,1029.77
CUST006501,0.3321,8,3100.23,1.0,5.0,Referral,Bronze,1029.59
CUST002010,0.4842,5,2125.89,3.0,4.0,Paid Social,Bronze,1029.36
CUST011682,0.269,8,3826.47,4.0,35.0,Organic Search,Bronze,1029.32
CUST013940,0.8672,3,1186.86,2.0,172.0,,Silver,1029.24
CUST006504,0.2746,8,3747.42,7.0,105.0,Referral,Silver,1029.04
CUST012201,0.2961,8,3470.73,1.0,24.0,Email Campaign,Bronze,1027.68
CUST001459,0.9048,3,1135.4299999999998,2.0,236.0,Marketplace,Bronze,1027.34
CUST018314,0.1817,9,5652.389999999999,8.0,28.0,,Bronze,1027.04
CUST004486,0.1158,10,8868.45,8.0,3.0,,Bronze,1026.97
CUST009389,0.3615,7,2840.24,2.0,73.0,Direct,Bronze,1026.75
CUST003888,0.1577,10,6509.85,8.0,6.0,Referral,Bronze,1026.6
CUST003181,0.1681,10,6102.09,8.0,37.0,Organic Search,Gold,1025.76
CUST008562,0.0847,10,12107.66,10.0,50.0,Direct,Bronze,1025.52
CUST015912,0.5672,4,1808.0,3.0,156.0,Direct,Bronze,1025.5
CUST018685,0.9599,2,1067.92,1.0,125.0,Paid Social,Bronze,1025.1
CUST010006,0.1971,9,5200.87,5.0,10.0,,Gold,1025.09
CUST012118,0.6514,4,1573.12,2.0,7.0,Organic Search,Silver,1024.73
CUST011849,0.993,1,1031.82,1.0,392.0,Paid Social,Bronze,1024.6
CUST009403,0.3818,7,2682.8,2.0,51.0,,Silver,1024.29
CUST004245,0.3166,8,3234.85,3.0,42.0,Referral,Silver,1024.15
CUST000014,0.3762,7,2722.34,5.0,17.0,Email Campaign,Bronze,1024.14
CUST019517,0.3971,7,2578.32,3.0,114.0,Direct,Gold,1023.85
CUST008737,0.1405,10,7283.3,11.0,34.0,Organic Search,Bronze,1023.3
CUST008065,0.441,6,2320.17,4.0,53.0,Organic Search,Bronze,1023.19
CUST006768,0.2282,9,4481.84,6.0,157.0,Organic Search,Bronze,1022.76
CUST000297,0.3189,8,3206.93,3.0,16.0,Organic Search,Bronze,1022.69
CUST014051,0.555,5,1842.56,1.0,207.0,,Bronze,1022.62
CUST016451,0.4011,6,2549.09,4.0,181.0,Paid Social,Platinum,1022.44
CUST010642,0.5665,4,1804.2,3.0,101.0,Paid Social,Silver,1022.08
CUST006549,0.3961,7,2579.98,2.0,16.0,Referral,Bronze,1021.93
CUST011855,0.2738,8,3732.16,5.0,20.0,Direct,,1021.87
CUST011486,0.2411,9,4238.07,8.0,4.0,Email Campaign,Bronze,1021.8
CUST009271,0.5246,5,1946.44,2.0,38.0,Paid Social,Bronze,1021.1
CUST014622,0.2092,9,4880.42,5.0,129.0,Referral,Silver,1020.98
CUST001866,0.9751,1,1045.75,1.0,268.0,Influencer,Bronze,1019.71
CUST000338,0.4283,6,2378.68,2.0,228.0,Direct,Bronze,1018.79
CUST005642,0.9372,2,1086.75,2.0,176.0,Paid Social,,1018.5
CUST015583,0.3329,7,3059.08,3.0,28.0,Direct,Silver,1018.37
CUST005548,0.7003,4,1453.73,2.0,103.0,Paid Social,Bronze,1018.05
CUST006520,0.9723,1,1047.01,2.0,280.0,Organic Search,Silver,1018.01
CUST016734,0.4344,6,2342.63,3.0,5.0,Paid Social,Platinum,1017.64
CUST004098,0.3442,7,2955.7999999999997,2.0,74.0,Referral,Bronze,1017.39
CUST004857,0.311,8,3271.25,7.0,41.0,,Bronze,1017.36
CUST011656,0.2899,8,3508.9300000000003,5.0,55.0,Marketplace,Silver,1017.24
CUST013285,0.4633,6,2195.45,4.0,57.0,Influencer,Gold,1017.15
CUST013198,0.5357,5,1898.3400000000001,4.0,118.0,Paid Social,Bronze,1016.94
CUST012521,0.0289,10,35179.91,18.0,0.0,,Gold,1016.7
CUST014233,0.0847,10,12002.83,13.0,57.0,Referral,Silver,1016.64
CUST018331,0.6179,4,1644.7,2.0,66.0,Referral,,1016.26
CUST010610,0.328,8,3097.48,4.0,10.0,Marketplace,Gold,1015.97
CUST002396,0.4683,6,2169.09,2.0,65.0,,Silver,1015.78
CUST015152,0.7607,3,1335.2900000000002,2.0,123.0,Organic Search,Bronze,1015.76
CUST001312,0.5045,5,2013.29,4.0,18.0,Organic Search,Silver,1015.7
CUST012000,0.2098,9,4837.37,5.0,46.0,Paid Social,Gold,1014.88
CUST017156,0.5857,4,1732.76,3.0,30.0,Direct,Bronze,1014.88
CUST013832,0.2205,9,4602.13,5.0,97.0,Marketplace,Silver,1014.77
CUST004870,0.9696,1,1046.51,2.0,308.0,Email Campaign,Silver,1014.7
CUST016665,0.4963,5,2044.06,2.0,101.0,Direct,Silver,1014.47
CUST008100,0.5694,4,1780.99,2.0,36.0,Email Campaign,Bronze,1014.1
CUST900104,0.9208,2,1101.25,2.0,129.0,Organic Search,Gold,1014.03
CUST016631,0.1096,10,9249.77,7.0,19.0,Paid Social,Gold,1013.77
CUST019217,0.2487,9,4074.96,6.0,18.0,Influencer,Bronze,1013.44
CUST013638,0.0841,10,12047.49,11.0,20.0,Organic Search,Gold,1013.19
CUST011281,0.439,6,2307.2,2.0,116.0,Organic Search,Bronze,1012.86
CUST019292,0.9195,2,1101.22,2.0,125.0,Organic Search,Silver,1012.57
CUST009229,0.4207,6,2406.69,2.0,25.0,Paid Social,Bronze,1012.49
CUST003155,0.4636,6,2182.5,3.0,100.0,,Gold,1011.81
CUST003159,0.0354,10,28570.7,13.0,32.0,Referral,,1011.4
CUST010567,0.3404,7,2970.83,4.0,5.0,Referral,Bronze,1011.27
CUST007799,0.2835,8,3566.84,6.0,10.0,Paid Social,Bronze,1011.2
CUST017842,0.9511,2,1062.8,1.0,159.0,Referral,Bronze,1010.83
CUST015346,0.2881,8,3507.98,2.0,44.0,Organic Search,,1010.65
CUST005195,0.0476,10,21230.03,14.0,3.0,Referral,Gold,1010.55
CUST008149,0.1257,10,8034.25,8.0,3.0,Direct,Silver,1009.91
CUST007862,0.271,8,3725.53,4.0,11.0,Paid Social,Silver,1009.62
CUST016524,0.3726,7,2709.3,2.0,51.0,Email Campaign,Bronze,1009.49
CUST012469,0.353,7,2858.97,1.0,9.0,Organic Search,Bronze,1009.22
CUST009952,0.4571,6,2207.83,4.0,48.0,Organic Search,Bronze,1009.2
CUST007654,0.9506,2,1061.6,3.0,191.0,Paid Social,Bronze,1009.16
CUST004415,0.9526,2,1059.34,2.0,182.0,Email Campaign,Silver,1009.13
CUST002424,0.3292,8,3065.17,2.0,29.0,Direct,Silver,1009.05
CUST015818,0.1556,10,6483.41,6.0,42.0,Referral,,1008.82
CUST001516,0.1458,10,6917.91,9.0,4.0,,Platinum,1008.63
CUST003314,0.566,4,1781.66,2.0,114.0,Email Campaign,Bronze,1008.42
CUST007592,0.2292,9,4399.35,7.0,12.0,,Bronze,1008.33
CUST010881,0.3483,7,2894.5,3.0,45.0,Direct,Bronze,1008.15
CUST000064,0.3072,8,3279.59,11.0,28.0,Email Campaign,Silver,1007.49
CUST001445,0.1838,9,5481.070000000001,5.0,95.0,Organic Search,Gold,1007.42
CUST003090,0.4591,6,2194.04,3.0,45.0,Marketplace,,1007.28
CUST017319,0.4131,6,2437.74,5.0,46.0,Marketplace,Silver,1007.03
CUST002408,0.6447,4,1561.99,2.0,348.0,Influencer,Silver,1007.01
CUST002909,0.0407,10,24738.48,14.0,58.0,,Gold,1006.86
CUST007007,0.9791,1,1028.01,2.0,343.0,,Bronze,1006.52
CUST013042,0.323,8,3115.38,3.0,41.0,Organic Search,Bronze,1006.27
CUST004552,0.2772,8,3630.06,4.0,29.0,Organic Search,Bronze,1006.25
CUST015071,0.0768,10,13095.4,18.0,31.0,Direct,,1005.73
CUST013119,0.5741,4,1751.81,1.0,37.0,Marketplace,Bronze,1005.71
CUST011630,0.6885,4,1460.7,1.0,108.0,Direct,Silver,1005.69
CUST011954,0.0458,10,21955.6,23.0,2.0,Referral,Silver,1005.57
CUST013320,0.4178,6,2406.37,3.0,31.0,Organic Search,Bronze,1005.38
CUST016094,0.1006,10,9992.61,12.0,0.0,Direct,Silver,1005.26
CUST013634,0.7152,4,1405.42,1.0,31.0,,Silver,1005.16
CUST001789,0.8089,3,1242.27,2.0,124.0,Paid Social,Bronze,1004.87
CUST019086,0.3269,8,3073.86,6.0,99.0,Paid Social,Bronze,1004.84
CUST006472,0.9444,2,1063.07,1.0,228.0,Email Campaign,Bronze,1003.96
CUST018973,0.436,6,2301.54,3.0,1.0,Organic Search,Bronze,1003.47
CUST011859,0.5577,4,1799.12,1.0,199.0,,Bronze,1003.37
CUST004595,0.9495,2,1056.35,1.0,126.0,Organic Search,Silver,1003.0
CUST001387,0.3257,8,3077.71,2.0,105.0,Organic Search,Bronze,1002.41
CUST008085,0.4905,5,2043.1200000000001,4.0,67.0,Paid Social,Bronze,1002.15
CUST004476,0.4297,6,2332.08,1.0,11.0,Email Campaign,Bronze,1002.09
CUST009237,0.3458,7,2895.92,6.0,118.0,Influencer,,1001.41
CUST010207,0.4155,6,2410.06,1.0,32.0,Influencer,Bronze,1001.38
CUST009706,0.8405,3,1190.66,1.0,66.0,Organic Search,Bronze,1000.75
CUST000057,0.2659,8,3762.46,6.0,4.0,Influencer,Bronze,1000.44
CUST002353,0.3222,8,3103.9900000000002,4.0,2.0,Organic Search,Bronze,1000.11
CUST014874,0.1549,10,6456.2,8.0,45.0,Organic Search,Gold,1000.07
CUST006225,0.5544,5,1803.15,1.0,21.0,Organic Search,Silver,999.67
CUST012284,0.9777,1,1021.84,1.0,350.0,Organic Search,Bronze,999.05
CUST017304,0.4847,5,2060.23,3.0,15.0,Referral,Silver,998.59
CUST004332,0.371,7,2690.76,5.0,151.0,Paid Social,Bronze,998.27
CUST003063,0.5243,5,1904.01,1.0,8.0,Direct,Silver,998.27
CUST011346,0.9885,1,1009.4499999999999,2.0,368.0,,Silver,997.84
CUST017274,0.9189,2,1085.65,2.0,126.0,Paid Social,Bronze,997.6
CUST009710,0.5385,5,1852.26,2.0,251.0,Paid Social,Silver,997.44
CUST001878,0.1732,9,5757.87,6.0,73.0,Direct,Silver,997.26
CUST018019,0.5438,5,1833.47,3.0,54.0,Paid Social,Platinum,997.04
CUST017142,0.9687,1,1028.9,3.0,244.0,Organic Search,Bronze,996.7
CUST010806,0.9138,2,1090.4099999999999,2.0,126.0,Marketplace,Bronze,996.42
CUST004206,0.2395,9,4159.2,2.0,29.0,,Platinum,996.13
CUST001684,0.1927,9,5169.349999999999,6.0,50.0,Organic Search,Silver,996.13
CUST009987,0.3529,7,2822.59,5.0,69.0,Email Campaign,Gold,996.09
CUST013404,0.3271,8,3044.88,4.0,24.0,,,995.98
CUST005572,0.7001,4,1422.37,1.0,44.0,Email Campaign,Bronze,995.8
CUST000899,0.9576,2,1039.6000000000001,2.0,444.0,Influencer,Bronze,995.52
CUST006121,0.3333,7,2986.4300000000003,6.0,20.0,Organic Search,Bronze,995.38
CUST017873,0.9216,2,1080.06,1.0,436.0,,Bronze,995.38
CUST008807,0.9291,2,1071.06,2.0,136.0,Paid Social,Bronze,995.12
CUST004808,0.033,10,30141.58,21.0,8.0,Direct,Platinum,994.67
CUST004730,0.3731,7,2665.2799999999997,5.0,126.0,Direct,,994.42
CUST005906,0.3129,8,3177.19,3.0,45.0,Paid Social,Platinum,994.14
CUST012411,0.1625,10,6116.3,7.0,35.0,Referral,Bronze,993.9
CUST008957,0.1032,10,9629.86,13.0,117.0,Direct,Gold,993.8
CUST005976,0.2248,9,4420.66,10.0,56.0,Organic Search,Bronze,993.76
CUST010551,0.1046,10,9499.630000000001,9.0,112.0,Organic Search,,993.66
CUST013342,0.0473,10,20993.47,16.0,40.0,Direct,Gold,992.99
CUST000862,0.9807,1,1012.18,1.0,215.0,Influencer,Bronze,992.64
CUST001716,0.9692,1,1024.08,2.0,392.0,Organic Search,Bronze,992.54
CUST014274,0.7434,3,1334.98,1.0,290.0,Email Campaign,Gold,992.42
CUST017385,0.2762,8,3592.1400000000003,4.0,36.0,Direct,,992.15
CUST004588,0.4382,6,2262.84,1.0,139.0,Direct,Silver,991.58
CUST000630,0.2869,8,3456.08,5.0,84.0,Influencer,Silver,991.55
CUST004193,0.8743,3,1133.44,1.0,112.0,,Silver,990.97
CUST009478,0.3714,7,2666.58,5.0,50.0,Organic Search,Gold,990.37
CUST007591,0.9723,1,1018.3,3.0,275.0,Organic Search,Bronze,990.09
CUST016256,0.0888,10,11142.67,8.0,34.0,Referral,Gold,989.47
CUST014613,0.5245,5,1885.96,3.0,102.0,Organic Search,,989.19
CUST017032,0.7056,4,1401.66,4.0,49.0,Organic Search,Gold,989.01
CUST005266,0.3696,7,2673.95,5.0,1.0,Organic Search,Bronze,988.29
CUST005936,0.4613,6,2141.48,4.0,6.0,Influencer,Bronze,987.86
CUST004069,0.4611,6,2142.17,2.0,33.0,Organic Search,Bronze,987.75
CUST000760,0.0652,10,15145.93,18.0,22.0,Referral,Bronze,987.51
CUST005114,0.8437,3,1170.25,3.0,96.0,Organic Search,Silver,987.34
CUST006381,0.5891,4,1675.5,2.0,376.0,,Silver,987.04
CUST005371,0.1928,9,5118.46,9.0,75.0,Referral,Bronze,986.84
CUST019690,0.1405,10,7019.620000000001,7.0,22.0,Organic Search,Bronze,986.26
CUST017686,0.4764,5,2069.91,2.0,11.0,Referral,Silver,986.11
CUST010469,0.9858,1,1000.19,1.0,451.0,Organic Search,Silver,985.99
CUST016024,0.9382,2,1050.7,4.0,146.0,Organic Search,Silver,985.77
CUST017209,0.303,8,3252.16,1.0,25.0,Paid Social,Bronze,985.4
CUST018293,0.4987,5,1975.32,1.0,97.0,Paid Social,Silver,985.09
CUST006552,0.1616,10,6093.34,11.0,104.0,Paid Social,Platinum,984.68
CUST010738,0.9745,1,1010.14,1.0,425.0,Paid Social,Bronze,984.38
CUST017008,0.9523,2,1033.31,3.0,233.0,Referral,Silver,984.02
CUST008646,0.9774,1,1006.76,1.0,299.0,Influencer,Silver,984.01
CUST009104,0.4449,6,2211.0099999999998,3.0,38.0,Organic Search,Bronze,983.68
CUST015715,0.1823,9,5392.95,4.0,12.0,Organic Search,Platinum,983.13
CUST011180,0.0295,10,33323.83,11.0,19.0,Referral,Silver,983.05
CUST005439,0.1488,10,6603.67,10.0,20.0,Referral,,982.63
CUST001325,0.9544,2,1028.32,1.0,274.0,,Gold,981.43
CUST012044,0.4289,6,2287.67,3.0,111.0,Referral,Bronze,981.18
CUST006536,0.1301,10,7541.719999999999,8.0,34.0,Organic Search,Bronze,981.18
CUST011272,0.4485,6,2187.31,1.0,106.0,Email Campaign,Bronze,981.01
CUST017917,0.2807,8,3492.8599999999997,6.0,44.0,Direct,Bronze,980.45
CUST012003,0.3877,7,2528.06,1.0,16.0,Referral,Bronze,980.13
CUST017894,0.5725,4,1711.8799999999999,4.0,122.0,Influencer,Bronze,980.05
CUST014441,0.9688,1,1011.59,2.0,256.0,Organic Search,Silver,980.03
CUST019428,0.4168,6,2351.0,2.0,18.0,Influencer,Silver,979.9
CUST014079,0.3479,7,2816.08,8.0,1.0,,Silver,979.71
CUST011852,0.2456,9,3988.97,3.0,126.0,Referral,,979.69
CUST009972,0.6177,4,1585.54,1.0,31.0,Marketplace,Bronze,979.39
CUST009532,0.1513,10,6473.14,13.0,82.0,Referral,Gold,979.39
CUST015845,0.4144,6,2362.67,3.0,170.0,Marketplace,Silver,979.09
CUST005718,0.2588,8,3783.02,1.0,23.0,Referral,Bronze,979.05
CUST015454,0.7132,4,1372.6100000000001,3.0,113.0,Paid Social,Silver,978.95
CUST012799,0.0281,10,34826.1,15.0,0.0,Email Campaign,Platinum,978.61
CUST003280,0.2276,9,4299.67,5.0,20.0,Referral,Gold,978.6
CUST010705,0.1305,10,7497.639999999999,9.0,46.0,Referral,Bronze,978.44
CUST013434,0.9358,2,1045.45,2.0,155.0,Paid Social,Silver,978.33
CUST015848,0.8839,3,1106.8,6.0,122.0,Referral,Bronze,978.3
CUST005495,0.6004,4,1628.6,1.0,80.0,Organic Search,Bronze,977.81
CUST003589,0.627,4,1559.27,1.0,200.0,Paid Social,Bronze,977.66
CUST005186,0.3581,7,2729.96,3.0,37.0,Organic Search,Bronze,977.6
CUST009511,0.1452,10,6731.59,10.0,25.0,Referral,Silver,977.43
CUST001715,0.7174,4,1362.29,1.0,178.0,Influencer,Bronze,977.31
CUST018308,0.4489,6,2176.94,2.0,114.0,Email Campaign,Bronze,977.23
CUST006533,0.1614,10,6053.9400000000005,8.0,25.0,Referral,Silver,977.11
CUST016992,0.9921,1,984.01,1.0,442.0,,Bronze,976.24
CUST006573,0.9154,2,1065.84,2.0,108.0,Organic Search,Silver,975.67
CUST005250,0.5672,4,1720.12,1.0,64.0,Email Campaign,Bronze,975.65
CUST017990,0.5451,5,1789.73,2.0,44.0,Organic Search,Gold,975.58
CUST005143,0.2189,9,4453.3099999999995,2.0,29.0,Email Campaign,Gold,974.83
CUST001485,0.1635,10,5961.01,6.0,63.0,Referral,Bronze,974.63
CUST002601,0.4157,6,2343.94,2.0,7.0,,Bronze,974.38
CUST000261,0.9416,2,1034.53,3.0,105.0,,Silver,974.11
CUST008433,0.4234,6,2299.87,1.0,11.0,Paid Social,,973.76
CUST015233,0.1059,10,9194.08,8.0,1.0,Referral,Silver,973.65
CUST015323,0.6845,4,1422.23,2.0,52.0,Organic Search,Bronze,973.52
CUST013390,0.9179,2,1060.37,2.0,102.0,Influencer,,973.31
CUST011382,0.5471,5,1778.35,1.0,251.0,Paid Social,Bronze,972.94
CUST010116,0.9704,1,1002.5300000000001,2.0,312.0,,,972.86
CUST007241,0.2288,9,4249.03,4.0,20.0,Organic Search,Bronze,972.18
CUST014728,0.2336,9,4159.7,3.0,25.0,Influencer,Platinum,971.71
CUST017237,0.7748,3,1253.8200000000002,4.0,202.0,Direct,Silver,971.46
CUST017672,0.4242,6,2288.83,4.0,48.0,Paid Social,Platinum,970.92
CUST015533,0.3403,7,2851.12,3.0,146.0,Organic Search,Gold,970.24
CUST004185,0.3406,7,2848.6099999999997,5.0,0.0,Organic Search,Bronze,970.24
CUST013314,0.5937,4,1633.2000000000003,3.0,1.0,Paid Social,,969.63
CUST001093,0.4131,6,2346.8500000000004,4.0,80.0,,Bronze,969.48
CUST010990,0.1597,10,6069.200000000001,7.0,10.0,Direct,Bronze,969.25
CUST019767,0.5589,4,1733.95,1.0,52.0,Influencer,Bronze,969.1
CUST000376,0.5274,5,1837.3899999999999,2.0,127.0,,Bronze,969.04
CUST016508,0.2765,8,3503.19,5.0,14.0,Paid Social,Silver,968.63
CUST001077,0.2165,9,4473.08,6.0,56.0,Email Campaign,Bronze,968.42
CUST011478,0.5028,5,1925.17,4.0,121.0,Direct,Platinum,967.98
CUST013976,0.3961,7,2443.6400000000003,3.0,98.0,Influencer,Gold,967.93
CUST018809,0.5047,5,1917.52,6.0,101.0,Organic Search,Gold,967.77
CUST010945,0.9682,1,999.4,3.0,387.0,Influencer,Gold,967.62
CUST003201,0.2468,9,3919.8700000000003,4.0,4.0,Paid Social,Silver,967.42
CUST017741,0.2192,9,4412.66,3.0,106.0,Referral,Silver,967.26
CUST002761,0.4382,6,2206.83,4.0,50.0,Paid Social,Bronze,967.03
CUST007953,0.2713,8,3563.95,4.0,6.0,Direct,Bronze,966.9
CUST002019,0.8503,3,1136.77,1.0,163.0,Direct,Silver,966.6
CUST018270,0.6842,4,1412.01,1.0,56.0,Organic Search,Bronze,966.1
CUST008301,0.4807,5,2009.63,3.0,53.0,Influencer,Silver,966.03
CUST007810,0.9681,1,997.86,3.0,304.0,Organic Search,Bronze,966.03
CUST019129,0.9807,1,984.81,3.0,427.0,Referral,Bronze,965.8
CUST005916,0.8128,3,1187.73,1.0,100.0,Marketplace,Bronze,965.39
CUST016824,0.4861,5,1985.62,1.0,20.0,Marketplace,Bronze,965.21
CUST006004,0.2262,9,4266.76,5.0,5.0,Referral,Bronze,965.14
CUST014767,0.8375,3,1152.26,4.0,103.0,Marketplace,,965.02
CUST016258,0.889,3,1085.45,1.0,119.0,Organic Search,Gold,964.97
CUST007782,0.8484,3,1137.16,1.0,86.0,Organic Search,Bronze,964.77
CUST011792,0.5848,4,1648.9599999999998,2.0,86.0,Direct,Bronze,964.31
CUST015336,0.0437,10,22061.1,18.0,14.0,Marketplace,Platinum,964.07
CUST006237,0.259,8,3722.13,5.0,19.0,,Bronze,964.03
CUST003421,0.3409,7,2827.8599999999997,4.0,7.0,Organic Search,Silver,964.02
CUST010919,0.1471,10,6551.99,8.0,36.0,Email Campaign,Silver,963.8
CUST008335,0.9333,2,1032.57,1.0,161.0,Organic Search,Silver,963.7
CUST003870,0.4892,5,1969.79,1.0,32.0,Paid Social,Silver,963.62
CUST014195,0.795,3,1212.03,3.0,80.0,Paid Social,Bronze,963.56
CUST015433,0.2986,8,3226.85,3.0,130.0,Direct,Silver,963.54
CUST011465,0.9302,2,1035.07,2.0,190.0,Organic Search,Bronze,962.82
CUST010107,0.3596,7,2676.84,5.0,221.0,Organic Search,Bronze,962.59
CUST004139,0.4483,6,2146.79,3.0,8.0,Referral,Bronze,962.41
CUST011397,0.1185,10,8111.0,7.0,9.0,Referral,Bronze,961.15
CUST008306,0.3974,7,2416.6899999999996,3.0,16.0,Organic Search,Silver,960.39
CUST019318,0.6142,4,1563.06,2.0,163.0,Paid Social,Silver,960.03
CUST003307,0.2166,9,4430.01,7.0,64.0,Paid Social,Platinum,959.54
CUST002373,0.3648,7,2629.2,3.0,75.0,Referral,Bronze,959.13
CUST011389,0.9739,1,984.75,4.0,263.0,Organic Search,Bronze,959.05
CUST002226,0.211,9,4543.54,5.0,25.0,Organic Search,Bronze,958.69
CUST005336,0.989,1,969.14,1.0,248.0,,Bronze,958.48
CUST012031,0.8605,3,1113.6,1.0,188.0,Direct,,958.25
CUST000007,0.0896,10,10685.04,11.0,9.0,Referral,Bronze,957.38
CUST003111,0.9007,3,1062.76,2.0,218.0,Direct,Platinum,957.23
CUST014982,0.0678,10,14109.460000000001,11.0,17.0,Email Campaign,Gold,956.62
CUST013871,0.9051,3,1056.54,1.0,116.0,Paid Social,Bronze,956.27
CUST004300,0.872,3,1094.75,2.0,125.0,Organic Search,Silver,954.62
CUST018855,0.9471,2,1007.53,2.0,241.0,Paid Social,Silver,954.23
CUST000685,0.154,10,6187.42,8.0,2.0,Email Campaign,Bronze,952.86
CUST001028,0.9802,1,972.07,1.0,452.0,Direct,Silver,952.82
CUST010117,0.5669,4,1680.74,1.0,282.0,Paid Social,Silver,952.81
CUST015816,0.2853,8,3339.4700000000003,6.0,10.0,Organic Search,Silver,952.75
CUST003007,0.0735,10,12954.84,16.0,8.0,Direct,Gold,952.18
CUST015857,0.3928,7,2423.7,5.0,10.0,Organic Search,Gold,952.03
CUST016403,0.201,9,4735.3,6.0,19.0,Paid Social,Platinum,951.8
CUST017662,0.1983,9,4794.12,7.0,138.0,Paid Social,Platinum,950.67
CUST019800,0.4896,5,1941.6100000000001,2.0,40.0,Organic Search,Silver,950.61
CUST003062,0.2484,9,3826.81,5.0,150.0,Referral,Bronze,950.58
CUST003015,0.3733,7,2545.17,2.0,76.0,Influencer,Bronze,950.11
CUST014099,0.584,4,1625.23,2.0,98.0,Direct,Bronze,949.13
CUST007538,0.2401,9,3952.79,4.0,20.0,Referral,Gold,949.06
CUST000879,0.8254,3,1149.75,2.0,289.0,Referral,Bronze,949.0
CUST001210,0.4556,6,2082.92,3.0,112.0,Paid Social,Bronze,948.98
CUST002903,0.4836,5,1961.78,1.0,21.0,Marketplace,Bronze,948.72
CUST017564,0.9762,1,971.3,1.0,229.0,Influencer,Bronze,948.18
CUST008729,0.3971,7,2387.3,2.0,19.0,Email Campaign,Silver,948.0
CUST010503,0.9836,1,963.59,2.0,364.0,Email Campaign,,947.79
CUST001025,0.2151,9,4400.99,6.0,26.0,Influencer,Gold,946.65
CUST001594,0.1291,10,7332.610000000001,7.0,5.0,Direct,Bronze,946.64
CUST018644,0.9867,1,959.32,1.0,454.0,Email Campaign,Platinum,946.56
CUST001143,0.2278,9,4152.5599999999995,7.0,6.0,Referral,Silver,945.95
CUST007812,0.4923,5,1921.09,1.0,131.0,Organic Search,Silver,945.75
CUST016314,0.1068,10,8849.15,9.0,10.0,,Platinum,945.09
CUST008389,0.2305,9,4099.95,5.0,98.0,Referral,Silver,945.04
CUST017591,0.1105,10,8551.74,8.0,49.0,Referral,Bronze,944.97
CUST006911,0.7497,3,1260.3200000000002,3.0,34.0,Email Campaign,Silver,944.86
CUST019119,0.2983,8,3166.58,4.0,34.0,Referral,Silver,944.59
CUST015575,0.8923,3,1058.1299999999999,2.0,211.0,Email Campaign,Bronze,944.17
CUST005321,0.955,2,988.5799999999999,2.0,210.0,Organic Search,Bronze,944.09
CUST017703,0.2294,9,4115.4400000000005,4.0,34.0,Email Campaign,Silver,944.08
CUST003132,0.4564,6,2067.87,4.0,2.0,Paid Social,Gold,943.78
CUST017259,0.1307,10,7218.98,8.0,19.0,Direct,Silver,943.52
CUST011336,0.6617,4,1425.8000000000002,3.0,82.0,Marketplace,Gold,943.45
CUST013303,0.1897,9,4972.57,7.0,0.0,Paid Social,Silver,943.3
CUST014703,0.5739,4,1642.84,2.0,44.0,Paid Social,Gold,942.83
CUST017738,0.2177,9,4327.95,4.0,26.0,Direct,,942.19
CUST016470,0.8306,3,1133.81,2.0,150.0,Marketplace,Bronze,941.74
CUST003071,0.7956,3,1182.98,2.0,39.0,Marketplace,Bronze,941.18
CUST012396,0.639,4,1472.5,1.0,291.0,Influencer,Bronze,940.93
CUST012186,0.8567,3,1098.31,2.0,52.0,Paid Social,Bronze,940.92
CUST019082,0.9591,2,980.92,2.0,235.0,Organic Search,,940.8
CUST005412,0.0825,10,11399.86,9.0,3.0,Email Campaign,Platinum,940.49
CUST014301,0.4525,6,2078.15,5.0,0.0,Influencer,Bronze,940.36
CUST009287,0.4826,5,1947.8200000000002,3.0,3.0,Referral,Bronze,940.02
CUST016554,0.9615,2,977.44,2.0,308.0,Referral,Silver,939.81
CUST006647,0.9563,2,982.72,2.0,306.0,Email Campaign,Bronze,939.78
CUST011005,0.1317,10,7134.87,8.0,6.0,Organic Search,Bronze,939.66
CUST001177,0.3813,7,2463.8900000000003,3.0,151.0,Paid Social,Silver,939.48
CUST003150,0.0962,10,9764.27,10.0,1.0,Organic Search,Gold,939.32
CUST004148,0.3657,7,2568.44,6.0,50.0,Direct,Bronze,939.28
CUST004419,0.0386,10,24330.63,19.0,9.0,Organic Search,,939.16
CUST010279,0.0842,10,11148.810000000001,12.0,26.0,Email Campaign,Bronze,938.73
CUST000044,0.2358,9,3978.21,3.0,20.0,Influencer,Silver,938.06
CUST000384,0.3949,7,2374.92,2.0,9.0,Organic Search,Bronze,937.86
CUST018680,0.9083,2,1032.34,4.0,150.0,Paid Social,Bronze,937.67
CUST019202,0.9731,1,963.28,2.0,305.0,Organic Search,Silver,937.37
CUST010482,0.9431,2,993.5600000000001,2.0,331.0,Organic Search,Bronze,937.03
CUST008351,0.4118,6,2274.91,1.0,3.0,,Bronze,936.81
CUST008969,0.5193,5,1803.95,1.0,429.0,Paid Social,Bronze,936.79
CUST009080,0.952,2,983.74,2.0,289.0,Direct,,936.52
CUST017704,0.3599,7,2601.87,4.0,32.0,Referral,Silver,936.41
CUST000341,0.9665,1,968.6800000000001,2.0,404.0,Organic Search,Bronze,936.23
CUST007852,0.4527,6,2068.01,1.0,10.0,Direct,Bronze,936.19
CUST013580,0.8929,3,1048.45,6.0,139.0,Referral,Silver,936.16
CUST006793,0.1692,10,5531.610000000001,12.0,44.0,Organic Search,,935.95
CUST007750,0.9712,1,963.63,2.0,374.0,Referral,Gold,935.88
CUST011428,0.2338,9,4001.69,6.0,72.0,,Gold,935.6
CUST007277,0.0588,10,15905.57,18.0,7.0,,Platinum,935.25
CUST018590,0.3185,8,2935.74,6.0,74.0,Paid Social,Platinum,935.03
CUST005199,0.2206,9,4238.47,4.0,95.0,Email Campaign,Platinum,935.01
CUST009601,0.1953,9,4786.139999999999,7.0,5.0,Email Campaign,Bronze,934.73
CUST005380,0.9691,1,964.01,2.0,182.0,Influencer,Bronze,934.22
CUST019921,0.2987,8,3127.06,4.0,42.0,Organic Search,Bronze,934.05
CUST005528,0.2725,8,3427.47,3.0,8.0,Influencer,Gold,933.99
CUST002223,0.2025,9,4611.57,4.0,83.0,Paid Social,Bronze,933.84
CUST019294,0.3175,8,2940.7000000000003,2.0,65.0,,Silver,933.67
CUST019756,0.499,5,1868.87,1.0,109.0,Email Campaign,Bronze,932.57
CUST013970,0.2339,9,3985.5,3.0,28.0,Referral,,932.21
CUST012048,0.2844,8,3277.05,5.0,9.0,Email Campaign,Bronze,931.99
CUST009935,0.1429,10,6521.79,8.0,1.0,Referral,,931.96
CUST005193,0.9101,2,1023.85,3.0,127.0,Email Campaign,,931.81
CUST017005,0.0823,10,11321.94,13.0,44.0,Organic Search,Bronze,931.8
CUST017683,0.058,10,16060.39,14.0,31.0,Marketplace,Platinum,931.5
CUST004861,0.532,5,1749.84,1.0,406.0,Paid Social,,930.91
CUST005002,0.8247,3,1128.68,1.0,121.0,Paid Social,Bronze,930.82
CUST002394,0.2032,9,4580.450000000001,5.0,5.0,Organic Search,Gold,930.75
CUST013322,0.4978,5,1869.5,3.0,100.0,Referral,Bronze,930.64
CUST019692,0.1151,10,8083.07,7.0,3.0,,Gold,930.36
CUST016380,0.4086,6,2276.7,2.0,49.0,Paid Social,,930.26
CUST009219,0.0334,10,27842.2,14.0,34.0,Organic Search,Silver,929.93
CUST018319,0.111,10,8376.85,10.0,36.0,Marketplace,Silver,929.83
CUST900047,0.6044,4,1538.31,2.0,121.0,Email Campaign,Gold,929.75
CUST014481,0.2749,8,3380.73,5.0,64.0,Organic Search,Platinum,929.36
CUST005061,0.9373,2,991.1700000000001,2.0,305.0,Influencer,Bronze,929.02
CUST019229,0.4938,5,1881.31,1.0,25.0,Influencer,,928.99
CUST008535,0.9971,1,931.5,1.0,359.0,Paid Social,Silver,928.8
CUST000109,0.3192,8,2908.67,6.0,159.0,Direct,Bronze,928.45
CUST017018,0.824,3,1126.56,2.0,58.0,Referral,Bronze,928.29
CUST000315,0.3295,8,2817.18,4.0,80.0,Referral,Silver,928.26
CUST012690,0.4345,6,2135.17,3.0,341.0,Influencer,Silver,927.73
CUST015699,0.0747,10,12417.12,16.0,15.0,Organic Search,Silver,927.56
CUST016462,0.3962,7,2340.74,4.0,228.0,Email Campaign,Gold,927.4
CUST007526,0.9217,2,1006.13,1.0,173.0,Organic Search,Bronze,927.35
CUST018777,0.4128,6,2246.2200000000003,3.0,30.0,Organic Search,Silver,927.24
CUST009246,0.8942,3,1036.71,1.0,295.0,Paid Social,Bronze,927.03
CUST001421,0.3484,7,2660.24,4.0,102.0,Referral,,926.83
CUST009040,0.2136,9,4338.17,4.0,60.0,Paid Social,Silver,926.63
CUST017928,0.5003,5,1851.81,1.0,14.0,Paid Social,Bronze,926.46
CUST012037,0.2793,8,3316.61,4.0,124.0,Marketplace,Silver,926.33
CUST004336,0.05,10,18523.14,14.0,34.0,Email Campaign,Platinum,926.16
CUST017874,0.4878,5,1898.04,4.0,51.0,Paid Social,Gold,925.86
CUST004602,0.0795,10,11645.55,11.0,20.0,Marketplace,Gold,925.82
CUST004745,0.2634,8,3514.4300000000003,4.0,119.0,Organic Search,Silver,925.7
CUST010940,0.9132,2,1013.35,1.0,144.0,Marketplace,Bronze,925.39
CUST013939,0.2648,8,3492.14,6.0,4.0,Referral,,924.72
CUST010813,0.0643,10,14379.28,11.0,4.0,Referral,Gold,924.59
CUST004918,0.4991,5,1850.51,2.0,7.0,Paid Social,Silver,923.59
CUST013497,0.6419,4,1438.41,3.0,37.0,Organic Search,Bronze,923.32
CUST000931,0.252,9,3661.33,6.0,24.0,Organic Search,,922.66
CUST009662,0.2776,8,3322.09,6.0,35.0,Direct,Bronze,922.21
CUST015018,0.0645,10,14297.38,12.0,16.0,Organic Search,Silver,922.18
CUST017045,0.3692,7,2496.99,5.0,87.0,Direct,Silver,921.89
CUST015407,0.453,6,2033.15,4.0,99.0,Organic Search,Silver,921.02
CUST014710,0.0441,10,20883.16,14.0,85.0,Referral,Silver,920.95
CUST012422,0.9241,2,996.28,2.0,275.0,Paid Social,Bronze,920.66
CUST016759,0.4649,6,1980.27,3.0,70.0,Organic Search,Gold,920.63
CUST007933,0.352,7,2614.6000000000004,2.0,96.0,Marketplace,,920.34
CUST005714,0.4188,6,2195.96,5.0,24.0,Email Campaign,Bronze,919.67
CUST019718,0.442,6,2080.18,1.0,40.0,Email Campaign,Bronze,919.44
CUST002860,0.2732,8,3365.1800000000003,2.0,2.0,Referral,Bronze,919.37
CUST009220,0.2412,9,3810.58,4.0,0.0,Referral,Platinum,919.11
CUST014572,0.3046,8,3016.9399999999996,6.0,14.0,Organic Search,Gold,918.96
CUST010259,0.1648,10,5573.7300000000005,5.0,85.0,Referral,Bronze,918.55
CUST013599,0.9227,2,995.3799999999999,2.0,161.0,Direct,Silver,918.44
CUST018986,0.817,3,1123.83,1.0,117.0,Paid Social,Bronze,918.17
CUST006986,0.9855,1,931.19,2.0,311.0,Marketplace,Bronze,917.69
CUST013603,0.3313,8,2769.8500000000004,3.0,51.0,Referral,Bronze,917.65
CUST007893,0.1517,10,6046.65,5.0,10.0,Organic Search,,917.28
CUST014197,0.67,4,1368.75,2.0,89.0,Influencer,Bronze,917.06
CUST013095,0.5672,4,1616.36,1.0,195.0,Influencer,Bronze,916.8
CUST010924,0.7607,3,1205.15,1.0,70.0,Direct,Bronze,916.76
CUST004736,0.437,6,2097.43,4.0,16.0,Referral,,916.58
CUST019328,0.0907,10,10099.91,10.0,44.0,Email Campaign,Bronze,916.06
CUST019263,0.7146,4,1281.24,3.0,45.0,Paid Social,Bronze,915.57
CUST017248,0.4508,6,2030.29,2.0,151.0,Email Campaign,Bronze,915.25
CUST008106,0.9481,2,964.9,3.0,182.0,Organic Search,Silver,914.82
CUST001222,0.3089,8,2961.05,2.0,59.0,Referral,Silver,914.67
CUST000208,0.313,8,2921.6800000000003,5.0,23.0,Direct,Bronze,914.49
CUST007484,0.9563,2,956.01,2.0,239.0,Direct,Platinum,914.23
CUST005111,0.2841,8,3217.98,6.0,38.0,Referral,Silver,914.23
CUST015348,0.9116,2,1002.54,2.0,115.0,Organic Search,Gold,913.92
CUST900131,0.1532,10,5964.27,6.0,57.0,,Bronze,913.73
CUST001039,0.4506,6,2027.66,2.0,46.0,Email Campaign,,913.66
CUST005518,0.0569,10,16051.310000000001,13.0,34.0,Direct,Gold,913.32
CUST009097,0.1621,10,5633.77,6.0,105.0,Organic Search,Platinum,913.23
CUST012370,0.1523,10,5991.84,8.0,9.0,,Silver,912.56
CUST007780,0.5441,5,1676.78,1.0,115.0,,Gold,912.34
CUST000511,0.3195,8,2854.54,5.0,18.0,Direct,Bronze,912.03
CUST004894,0.3355,7,2716.08,3.0,53.0,Influencer,,911.24
CUST003229,0.2833,8,3216.17,9.0,8.0,Email Campaign,Gold,911.14
CUST000748,0.1653,10,5509.71,5.0,0.0,Referral,Silver,910.76
CUST007684,0.4731,5,1925.1,2.0,77.0,Marketplace,Bronze,910.76
CUST008338,0.0224,10,40635.14,13.0,12.0,Direct,Silver,910.23
CUST007618,0.4414,6,2062.1,1.0,149.0,Marketplace,Gold,910.21
CUST019334,0.8476,3,1073.77,2.0,87.0,Organic Search,Bronze,910.13
CUST004474,0.2685,8,3389.08,6.0,103.0,Paid Social,Silver,909.97
CUST013281,0.1897,9,4792.33,8.0,19.0,Direct,Bronze,909.11
CUST016259,0.315,8,2885.92,5.0,45.0,Organic Search,Gold,909.06
CUST011739,0.4732,5,1919.94,3.0,11.0,Organic Search,Bronze,908.52
CUST003697,0.2023,9,4490.66,6.0,150.0,,,908.46
CUST008897,0.8628,3,1052.92,2.0,130.0,Paid Social,Bronze,908.46
CUST000374,0.1554,10,5843.08,12.0,26.0,Referral,Silver,908.01
CUST006062,0.2025,9,4482.6900000000005,6.0,114.0,Influencer,Bronze,907.74
CUST009876,0.2193,9,4139.049999999999,9.0,38.0,Referral,,907.69
CUST017515,0.1361,10,6668.700000000001,10.0,24.0,Email Campaign,Bronze,907.61
CUST004641,0.0438,10,20721.260000000002,19.0,3.0,Organic Search,Bronze,907.59
CUST005874,0.0929,10,9767.57,11.0,14.0,Referral,Bronze,907.41
CUST008534,0.2541,9,3571.08,3.0,37.0,Paid Social,Gold,907.41
CUST011724,0.9452,2,959.11,2.0,171.0,Referral,Silver,906.55
CUST004489,0.9746,1,930.18,1.0,390.0,Referral,Bronze,906.55
CUST000947,0.1217,10,7445.2,6.0,10.0,Email Campaign,,906.08
CUST001461,0.1796,9,5044.82,5.0,20.0,Organic Search,Bronze,906.05
CUST005443,0.3774,7,2400.63,3.0,6.0,Organic Search,Gold,906.0
CUST004386,0.1284,10,7054.02,8.0,38.0,,Gold,905.74
CUST017138,0.9764,1,927.4100000000001,2.0,361.0,Organic Search,Bronze,905.52
CUST019586,0.132,10,6859.38,6.0,43.0,Email Campaign,Bronze,905.44
CUST014541,0.3721,7,2433.29,3.0,102.0,Paid Social,Bronze,905.43
CUST018575,0.2812,8,3218.42,4.0,46.0,Email Campaign,Bronze,905.02
CUST012632,0.8773,3,1030.9,3.0,92.0,Organic Search,Bronze,904.41
CUST006630,0.3464,7,2610.33,2.0,10.0,Influencer,Bronze,904.22
CUST008390,0.8098,3,1116.53,5.0,105.0,,Bronze,904.17
CUST013844,0.4823,5,1873.9500000000003,2.0,15.0,Paid Social,Silver,903.81
CUST017384,0.4829,5,1870.9499999999998,2.0,100.0,Paid Social,Bronze,903.48
CUST006826,0.3272,8,2760.0,5.0,9.0,Organic Search,Silver,903.07
CUST015244,0.985,1,916.51,1.0,390.0,Referral,Silver,902.76
CUST007059,0.4978,5,1813.06,2.0,286.0,Marketplace,Silver,902.54
CUST013071,0.3658,7,2467.01,4.0,123.0,Influencer,,902.43
CUST006801,0.2006,9,4498.28,6.0,9.0,Direct,Bronze,902.35
CUST019468,0.9739,1,926.3199999999999,3.0,268.0,Paid Social,Gold,902.14
CUST016251,0.9894,1,911.49,3.0,353.0,Email Campaign,Platinum,901.83
CUST002589,0.9644,1,934.5899999999999,2.0,205.0,Marketplace,Gold,901.32
CUST007937,0.68,4,1324.81,1.0,347.0,Paid Social,Bronze,900.87
CUST019580,0.9014,3,997.93,1.0,170.0,Influencer,Silver,899.53
CUST012534,0.2627,8,3423.9599999999996,2.0,34.0,Email Campaign,Gold,899.47
CUST017562,0.4878,5,1843.68,1.0,75.0,Organic Search,Bronze,899.35
CUST016844,0.1218,10,7382.09,7.0,13.0,,Silver,899.14
CUST008421,0.3367,7,2670.29,2.0,49.0,Marketplace,Bronze,899.09
CUST019972,0.1241,10,7239.4,7.0,31.0,Organic Search,Bronze,898.41
CUST002538,0.3304,8,2718.03,2.0,111.0,Influencer,Silver,898.04
CUST008649,0.978,1,918.0799999999999,3.0,274.0,Influencer,,897.88
CUST014552,0.5175,5,1734.28,3.0,38.0,,Bronze,897.49
CUST017855,0.1942,9,4619.09,7.0,62.0,Direct,Bronze,897.03
CUST000750,0.9428,2,951.01,1.0,168.0,Paid Social,Bronze,896.61
CUST011506,0.0766,10,11704.48,10.0,90.0,Organic Search,,896.56
CUST017915,0.0478,10,18752.72,12.0,60.0,Referral,Platinum,896.38
CUST005833,0.3156,8,2839.5,4.0,88.0,Direct,Bronze,896.15
CUST009754,0.1108,10,8084.87,9.0,16.0,Organic Search,Bronze,895.8
CUST015973,0.1008,10,8886.92,10.0,32.0,Direct,Silver,895.8
CUST017381,0.9803,1,913.49,2.0,374.0,Referral,Bronze,895.49
CUST007121,0.3765,7,2377.87,3.0,51.0,Direct,Silver,895.27
CUST012727,0.4536,6,1973.63,1.0,185.0,Paid Social,Silver,895.24
CUST008172,0.0507,10,17656.83,15.0,14.0,Direct,Platinum,895.2
CUST012390,0.0601,10,14888.7,11.0,1.0,Referral,Platinum,894.81
CUST016570,0.1919,9,4660.860000000001,8.0,7.0,Organic Search,Bronze,894.42
CUST007275,0.2559,9,3495.1400000000003,3.0,82.0,Referral,Gold,894.41
CUST005670,0.1641,10,5449.99,5.0,3.0,Direct,,894.34
CUST006261,0.489,5,1828.73,4.0,20.0,Organic Search,Bronze,894.25
CUST009326,0.9078,2,985.06,1.0,61.0,Marketplace,Bronze,894.24
CUST015507,0.7219,4,1238.72,3.0,36.0,Direct,,894.23
CUST006394,0.0649,10,13778.029999999999,10.0,80.0,Referral,Gold,894.19
CUST009431,0.2731,8,3273.2200000000003,7.0,13.0,Marketplace,Silver,893.92
CUST015700,0.3126,8,2858.91,2.0,97.0,Direct,Gold,893.7
CUST013140,0.984,1,908.15,1.0,245.0,Direct,Bronze,893.62
CUST014748,0.2981,8,2996.14,4.0,43.0,Paid Social,Bronze,893.15
CUST008025,0.0623,10,14334.380000000001,19.0,5.0,Email Campaign,Platinum,893.03
CUST010486,0.3167,8,2818.95,4.0,60.0,Organic Search,Bronze,892.76
CUST012599,0.9707,1,919.54,1.0,369.0,Paid Social,Gold,892.6
CUST002694,0.4735,5,1884.78,1.0,114.0,Organic Search,Silver,892.44
CUST004723,0.5609,4,1590.34,1.0,49.0,Paid Social,Bronze,892.02
CUST007635,0.2136,9,4175.7,7.0,32.0,Influencer,Bronze,891.93
CUST014642,0.1724,9,5172.64,7.0,74.0,Paid Social,Gold,891.76
CUST019838,0.1099,10,8113.7,7.0,40.0,Direct,Bronze,891.7
CUST002830,0.0469,10,19011.809999999998,15.0,2.0,,Gold,891.65
CUST017079,0.2056,9,4335.82,8.0,0.0,,Bronze,891.44
CUST012468,0.5345,5,1667.3899999999999,2.0,19.0,Influencer,Silver,891.22
CUST012265,0.4407,6,2021.42,1.0,123.0,Organic Search,Bronze,890.84
CUST004006,0.7674,3,1160.45,3.0,111.0,Paid Social,Bronze,890.53
CUST009003,0.1416,10,6287.16,8.0,4.0,Direct,Platinum,890.26
CUST017277,0.1537,10,5788.2699999999995,13.0,12.0,Referral,Gold,889.66
CUST015169,0.278,8,3200.0299999999997,3.0,43.0,Organic Search,Bronze,889.61
CUST006116,0.3929,7,2262.45,2.0,97.0,Organic Search,Bronze,888.92
CUST012969,0.9359,2,949.7,1.0,172.0,Direct,Bronze,888.82
CUST013601,0.0678,10,13108.59,19.0,32.0,Referral,Silver,888.76
CUST014428,0.2913,8,3050.73,4.0,38.0,Influencer,Gold,888.68
CUST014033,0.5703,4,1557.38,1.0,108.0,Paid Social,Silver,888.17
CUST004755,0.6761,4,1313.42,1.0,266.0,Paid Social,Bronze,888.0
CUST015532,0.0644,10,13778.47,9.0,72.0,Email Campaign,Platinum,887.33
CUST019872,0.3108,8,2854.83,1.0,7.0,Referral,Platinum,887.28
CUST018169,0.248,9,3576.3,5.0,49.0,Direct,Bronze,886.92
CUST003186,0.4213,6,2104.56,6.0,98.0,Paid Social,Bronze,886.65
CUST014527,0.0405,10,21891.72,15.0,19.0,Referral,Gold,886.61
CUST016559,0.1085,10,8170.61,10.0,3.0,Direct,Platinum,886.51
CUST013548,0.2776,8,3193.44,3.0,22.0,Direct,Bronze,886.5
CUST003754,0.9769,1,907.46,3.0,317.0,Organic Search,Bronze,886.5
CUST005602,0.0623,10,14228.220000000001,14.0,61.0,Referral,Silver,886.42
CUST009550,0.9664,1,917.16,2.0,268.0,Referral,Bronze,886.34
CUST006490,0.9187,2,964.54,2.0,118.0,Email Campaign,,886.12
CUST012391,0.9783,1,905.27,2.0,372.0,Marketplace,Bronze,885.63
CUST013732,0.4328,6,2046.06,1.0,10.0,Influencer,Bronze,885.53
CUST006535,0.4189,6,2113.6099999999997,4.0,111.0,Direct,Silver,885.39
CUST004834,0.0461,10,19202.92,13.0,32.0,Organic Search,Platinum,885.25
CUST003674,0.9238,2,958.0400000000001,2.0,296.0,Organic Search,Silver,885.04
CUST001218,0.5652,4,1565.66,2.0,8.0,Paid Social,Bronze,884.91
CUST012041,0.9547,2,926.8100000000001,3.0,184.0,Influencer,Bronze,884.83
CUST016316,0.8602,3,1028.53,1.0,117.0,Organic Search,Silver,884.74
CUST006100,0.3162,8,2798.02,3.0,41.0,Referral,Bronze,884.73
CUST000611,0.9872,1,896.19,1.0,382.0,Influencer,Bronze,884.72
CUST006039,0.6575,4,1345.57,1.0,96.0,Referral,Bronze,884.71
CUST004031,0.5466,5,1618.38,2.0,96.0,Email Campaign,Silver,884.61
CUST008207,0.189,9,4679.610000000001,5.0,29.0,Organic Search,Platinum,884.45
CUST007539,0.9842,1,898.48,3.0,270.0,Influencer,Bronze,884.28
CUST006252,0.8732,3,1012.51,1.0,47.0,Email Campaign,Bronze,884.12
CUST010560,0.7671,3,1151.8899999999999,2.0,84.0,Influencer,Bronze,883.61
CUST001665,0.2067,9,4274.63,6.0,92.0,Organic Search,Silver,883.57
CUST019497,0.1777,9,4972.01,9.0,35.0,Direct,Bronze,883.53
CUST011435,0.1668,10,5296.01,6.0,81.0,Organic Search,Gold,883.37
CUST018483,0.3452,7,2557.61,5.0,25.0,Paid Social,Bronze,882.89
CUST000236,0.7274,4,1213.57,1.0,80.0,Paid Social,Platinum,882.75
CUST008005,0.8539,3,1033.17,3.0,102.0,Influencer,Bronze,882.22
CUST014794,0.8225,3,1072.46,2.0,153.0,Organic Search,Gold,882.1
CUST013686,0.5379,5,1638.93,3.0,112.0,Direct,Bronze,881.58
CUST005707,0.6571,4,1341.55,1.0,22.0,Paid Social,Bronze,881.53
CUST012457,0.4394,6,2005.93,2.0,81.0,Organic Search,Bronze,881.41
CUST008275,0.9212,2,956.52,1.0,157.0,Paid Social,Bronze,881.15
CUST012921,0.7239,4,1217.18,2.0,413.0,Direct,Silver,881.12
CUST015097,0.3662,7,2405.52,4.0,119.0,Marketplace,Silver,880.9
CUST002382,0.0613,10,14369.380000000001,12.0,20.0,Influencer,Gold,880.84
CUST007455,0.0398,10,22126.32,17.0,14.0,Organic Search,Silver,880.63
CUST016243,0.8823,3,997.86,1.0,67.0,Influencer,Bronze,880.41
CUST015393,0.4191,6,2100.53,1.0,16.0,Influencer,Bronze,880.33
CUST010510,0.1911,9,4602.23,8.0,115.0,Email Campaign,Bronze,879.49
CUST013681,0.1894,9,4642.26,4.0,11.0,Organic Search,Gold,879.24
CUST014138,0.3236,8,2716.93,3.0,121.0,Paid Social,Bronze,879.2
CUST011471,0.361,7,2435.45,1.0,5.0,Organic Search,Silver,879.2
CUST005142,0.6436,4,1365.98,1.0,263.0,Organic Search,Bronze,879.14
CUST019630,0.0954,10,9213.71,13.0,3.0,,Silver,878.99
CUST009408,0.1753,9,5012.97,6.0,68.0,Direct,Bronze,878.77
CUST001455,0.9294,2,945.3799999999999,2.0,234.0,Referral,Bronze,878.64
CUST015981,0.8568,3,1025.41,2.0,73.0,Paid Social,,878.57
CUST000782,0.6051,4,1451.81,3.0,224.0,Marketplace,Bronze,878.49
CUST010217,0.1609,10,5459.53,7.0,101.0,Email Campaign,Platinum,878.44
CUST001571,0.1363,10,6442.17,7.0,14.0,Referral,Bronze,878.07
CUST003112,0.9141,2,960.53,1.0,105.0,Referral,Bronze,878.02
CUST002312,0.9941,1,882.92,1.0,367.0,Organic Search,Bronze,877.71
CUST017076,0.8875,3,988.94,1.0,93.0,Email Campaign,Bronze,877.68
CUST001503,0.4611,6,1903.1599999999999,2.0,96.0,Marketplace,Silver,877.55
CUST008437,0.2106,9,4166.15,4.0,21.0,Direct,Silver,877.39
CUST002086,0.9218,2,951.43,1.0,220.0,Direct,Bronze,877.03
CUST004720,0.6585,4,1331.65,1.0,334.0,Referral,Bronze,876.89
CUST007428,0.8214,3,1067.44,3.0,85.0,Direct,Gold,876.8
CUST005809,0.2855,8,3068.95,3.0,5.0,Direct,Gold,876.19
CUST009290,0.4657,6,1881.31,3.0,46.0,Organic Search,Gold,876.13
CUST019452,0.4323,6,2026.2,1.0,61.0,Organic Search,Silver,875.93
CUST014883,0.2953,8,2965.76,6.0,6.0,Organic Search,Bronze,875.79
CUST010105,0.5601,4,1563.36,2.0,140.0,Email Campaign,Bronze,875.64
CUST011206,0.3753,7,2332.29,3.0,130.0,,,875.31
CUST012313,0.537,5,1629.69,2.0,12.0,Paid Social,,875.14
CUST018565,0.3287,8,2662.27,3.0,14.0,Influencer,,875.09
CUST012398,0.4427,6,1976.6100000000001,3.0,26.0,Organic Search,Gold,875.05
CUST014122,0.8905,3,981.46,1.0,100.0,Influencer,Bronze,873.99
CUST012192,0.9289,2,940.6800000000001,2.0,224.0,Organic Search,Gold,873.8
CUST009831,0.7827,3,1116.3400000000001,2.0,310.0,Organic Search,Bronze,873.76
CUST011138,0.2192,9,3983.19,1.0,2.0,Organic Search,Gold,873.12
CUST018476,0.929,2,938.47,1.0,104.0,Influencer,Gold,871.84
CUST001707,0.6028,4,1445.83,1.0,66.0,Direct,Silver,871.55
CUST002157,0.4898,5,1779.37,2.0,54.0,Paid Social,Bronze,871.54
CUST002512,0.5008,5,1738.41,3.0,255.0,Organic Search,Gold,870.6
CUST013451,0.962,1,903.8,1.0,418.0,Organic Search,Bronze,869.46
CUST018016,0.4578,6,1897.34,1.0,125.0,Influencer,Platinum,868.6
CUST004376,0.3727,7,2329.89,2.0,11.0,Direct,Gold,868.35
CUST015741,0.8826,3,983.62,1.0,45.0,Marketplace,Silver,868.14
CUST006075,0.425,6,2042.09,2.0,10.0,,Bronze,867.89
CUST009210,0.6716,4,1292.18,1.0,22.0,Email Campaign,Bronze,867.83
CUST011560,0.3888,7,2231.71,3.0,102.0,Influencer,Silver,867.69
CUST000096,0.0556,10,15604.68,13.0,17.0,Email Campaign,Platinum,867.62
CUST018978,0.2834,8,3059.8199999999997,4.0,93.0,Marketplace,Gold,867.15
CUST005933,0.2368,9,3661.81,4.0,34.0,Organic Search,Bronze,867.12
CUST004272,0.1873,9,4626.71,5.0,72.0,Email Campaign,Silver,866.58
CUST018007,0.2114,9,4097.87,8.0,21.0,Email Campaign,Bronze,866.29
CUST016104,0.9771,1,886.27,2.0,428.0,,Bronze,865.97
CUST001181,0.2418,9,3580.83,7.0,16.0,Marketplace,Silver,865.84
CUST002190,0.7523,3,1150.82,2.0,97.0,Paid Social,,865.76
CUST001289,0.4448,6,1945.13,2.0,136.0,Paid Social,Silver,865.19
CUST014816,0.553,5,1564.52,2.0,73.0,Referral,,865.18
CUST002780,0.3301,8,2620.17,2.0,29.0,Organic Search,,864.92
CUST010143,0.1896,9,4561.639999999999,5.0,133.0,Organic Search,Silver,864.89
CUST010527,0.3337,7,2590.64,1.0,65.0,Email Campaign,Bronze,864.5
CUST004855,0.9245,2,935.03,1.0,122.0,Organic Search,Bronze,864.44
CUST014114,0.4022,6,2148.46,2.0,11.0,Referral,Silver,864.11
CUST000062,0.1879,9,4597.9,5.0,30.0,Organic Search,Silver,863.95
CUST018941,0.9035,3,956.07,1.0,208.0,Email Campaign,Silver,863.81
CUST007663,0.3887,7,2222.2799999999997,4.0,65.0,Paid Social,Bronze,863.8
CUST008704,0.9218,2,936.85,2.0,274.0,Influencer,Gold,863.59
CUST014125,0.9589,2,900.59,1.0,196.0,Paid Social,Silver,863.58
CUST019808,0.9239,2,934.49,2.0,206.0,Email Campaign,Silver,863.38
CUST002141,0.1787,9,4826.9,7.0,26.0,Referral,Silver,862.57
CUST017879,0.582,4,1482.08,2.0,10.0,Marketplace,Bronze,862.57
CUST016531,0.1947,9,4429.82,5.0,52.0,Influencer,Silver,862.49
CUST008666,0.2449,9,3521.04,2.0,23.0,Influencer,,862.3
CUST012007,0.8915,3,967.15,2.0,109.0,Paid Social,Silver,862.21
CUST017420,0.4153,6,2075.9,3.0,1.0,Paid Social,Gold,862.12
CUST010204,0.4319,6,1994.8400000000001,3.0,149.0,Referral,Bronze,861.57
CUST014087,0.1305,10,6599.96,9.0,94.0,Organic Search,Silver,861.29
CUST003049,0.5132,5,1677.69,3.0,5.0,Direct,,860.99
CUST007695,0.1936,9,4445.79,6.0,41.0,Referral,Silver,860.7
CUST013842,0.8905,3,966.42,5.0,114.0,Direct,Bronze,860.6
CUST018961,0.044,10,19558.309999999998,13.0,8.0,Email Campaign,Bronze,860.57
CUST014021,0.0387,10,22235.72,15.0,20.0,,Platinum,860.52
CUST019031,0.1761,9,4886.17,8.0,13.0,Organic Search,Silver,860.45
CUST000237,0.2814,8,3057.41,5.0,10.0,Organic Search,Silver,860.36
CUST001078,0.369,7,2330.04,5.0,17.0,Organic Search,Bronze,859.78
CUST014483,0.4144,6,2074.65,1.0,22.0,Organic Search,Bronze,859.73
CUST011958,0.484,5,1776.18,3.0,263.0,Paid Social,Platinum,859.67
CUST003072,0.3233,8,2658.5,6.0,105.0,Email Campaign,Bronze,859.49
CUST014584,0.8817,3,974.67,1.0,170.0,Direct,Bronze,859.37
CUST008003,0.5535,5,1552.17,1.0,53.0,Paid Social,Silver,859.13
CUST006545,0.3709,7,2314.97,5.0,40.0,,Gold,858.62
CUST001615,0.3916,7,2191.9700000000003,2.0,23.0,Organic Search,Bronze,858.38
CUST003056,0.6984,4,1228.52,3.0,44.0,,Silver,858.0
CUST003883,0.9774,1,877.5,3.0,243.0,Paid Social,Bronze,857.67
CUST015194,0.8922,3,961.25,1.0,46.0,,Bronze,857.63
CUST006265,0.8195,3,1046.18,3.0,65.0,Paid Social,Bronze,857.34
CUST013594,0.4501,6,1904.59,2.0,48.0,Direct,Bronze,857.26
CUST017669,0.2964,8,2891.6800000000003,2.0,31.0,Referral,Silver,857.09
CUST000033,0.3411,7,2511.4700000000003,3.0,96.0,Paid Social,Gold,856.66
CUST007705,0.0963,10,8893.810000000001,9.0,9.0,,,856.47
CUST018504,0.619,4,1382.57,1.0,61.0,Influencer,Bronze,855.81
CUST010473,0.5754,4,1487.16,1.0,321.0,Referral,Bronze,855.71
CUST002176,0.2591,8,3300.46,4.0,2.0,Referral,,855.15
CUST011200,0.0687,10,12443.75,13.0,10.0,Organic Search,,854.89
CUST018775,0.3737,7,2287.32,2.0,13.0,Email Campaign,Gold,854.77
CUST007536,0.0579,10,14755.5,10.0,1.0,Direct,Gold,854.34
CUST010526,0.3903,7,2188.33,8.0,3.0,Paid Social,Silver,854.11
CUST012515,0.2492,9,3427.28,4.0,102.0,Paid Social,Silver,854.08
CUST019181,0.3282,8,2601.8900000000003,5.0,66.0,Organic Search,Silver,853.94
CUST012622,0.4414,6,1934.51,1.0,3.0,,,853.89
CUST014380,0.5812,4,1469.01,1.0,12.0,Organic Search,Silver,853.79
CUST007964,0.4736,5,1802.1599999999999,3.0,123.0,Email Campaign,Gold,853.5
CUST019550,0.0957,10,8917.56,9.0,13.0,Organic Search,Gold,853.41
CUST008656,0.4378,6,1947.7,2.0,14.0,Direct,Bronze,852.7
CUST000015,0.5279,5,1614.9,1.0,79.0,Email Campaign,Bronze,852.51
CUST016106,0.6419,4,1327.76,2.0,165.0,Direct,Bronze,852.29
CUST007959,0.4284,6,1988.51,2.0,7.0,Organic Search,Bronze,851.88
CUST005663,0.382,7,2229.13,4.0,194.0,Organic Search,Bronze,851.53
CUST008732,0.3633,7,2343.7200000000003,2.0,86.0,Marketplace,Platinum,851.47
CUST006184,0.2314,9,3678.7200000000003,4.0,90.0,Organic Search,Bronze,851.26
CUST012228,0.5258,5,1617.6,1.0,7.0,Direct,Silver,850.53
CUST014308,0.181,9,4694.84,6.0,34.0,Referral,Bronze,849.77
CUST010727,0.1033,10,8224.73,8.0,22.0,Email Campaign,Bronze,849.61
CUST009777,0.5121,5,1658.5,3.0,81.0,Influencer,Bronze,849.32
CUST009788,0.2048,9,4145.93,8.0,25.0,Email Campaign,Bronze,849.09
CUST001923,0.2577,9,3291.74,1.0,33.0,Marketplace,Bronze,848.28
CUST016653,0.3368,7,2518.54,2.0,87.0,Email Campaign,,848.24
CUST012903,0.9495,2,893.14,2.0,156.0,Paid Social,Platinum,848.04
CUST017812,0.1014,10,8352.84,8.0,31.0,Organic Search,,846.98
CUST005818,0.3396,7,2493.58,6.0,99.0,Direct,Silver,846.82
CUST014686,0.8008,3,1057.45,2.0,58.0,,Bronze,846.81
CUST017372,0.7581,3,1116.28,3.0,57.0,Paid Social,,846.25
CUST003691,0.169,10,5006.78,6.0,24.0,Organic Search,Gold,846.15
CUST002731,0.8611,3,982.24,3.0,45.0,Email Campaign,Bronze,845.81
CUST007014,0.0598,10,14141.2,14.0,44.0,Direct,Gold,845.64
CUST016675,0.4478,6,1887.9099999999999,2.0,74.0,,Bronze,845.41
CUST010086,0.2131,9,3967.06,7.0,35.0,Influencer,Bronze,845.38
CUST002104,0.0971,10,8691.08,9.0,73.0,Referral,Gold,843.9
CUST010071,0.5437,5,1551.23,1.0,118.0,Paid Social,Bronze,843.4
CUST004704,0.3966,7,2126.2799999999997,3.0,180.0,Paid Social,Bronze,843.28
CUST012546,0.1995,9,4225.57,6.0,30.0,Direct,Gold,843.0
CUST005682,0.9894,1,851.79,1.0,304.0,Influencer,Bronze,842.76
CUST000348,0.6767,4,1245.22,2.0,57.0,Direct,Bronze,842.64
CUST014771,0.2687,8,3135.68,6.0,2.0,Organic Search,Silver,842.56
CUST009757,0.8959,3,940.4,2.0,122.0,Organic Search,Gold,842.5
CUST006476,0.7534,3,1118.23,1.0,37.0,Organic Search,Bronze,842.47
CUST009809,0.4226,6,1993.13,3.0,25.0,Referral,Platinum,842.3
CUST004574,0.1852,9,4547.61,7.0,88.0,Organic Search,Bronze,842.22
CUST006043,0.2126,9,3959.3900000000003,5.0,38.0,Organic Search,,841.77
CUST002966,0.2496,9,3372.1000000000004,2.0,8.0,Direct,Bronze,841.68
CUST007252,0.9841,1,855.0,1.0,287.0,Direct,Bronze,841.41
CUST004958,0.1637,10,5133.65,6.0,24.0,Direct,Silver,840.38
CUST006668,0.9451,2,889.16,1.0,127.0,Paid Social,Bronze,840.35
CUST018094,0.2831,8,2965.1,5.0,273.0,,Silver,839.42
CUST008070,0.3722,7,2254.67,4.0,101.0,Marketplace,Gold,839.19
CUST000095,0.073,10,11487.6,13.0,13.0,Paid Social,Platinum,838.59
CUST013091,0.9567,2,876.51,2.0,323.0,Email Campaign,Bronze,838.56
CUST011501,0.5959,4,1406.62,1.0,149.0,,,838.2
CUST002596,0.201,9,4169.9400000000005,7.0,6.0,Direct,Silver,838.16
CUST015077,0.8872,3,944.62,1.0,273.0,,Bronze,838.07
CUST009155,0.4139,6,2022.29,6.0,112.0,Marketplace,Gold,837.03
CUST002551,0.5902,4,1418.17,3.0,108.0,Direct,Bronze,837.0
CUST011782,0.9835,1,850.67,1.0,347.0,Direct,Bronze,836.63
CUST002230,0.9843,1,849.89,1.0,317.0,,Silver,836.55
CUST006045,0.9397,2,889.84,2.0,178.0,Paid Social,Silver,836.18
CUST013369,0.3605,7,2317.71,3.0,50.0,Organic Search,Bronze,835.53
CUST001712,0.4905,5,1702.37,3.0,78.0,Paid Social,,835.01
CUST007651,0.1928,9,4330.93,4.0,0.0,Organic Search,Bronze,835.0
CUST006831,0.3344,7,2496.49,4.0,52.0,Organic Search,Gold,834.83
CUST013055,0.9858,1,846.64,1.0,454.0,Referral,Platinum,834.62
CUST010842,0.9347,2,892.87,1.0,277.0,Influencer,Silver,834.57
CUST003817,0.0444,10,18794.7,14.0,10.0,Referral,Platinum,834.48
CUST019950,0.3308,8,2521.71,4.0,116.0,Influencer,Bronze,834.18
CUST019426,0.3064,8,2719.75,3.0,82.0,Organic Search,Silver,833.33
CUST016806,0.9919,1,839.81,1.0,308.0,,Bronze,833.01
CUST014196,0.4447,6,1872.48,3.0,182.0,Direct,Bronze,832.69
CUST009136,0.2605,8,3195.7799999999997,4.0,101.0,,Bronze,832.5
CUST015396,0.3831,7,2170.9,3.0,31.0,Paid Social,Gold,831.67
CUST012393,0.5269,5,1578.13,2.0,87.0,Influencer,Bronze,831.52
CUST011595,0.3551,7,2341.15,3.0,152.0,,Bronze,831.34
CUST012205,0.222,9,3744.3199999999997,4.0,14.0,Direct,Gold,831.24
CUST002563,0.9694,1,857.48,1.0,387.0,Direct,Bronze,831.24
CUST018706,0.3427,7,2423.48,3.0,14.0,Email Campaign,Gold,830.53
CUST005073,0.9379,2,885.5,2.0,282.0,Marketplace,,830.51
CUST013169,0.3773,7,2201.05,2.0,68.0,Influencer,Bronze,830.46
CUST007617,0.501,5,1656.81,1.0,27.0,Paid Social,Bronze,830.06
CUST019737,0.644,4,1287.88,1.0,94.0,Referral,Bronze,829.39
CUST009577,0.1212,10,6838.39,10.0,60.0,Email Campaign,,828.81
CUST012053,0.3336,7,2482.58,5.0,8.0,Paid Social,Platinum,828.19
CUST019695,0.7753,3,1068.2,2.0,137.0,Direct,,828.18
CUST012838,0.1918,9,4317.18,5.0,10.0,Organic Search,Platinum,828.04
CUST004923,0.2035,9,4067.92,3.0,52.0,,,827.82
CUST019990,0.2162,9,3826.87,7.0,158.0,Organic Search,Gold,827.37
CUST002272,0.516,5,1603.26,3.0,111.0,Marketplace,Bronze,827.28
CUST001349,0.333,7,2480.6,2.0,31.0,Organic Search,Bronze,826.04
CUST017100,0.9771,1,845.14,1.0,337.0,Organic Search,Bronze,825.79
CUST012991,0.0723,10,11419.34,9.0,10.0,Referral,Gold,825.62
CUST006068,0.1062,10,7771.8,7.0,67.0,Referral,Platinum,825.37
CUST006398,0.4372,6,1887.2900000000002,4.0,98.0,Influencer,Silver,825.12
CUST003185,0.4245,6,1943.4099999999999,3.0,127.0,Paid Social,Bronze,824.98
CUST011609,0.2173,9,3795.96,4.0,97.0,Organic Search,Bronze,824.86
CUST018927,0.9371,2,880.07,1.0,284.0,Paid Social,Bronze,824.71
CUST013951,0.8874,3,929.22,1.0,101.0,,Bronze,824.59
CUST002291,0.9697,1,850.11,1.0,318.0,Paid Social,Bronze,824.35
CUST005365,0.9255,2,890.59,1.0,143.0,Organic Search,Bronze,824.24
CUST015643,0.2184,9,3773.79,4.0,22.0,Referral,Silver,824.2
CUST011002,0.368,7,2239.1499999999996,2.0,1.0,Paid Social,Bronze,824.01
CUST018500,0.5331,5,1545.54,2.0,44.0,Paid Social,Silver,823.93
CUST016281,0.3169,8,2598.62,4.0,23.0,Influencer,Silver,823.5
CUST019956,0.3493,7,2357.33,4.0,41.0,Organic Search,Bronze,823.42
CUST019599,0.8573,3,960.19,1.0,73.0,Influencer,Gold,823.17
CUST002275,0.3754,7,2192.44,3.0,10.0,Referral,Platinum,823.04
CUST018084,0.2047,9,4020.0299999999997,6.0,35.0,Influencer,Gold,822.9
CUST005258,0.9594,2,857.53,1.0,173.0,Influencer,Gold,822.71
CUST019775,0.6042,4,1361.44,2.0,20.0,Direct,Gold,822.58
CUST000738,0.1968,9,4178.96,7.0,74.0,Organic Search,Silver,822.42
CUST002233,0.1744,9,4715.15,5.0,72.0,Referral,,822.32
CUST018384,0.9707,1,846.56,1.0,339.0,Organic Search,Bronze,821.76
CUST001651,0.4333,6,1896.43,3.0,9.0,Organic Search,Gold,821.72
CUST004246,0.8815,3,932.03,3.0,104.0,,Bronze,821.58
CUST011647,0.6602,4,1244.24,1.0,17.0,Influencer,Gold,821.45
CUST000350,0.2323,9,3535.5699999999997,3.0,12.0,Referral,Gold,821.31
CUST014948,0.431,6,1905.35,3.0,44.0,Organic Search,Bronze,821.21
CUST019562,0.3373,7,2433.1400000000003,4.0,103.0,Marketplace,Bronze,820.7
CUST014682,0.3089,8,2653.52,7.0,44.0,,Bronze,819.67
CUST008233,0.9871,1,830.36,1.0,425.0,Influencer,Silver,819.65
CUST004589,0.4604,6,1779.72,1.0,1.0,Referral,Gold,819.38
CUST019819,0.429,6,1909.53,2.0,24.0,Organic Search,Bronze,819.19
CUST008361,0.4002,6,2046.51,3.0,19.0,Direct,Bronze,819.01
CUST011252,0.6787,4,1206.57,2.0,123.0,Organic Search,Bronze,818.9
CUST015509,0.4929,5,1660.83,2.0,41.0,Influencer,Silver,818.62
CUST016692,0.9238,2,886.0799999999999,2.0,169.0,Referral,Bronze,818.56
CUST005798,0.2646,8,3092.4,5.0,9.0,Direct,Silver,818.25
CUST000826,0.3821,7,2141.06,3.0,109.0,Paid Social,Silver,818.1
CUST001343,0.1385,10,5905.2,7.0,4.0,,Bronze,817.87
CUST012830,0.0405,10,20184.77,13.0,20.0,,Platinum,817.48
CUST009474,0.2795,8,2924.03,5.0,4.0,,Gold,817.27
CUST005279,0.951,2,859.05,1.0,126.0,Influencer,Bronze,816.96
CUST002401,0.4556,6,1792.67,1.0,102.0,,Bronze,816.74
CUST015581,0.4902,5,1666.09,4.0,33.0,Marketplace,Silver,816.72
CUST006420,0.7028,4,1161.24,2.0,38.0,Organic Search,Bronze,816.12
CUST002413,0.5008,5,1629.1200000000001,1.0,32.0,Paid Social,Silver,815.86
CUST003819,0.913,2,893.53,1.0,138.0,Paid Social,Gold,815.79
CUST012494,0.3259,8,2501.79,1.0,76.0,Email Campaign,Bronze,815.33
CUST009973,0.338,7,2410.86,4.0,27.0,Referral,Bronze,814.87
CUST011754,0.1589,10,5125.13,4.0,13.0,,Platinum,814.38
CUST019170,0.3184,8,2557.66,4.0,29.0,Paid Social,Bronze,814.36
CUST900042,0.5583,4,1457.15,1.0,23.0,,Bronze,813.53
CUST017977,0.3054,8,2663.1800000000003,5.0,67.0,Organic Search,Bronze,813.34
CUST016846,0.4704,5,1728.7800000000002,3.0,64.0,Influencer,Bronze,813.22
CUST016513,0.5242,5,1551.21,2.0,142.0,Paid Social,Bronze,813.14
CUST014864,0.4688,5,1733.5400000000002,2.0,221.0,Influencer,Bronze,812.68
CUST001202,0.0824,10,9857.09,10.0,29.0,Organic Search,Silver,812.22
CUST004901,0.091,10,8918.939999999999,12.0,18.0,Referral,Platinum,811.62
CUST014632,0.8495,3,955.36,3.0,49.0,Marketplace,Bronze,811.58
CUST001245,0.8056,3,1007.22,3.0,126.0,Paid Social,Bronze,811.42
CUST008577,0.214,9,3790.1899999999996,6.0,73.0,Organic Search,Bronze,811.1
CUST007652,0.5216,5,1554.65,2.0,60.0,Paid Social,Bronze,810.91
CUST009440,0.1111,10,7297.87,9.0,46.0,,Platinum,810.79
CUST011685,0.2381,9,3404.15,7.0,13.0,Direct,,810.53
CUST012377,0.8987,3,901.49,1.0,125.0,Organic Search,Bronze,810.17
CUST014066,0.9102,2,889.5,1.0,373.0,Influencer,Gold,809.62
CUST006938,0.0372,10,21748.26,20.0,33.0,Referral,Silver,809.04
CUST004353,0.3051,8,2651.01,4.0,45.0,Direct,,808.82
CUST004715,0.8895,3,908.5899999999999,2.0,118.0,Paid Social,Bronze,808.19
CUST014023,0.9823,1,822.49,2.0,207.0,Paid Social,Gold,807.93
CUST014400,0.9597,2,841.6700000000001,2.0,176.0,Paid Social,Bronze,807.75
CUST012322,0.5259,5,1535.46,3.0,208.0,Referral,Silver,807.5
CUST009122,0.8948,3,902.42,1.0,283.0,Referral,Bronze,807.49
CUST012431,0.3947,7,2045.6200000000001,3.0,60.0,Email Campaign,,807.41
CUST006590,0.4724,5,1708.65,1.0,37.0,Organic Search,,807.17
CUST006236,0.9356,2,862.21,1.0,341.0,Direct,Silver,806.68
CUST009257,0.9849,1,818.67,1.0,419.0,Direct,Silver,806.31
CUST018388,0.4035,6,1997.99,2.0,38.0,Paid Social,Bronze,806.19
CUST016689,0.4815,5,1673.61,1.0,24.0,Paid Social,,805.84
CUST003739,0.9903,1,813.62,1.0,392.0,Influencer,Silver,805.73
CUST017072,0.9152,2,880.34,1.0,338.0,Paid Social,Silver,805.69
CUST006688,0.1414,10,5695.51,8.0,71.0,Email Campaign,Bronze,805.35
CUST010442,0.613,4,1313.41,1.0,23.0,,Silver,805.12
CUST004904,0.2398,9,3352.14,7.0,50.0,Paid Social,Bronze,803.84
CUST014285,0.7761,3,1035.0900000000001,2.0,137.0,Referral,Gold,803.33
CUST011329,0.2332,9,3444.73,7.0,110.0,Referral,,803.31
CUST001125,0.7964,3,1008.61,1.0,114.0,Direct,Platinum,803.26
CUST018889,0.2232,9,3597.78,3.0,64.0,Organic Search,Platinum,803.02
CUST006163,0.4177,6,1922.18,4.0,45.0,Organic Search,Bronze,802.89
CUST002431,0.5373,5,1493.7400000000002,3.0,107.0,Marketplace,,802.59
CUST005957,0.3854,7,2082.48,2.0,119.0,Referral,Silver,802.59
CUST018625,0.0949,10,8456.23,11.0,17.0,Influencer,Bronze,802.5
CUST013052,0.2334,9,3437.2599999999998,6.0,4.0,Email Campaign,Bronze,802.26
CUST017393,0.3497,7,2293.44,2.0,49.0,Organic Search,Gold,802.02
CUST009694,0.2774,8,2890.7799999999997,3.0,11.0,Referral,,801.9
CUST017640,0.5392,5,1486.87,1.0,24.0,Marketplace,Bronze,801.72
CUST002101,0.9911,1,808.84,1.0,319.0,Referral,,801.64
CUST006999,0.4095,6,1957.19,3.0,16.0,Direct,Bronze,801.47
CUST012412,0.5111,5,1567.99,2.0,152.0,Paid Social,Silver,801.4
CUST001747,0.4633,6,1729.3799999999999,4.0,121.0,Marketplace,Bronze,801.22
CUST014208,0.1702,10,4706.4,8.0,21.0,Direct,Bronze,801.03
CUST018793,0.3883,7,2062.9,1.0,32.0,Organic Search,Gold,801.02
CUST001050,0.2418,9,3311.92,6.0,52.0,Organic Search,Gold,800.82
CUST015177,0.6967,4,1149.28,1.0,120.0,Referral,Silver,800.7
CUST009073,0.3059,8,2617.02,3.0,84.0,Paid Social,Bronze,800.55
CUST017912,0.2769,8,2889.59,4.0,127.0,Influencer,Platinum,800.13
CUST006773,0.405,6,1974.7,1.0,10.0,Direct,,799.75
CUST010941,0.0522,10,15317.59,11.0,24.0,Referral,Platinum,799.58
CUST009621,0.1876,9,4259.9400000000005,4.0,2.0,Direct,Bronze,799.16
CUST004315,0.9792,1,816.13,1.0,442.0,Paid Social,,799.15
CUST008750,0.6036,4,1323.84,1.0,32.0,Direct,Gold,799.07
CUST009780,0.9789,1,816.26,2.0,355.0,Organic Search,Silver,799.04
CUST009716,0.4941,5,1616.97,2.0,7.0,Referral,Gold,798.94
CUST005383,0.2284,9,3497.82,9.0,27.0,,Silver,798.9
CUST017763,0.4415,6,1808.96,2.0,117.0,Marketplace,Gold,798.66
CUST019136,0.2438,9,3275.25,5.0,11.0,Referral,Bronze,798.51
CUST005595,0.3292,8,2424.53,3.0,201.0,Organic Search,Silver,798.16
CUST008711,0.9019,3,884.94,1.0,192.0,Marketplace,Gold,798.13
CUST008518,0.5067,5,1575.03,3.0,1.0,Marketplace,,798.07
CUST019850,0.0991,10,8051.89,9.0,18.0,Email Campaign,Gold,797.94
CUST012484,0.4598,6,1735.35,2.0,38.0,Influencer,Silver,797.91
CUST012210,0.496,5,1607.3,2.0,152.0,Organic Search,Bronze,797.22
CUST004291,0.2703,8,2948.49,6.0,119.0,,Silver,796.98
CUST014856,0.6908,4,1153.59,1.0,42.0,Paid Social,Bronze,796.9
CUST005157,0.9885,1,806.1199999999999,2.0,415.0,Paid Social,Bronze,796.85
CUST006147,0.3807,7,2092.66,4.0,121.0,Organic Search,Bronze,796.68
CUST016008,0.3189,8,2496.8,4.0,31.0,Email Campaign,Bronze,796.23
CUST011938,0.1135,10,7008.65,9.0,32.0,Influencer,Gold,795.48
CUST000700,0.5634,4,1411.15,3.0,201.0,Paid Social,Bronze,795.04
CUST005183,0.2065,9,3848.12,5.0,37.0,Email Campaign,Silver,794.64
CUST010085,0.1264,10,6284.12,11.0,39.0,Organic Search,Platinum,794.31
CUST018357,0.3805,7,2086.13,3.0,211.0,,Silver,793.77
CUST010979,0.9809,1,809.18,1.0,241.0,Paid Social,Bronze,793.72
CUST006816,0.507,5,1564.4099999999999,3.0,117.0,Paid Social,Platinum,793.16
CUST003202,0.1847,9,4293.74,6.0,140.0,Marketplace,Gold,793.05
CUST012896,0.3108,8,2550.98,5.0,10.0,Email Campaign,Silver,792.84
CUST013377,0.9212,2,860.43,2.0,139.0,Referral,Platinum,792.63
CUST008777,0.3432,7,2308.16,2.0,4.0,Paid Social,Silver,792.16
CUST018817,0.4099,6,1932.37,1.0,69.0,Referral,Bronze,792.08
CUST019282,0.2034,9,3891.56,6.0,12.0,Paid Social,Silver,791.54
CUST011991,0.2628,8,3010.84,8.0,7.0,Marketplace,Silver,791.25
CUST012670,0.1394,10,5675.18,7.0,59.0,Marketplace,Gold,791.12
CUST011726,0.3276,8,2413.87,2.0,39.0,Influencer,Gold,790.78
CUST013316,0.0411,10,19234.93,17.0,14.0,Referral,Platinum,790.56
CUST008598,0.0882,10,8962.25,7.0,22.0,Referral,Bronze,790.47
CUST010811,0.467,6,1692.5900000000001,2.0,53.0,Referral,Bronze,790.44
CUST003526,0.5183,5,1524.81,2.0,39.0,Organic Search,Bronze,790.31
CUST011651,0.1134,10,6968.45,8.0,25.0,Referral,Bronze,790.22
CUST011441,0.1426,10,5541.48,5.0,24.0,Organic Search,Bronze,790.22
CUST009836,0.3394,7,2327.42,2.0,112.0,Organic Search,Bronze,789.93
CUST014063,0.5398,5,1463.03,1.0,37.0,Marketplace,Silver,789.74
CUST003268,0.3022,8,2612.82,1.0,74.0,Marketplace,Bronze,789.59
CUST004326,0.3906,7,2019.85,4.0,35.0,,Bronze,788.95
CUST000545,0.0682,10,11567.73,10.0,2.0,,Gold,788.92
CUST004440,0.4302,6,1833.72,3.0,106.0,Influencer,,788.87
CUST012219,0.4705,5,1673.71,1.0,8.0,Referral,Bronze,787.48
CUST019173,0.0864,10,9109.86,11.0,2.0,Influencer,Gold,787.09
CUST001940,0.4222,6,1864.1000000000001,3.0,116.0,Organic Search,Silver,787.02
CUST011663,0.2081,9,3781.82,8.0,62.0,Paid Social,Gold,787.0
CUST014814,0.9421,2,835.0899999999999,2.0,159.0,Organic Search,Silver,786.74
CUST001272,0.9698,1,810.79,2.0,249.0,Referral,Silver,786.3
CUST002928,0.1896,9,4146.7300000000005,4.0,81.0,Organic Search,Gold,786.22
CUST018539,0.6231,4,1261.15,2.0,84.0,Influencer,Bronze,785.82
CUST010532,0.7276,4,1078.6,2.0,47.0,Direct,Gold,784.79
CUST006264,0.4161,6,1885.2800000000002,3.0,102.0,Influencer,Bronze,784.47
CUST010540,0.8969,3,873.63,1.0,67.0,Influencer,Bronze,783.56
CUST012698,0.3158,8,2480.25,3.0,157.0,Referral,Bronze,783.26
CUST018634,0.4467,6,1752.7,2.0,0.0,Email Campaign,Bronze,782.93
CUST008081,0.2065,9,3789.73,7.0,5.0,Email Campaign,Bronze,782.58
CUST011003,0.5087,5,1538.25,2.0,50.0,Referral,Bronze,782.51
CUST005768,0.635,4,1232.26,1.0,40.0,Organic Search,Bronze,782.49
CUST015188,0.5638,4,1387.69,2.0,50.0,,Bronze,782.38
CUST018669,0.1067,10,7332.2,6.0,66.0,Direct,Gold,782.35
CUST008055,0.1939,9,4033.49,6.0,3.0,Paid Social,Gold,782.09
CUST017088,0.6802,4,1149.22,2.0,127.0,Paid Social,Gold,781.7
CUST013081,0.254,9,3077.4300000000003,6.0,175.0,Organic Search,Platinum,781.67
CUST007272,0.2149,9,3637.22,4.0,3.0,Paid Social,Gold,781.64
CUST007095,0.8773,3,890.6,1.0,86.0,Direct,Platinum,781.32
CUST014340,0.3008,8,2597.32,4.0,170.0,Organic Search,Bronze,781.27
CUST006860,0.5882,4,1328.15,1.0,37.0,Influencer,,781.22
CUST006379,0.9588,2,814.75,1.0,285.0,Direct,Gold,781.18
CUST008683,0.0636,10,12282.78,11.0,29.0,,Platinum,781.18
CUST013189,0.9103,2,856.94,1.0,118.0,Direct,Silver,780.07
CUST015062,0.5384,5,1448.3,2.0,117.0,Organic Search,Silver,779.76
CUST019759,0.2625,8,2965.45,2.0,0.0,Referral,Gold,778.43
CUST009781,0.3752,7,2073.46,3.0,45.0,Paid Social,Bronze,777.96
CUST001256,0.9593,2,809.94,2.0,255.0,Direct,Silver,776.98
CUST009388,0.3064,8,2534.79,2.0,125.0,Organic Search,Bronze,776.66
CUST002468,0.0811,10,9576.11,10.0,0.0,Referral,Bronze,776.62
CUST006732,0.7403,3,1049.0,3.0,133.0,Organic Search,Bronze,776.57
CUST010038,0.4256,6,1824.3700000000001,2.0,101.0,,Bronze,776.45
CUST010156,0.3914,7,1982.24,2.0,59.0,Organic Search,,775.85
CUST001992,0.8157,3,950.48,2.0,272.0,Referral,,775.31
CUST012209,0.6086,4,1273.67,1.0,270.0,Organic Search,,775.16
CUST005233,0.9741,1,795.21,1.0,339.0,Organic Search,Bronze,774.61
CUST001982,0.1757,9,4408.47,5.0,9.0,Organic Search,Bronze,774.57
CUST010069,0.8139,3,951.09,1.0,70.0,Organic Search,Bronze,774.09
CUST000359,0.3986,6,1941.76,5.0,61.0,Marketplace,Bronze,773.99
CUST001220,0.4165,6,1858.25,6.0,38.0,Paid Social,,773.96
CUST011082,0.1445,10,5355.76,10.0,24.0,Organic Search,Gold,773.91
CUST012459,0.2364,9,3272.7799999999997,7.0,104.0,Referral,Bronze,773.69
CUST011492,0.1922,9,4023.9399999999996,4.0,45.0,,Gold,773.4
CUST004420,0.4732,5,1634.3799999999999,4.0,27.0,Referral,Silver,773.39
CUST009998,0.3984,6,1940.76,1.0,17.0,Organic Search,Bronze,773.2
CUST004936,0.5464,5,1414.66,1.0,88.0,Direct,Bronze,772.97
CUST008463,0.9653,1,800.74,1.0,309.0,Paid Social,,772.95
CUST001412,0.4347,6,1776.3899999999999,3.0,13.0,Influencer,Bronze,772.2
CUST002641,0.408,6,1891.79,3.0,50.0,Email Campaign,Silver,771.85
CUST013013,0.6494,4,1188.43,3.0,109.0,Organic Search,Bronze,771.77
CUST015570,0.2948,8,2616.9300000000003,3.0,99.0,Referral,,771.47
CUST007911,0.3296,8,2340.46,3.0,3.0,Referral,Silver,771.42
CUST000531,0.9067,3,850.47,2.0,187.0,Direct,,771.12
CUST010359,0.984,1,783.43,1.0,277.0,Paid Social,Bronze,770.9
CUST016477,0.1305,10,5906.1,7.0,34.0,Email Campaign,Platinum,770.75
CUST014841,0.8896,3,866.31,1.0,100.0,Email Campaign,Silver,770.67
CUST017824,0.8951,3,860.88,3.0,108.0,Organic Search,Bronze,770.57
CUST016593,0.3688,7,2087.52,4.0,213.0,Organic Search,Platinum,769.88
CUST004514,0.8397,3,916.29,3.0,231.0,Paid Social,,769.41
CUST003344,0.9834,1,782.29,1.0,443.0,Organic Search,Gold,769.3
CUST003429,0.3117,8,2467.87,3.0,90.0,Referral,Bronze,769.24
CUST004979,0.4336,6,1774.0,4.0,42.0,Paid Social,Bronze,769.21
CUST014787,0.2663,8,2888.4300000000003,3.0,101.0,Direct,Bronze,769.19
CUST003865,0.9539,2,806.29,1.0,165.0,Referral,Silver,769.12
CUST001284,0.5466,5,1406.91,1.0,12.0,Referral,Silver,769.02
CUST007368,0.6633,4,1158.9299999999998,2.0,270.0,Organic Search,Bronze,768.72
CUST002737,0.2816,8,2729.55,2.0,5.0,,Bronze,768.64
CUST003226,0.2555,9,3008.22,2.0,7.0,Referral,Bronze,768.6
CUST005088,0.4015,6,1913.94,2.0,106.0,Referral,Gold,768.45
CUST000866,0.5443,5,1411.79,1.0,123.0,Organic Search,Bronze,768.44
CUST017111,0.5532,5,1388.51,1.0,187.0,Marketplace,Bronze,768.12
CUST005001,0.227,9,3382.67,7.0,47.0,Referral,Bronze,767.87
CUST001394,0.8901,3,862.1399999999999,3.0,79.0,Paid Social,Bronze,767.39
CUST005653,0.0794,10,9663.93,9.0,19.0,Referral,,767.32
CUST014863,0.229,9,3345.02,3.0,18.0,Email Campaign,Gold,766.01
CUST017432,0.0374,10,20478.83,14.0,24.0,Referral,Silver,765.91
CUST016280,0.8255,3,927.78,3.0,111.0,Email Campaign,Bronze,765.88
CUST017981,0.6129,4,1249.49,1.0,15.0,Organic Search,,765.81
CUST002900,0.4855,5,1577.3500000000001,3.0,11.0,,Bronze,765.8
CUST011481,0.5068,5,1511.03,3.0,193.0,Paid Social,Silver,765.79
CUST009579,0.4989,5,1533.21,1.0,3.0,Direct,Bronze,764.92
CUST004981,0.0571,10,13393.86,16.0,24.0,Email Campaign,Platinum,764.79
CUST002058,0.4929,5,1551.54,2.0,23.0,Influencer,Platinum,764.75
CUST018489,0.3629,7,2106.32,1.0,118.0,Organic Search,Gold,764.38
CUST006578,0.4485,6,1702.2600000000002,3.0,122.0,Influencer,Silver,763.46
CUST009235,0.0547,10,13950.01,10.0,24.0,Influencer,Platinum,763.07
CUST016265,0.4096,6,1862.71,2.0,69.0,Marketplace,Bronze,762.97
CUST005238,0.1302,10,5857.45,7.0,9.0,Referral,Gold,762.64
CUST005480,0.3195,8,2385.84,2.0,10.0,Influencer,,762.28
CUST016357,0.784,3,972.1,3.0,32.0,Paid Social,Bronze,762.13
CUST010787,0.1365,10,5580.110000000001,5.0,2.0,Organic Search,,761.69
CUST014551,0.6322,4,1204.5,2.0,31.0,Direct,Silver,761.48
CUST013524,0.1155,10,6592.4,8.0,28.0,Organic Search,Bronze,761.42
CUST011246,0.578,4,1316.99,2.0,126.0,,Silver,761.22
CUST003172,0.7034,4,1081.9,2.0,37.0,Direct,Bronze,761.01
CUST007677,0.3414,7,2228.94,5.0,12.0,Referral,,760.96
CUST016287,0.0766,10,9930.24,12.0,16.0,Referral,Bronze,760.66
CUST011168,0.3275,8,2321.9,4.0,6.0,Email Campaign,Silver,760.42
CUST002017,0.9723,1,781.81,1.0,219.0,Referral,Silver,760.15
CUST009071,0.7389,3,1028.75,3.0,112.0,Influencer,Gold,760.14
CUST017470,0.4199,6,1809.73,4.0,48.0,Organic Search,Bronze,759.91
CUST005419,0.2666,8,2850.15,7.0,122.0,,Bronze,759.85
CUST018684,0.2328,9,3261.98,4.0,25.0,Referral,Gold,759.39
CUST004271,0.8041,3,944.02,3.0,264.0,,Bronze,759.09
CUST014392,0.346,7,2193.7799999999997,2.0,11.0,Marketplace,,759.05
CUST006038,0.8908,3,851.6999999999999,1.0,137.0,Influencer,Silver,758.69
CUST000729,0.3679,7,2062.1800000000003,5.0,12.0,Direct,Bronze,758.68
CUST018722,0.5357,5,1416.2199999999998,2.0,38.0,,Bronze,758.67
CUST003025,0.4166,6,1819.69,2.0,63.0,Direct,Bronze,758.08
CUST004041,0.9119,2,831.12,3.0,125.0,Referral,Silver,757.9
CUST017334,0.5505,5,1376.61,1.0,46.0,,,757.82
CUST010134,0.3883,7,1951.38,2.0,66.0,,Gold,757.72
CUST016587,0.5748,4,1318.0,2.0,208.0,Paid Social,Gold,757.59
CUST012058,0.9471,2,799.81,2.0,232.0,Marketplace,Silver,757.5
CUST015683,0.6402,4,1183.13,3.0,62.0,Paid Social,Bronze,757.44
CUST008769,0.9206,2,822.22,1.0,115.0,Organic Search,Gold,756.94
CUST018065,0.2801,8,2701.62,9.0,16.0,Referral,Gold,756.72
CUST016950,0.221,9,3423.57,3.0,24.0,Paid Social,Gold,756.61
CUST012404,0.0798,10,9479.98,12.0,7.0,Organic Search,Platinum,756.5
CUST003296,0.1192,10,6346.26,7.0,28.0,Referral,Gold,756.47
CUST018679,0.9068,2,834.03,1.0,364.0,Organic Search,Bronze,756.3
CUST001641,0.3568,7,2118.73,2.0,3.0,Paid Social,Silver,755.96
CUST008813,0.3264,8,2315.32,2.0,97.0,Email Campaign,Bronze,755.72
CUST004182,0.2901,8,2603.95,2.0,129.0,Organic Search,Silver,755.41
CUST008712,0.407,6,1854.03,3.0,31.0,Referral,Platinum,754.59
CUST019655,0.0435,10,17336.260000000002,14.0,38.0,Referral,Silver,754.13
CUST004411,0.0338,10,22310.56,14.0,0.0,Referral,Silver,754.1
CUST000867,0.9724,1,775.49,2.0,263.0,Marketplace,Silver,754.09
CUST012820,0.5326,5,1415.7,1.0,151.0,Marketplace,Bronze,754.0
CUST008032,0.4198,6,1795.63,1.0,131.0,Paid Social,Gold,753.81
CUST014935,0.456,6,1651.65,2.0,36.0,Paid Social,Bronze,753.15
CUST019327,0.5029,5,1496.97,5.0,135.0,Marketplace,Platinum,752.83
CUST014575,0.497,5,1514.6799999999998,3.0,29.0,Referral,Bronze,752.8
CUST006146,0.2997,8,2507.05,3.0,122.0,Referral,Bronze,751.36
CUST003384,0.4174,6,1799.6999999999998,2.0,0.0,Paid Social,Bronze,751.19
CUST012504,0.4207,6,1784.88,3.0,28.0,,Gold,750.9
CUST014156,0.9298,2,807.39,1.0,203.0,Influencer,Gold,750.71
CUST004105,0.3257,8,2304.48,3.0,59.0,Direct,Silver,750.57
CUST014241,0.5363,5,1399.49,2.0,48.0,Influencer,Bronze,750.55
CUST014994,0.245,9,3063.19,2.0,81.0,,Bronze,750.48
CUST004764,0.588,4,1275.74,2.0,91.0,,Bronze,750.14
CUST000816,0.979,1,766.15,1.0,402.0,Organic Search,Bronze,750.06
CUST017774,0.6886,4,1089.0700000000002,2.0,38.0,Referral,Bronze,749.93
CUST019799,0.1686,10,4447.91,7.0,56.0,Paid Social,Gold,749.92
CUST012294,0.9464,2,792.35,1.0,95.0,Paid Social,Silver,749.88
CUST015492,0.4044,6,1854.0,4.0,198.0,Paid Social,Silver,749.76
CUST015039,0.1987,9,3771.21,3.0,17.0,Paid Social,Gold,749.34
CUST008901,0.8911,3,839.98,1.0,106.0,Influencer,Gold,748.51
CUST007152,0.9101,2,821.94,1.0,356.0,Paid Social,Silver,748.05
CUST016426,0.534,5,1400.6399999999999,2.0,23.0,Paid Social,Bronze,747.94
CUST005103,0.523,5,1430.03,2.0,42.0,Paid Social,Silver,747.91
CUST015684,0.0876,10,8537.41,11.0,36.0,Organic Search,,747.88
CUST007776,0.6164,4,1213.2,1.0,25.0,Email Campaign,Bronze,747.82
CUST011917,0.1089,10,6866.63,12.0,9.0,Organic Search,Gold,747.78
CUST013667,0.0805,10,9282.68,10.0,43.0,Direct,Platinum,747.26
CUST004312,0.1915,9,3901.11,7.0,7.0,Marketplace,Silver,747.06
CUST013900,0.5411,5,1380.3,1.0,251.0,Marketplace,Silver,746.88
CUST000051,0.9734,1,766.73,3.0,221.0,Marketplace,Bronze,746.33
CUST002332,0.338,7,2207.65,3.0,168.0,Organic Search,Bronze,746.19
CUST011741,0.4835,5,1543.07,1.0,297.0,Email Campaign,Bronze,746.07
CUST018872,0.3638,7,2049.99,3.0,247.0,,Bronze,745.79
CUST003574,0.4824,5,1544.88,1.0,109.0,,Bronze,745.25
CUST014486,0.4296,6,1734.64,1.0,122.0,Influencer,Silver,745.2
CUST013849,0.3061,8,2434.0,3.0,6.0,,Gold,745.05
CUST002962,0.9908,1,751.78,2.0,374.0,Paid Social,,744.86
CUST012477,0.2434,9,3060.09,3.0,2.0,Direct,Silver,744.83
CUST019279,0.5591,4,1331.94,2.0,101.0,,Silver,744.69
CUST006226,0.5937,4,1253.81,3.0,227.0,Direct,Gold,744.39
CUST015429,0.3708,7,2006.98,7.0,44.0,Referral,Silver,744.19
CUST010267,0.169,10,4401.91,7.0,62.0,Direct,Platinum,743.92
CUST005471,0.7134,4,1042.74,1.0,126.0,Organic Search,Platinum,743.89
CUST015721,0.4173,6,1781.31,3.0,82.0,Paid Social,Gold,743.34
CUST013432,0.2956,8,2511.9300000000003,3.0,2.0,Marketplace,Bronze,742.53
CUST019346,0.9567,2,776.13,2.0,345.0,Organic Search,Bronze,742.52
CUST012648,0.1132,10,6558.79,9.0,28.0,,,742.46
CUST010933,0.9904,1,749.5,1.0,432.0,Paid Social,Platinum,742.3
CUST001401,0.3425,7,2167.27,3.0,16.0,Organic Search,Silver,742.29
CUST012120,0.3225,8,2301.0,2.0,156.0,Organic Search,Bronze,742.07
CUST003960,0.2737,8,2709.48,4.0,100.0,Direct,Bronze,741.58
CUST010396,0.2638,8,2810.96,4.0,130.0,Referral,Bronze,741.53
CUST009957,0.9246,2,801.59,2.0,136.0,Paid Social,,741.15
CUST013612,0.5556,4,1333.33,1.0,185.0,Organic Search,Gold,740.8
CUST009361,0.1122,10,6601.13,10.0,27.0,Direct,Platinum,740.65
CUST000355,0.4766,5,1553.85,1.0,3.0,,Bronze,740.56
CUST015126,0.9397,2,787.86,1.0,361.0,Paid Social,Bronze,740.35
CUST006605,0.5711,4,1296.16,2.0,53.0,,Platinum,740.24
CUST001248,0.6321,4,1170.51,2.0,43.0,Paid Social,Gold,739.88
CUST011088,0.7208,4,1026.46,1.0,445.0,Email Campaign,Silver,739.87
CUST006326,0.0784,10,9435.52,9.0,73.0,Organic Search,,739.74
CUST008197,0.5266,5,1404.1599999999999,2.0,127.0,Direct,Bronze,739.43
CUST004359,0.1646,10,4492.2,7.0,29.0,Direct,Bronze,739.42
CUST015967,0.9739,1,759.14,2.0,190.0,Influencer,Silver,739.33
CUST007104,0.1078,10,6858.139999999999,9.0,58.0,,Silver,739.31
CUST012336,0.9946,1,743.16,1.0,224.0,Influencer,Platinum,739.15
CUST019368,0.3576,7,2066.21,2.0,26.0,Direct,Platinum,738.88
CUST014521,0.0313,10,23605.69,19.0,27.0,Influencer,Platinum,738.86
CUST012837,0.6437,4,1147.65,1.0,94.0,Paid Social,,738.74
CUST015843,0.0364,10,20292.55,16.0,38.0,Direct,Platinum,738.65
CUST010488,0.5465,5,1351.44,1.0,277.0,Email Campaign,Silver,738.56
CUST008613,0.3995,6,1847.0,3.0,20.0,Organic Search,Silver,737.88
CUST003473,0.4106,6,1797.01,1.0,115.0,Email Campaign,Bronze,737.85
CUST005531,0.2264,9,3258.38,4.0,0.0,,Bronze,737.7
CUST005424,0.9321,2,790.83,2.0,144.0,Marketplace,Bronze,737.13
CUST007435,0.1388,10,5305.37,5.0,65.0,Email Campaign,Platinum,736.39
CUST002432,0.773,3,952.6099999999999,2.0,278.0,,Bronze,736.37
CUST018808,0.3299,8,2231.93,2.0,32.0,Email Campaign,Gold,736.31
CUST016657,0.4264,6,1725.6799999999998,3.0,6.0,,Bronze,735.83
CUST010335,0.5923,4,1241.72,1.0,11.0,Paid Social,Bronze,735.47
CUST007731,0.1449,10,5074.99,7.0,3.0,,Bronze,735.37
CUST006441,0.5615,4,1309.27,1.0,245.0,,Bronze,735.16
CUST007075,0.4235,6,1735.65,1.0,9.0,Paid Social,Bronze,735.05
CUST009253,0.4191,6,1752.57,2.0,85.0,Referral,Bronze,734.5
CUST004728,0.4321,6,1699.76,3.0,16.0,Paid Social,Bronze,734.47
CUST006255,0.8748,3,839.4200000000001,3.0,186.0,Paid Social,Bronze,734.32
CUST006507,0.2133,9,3442.63,5.0,4.0,Paid Social,Silver,734.31
CUST017059,0.8485,3,865.1800000000001,2.0,248.0,Influencer,Gold,734.11
CUST014601,0.3195,8,2297.26,6.0,8.0,Direct,,733.97
CUST005390,0.1862,9,3941.02,5.0,5.0,Marketplace,Platinum,733.82
CUST017357,0.9822,1,746.81,1.0,261.0,Direct,Silver,733.52
CUST019778,0.0489,10,14999.64,15.0,24.0,Organic Search,Silver,733.48
CUST010037,0.6473,4,1132.89,2.0,107.0,Direct,,733.32
CUST009462,0.5984,4,1225.3,2.0,132.0,Influencer,Silver,733.22
CUST017296,0.3497,7,2096.17,4.0,28.0,Direct,Bronze,733.03
CUST002781,0.4401,6,1665.4099999999999,2.0,88.0,Email Campaign,Bronze,732.95
CUST011427,0.3802,7,1926.89,2.0,19.0,Organic Search,Bronze,732.6
CUST018847,0.7851,3,932.96,1.0,36.0,Influencer,Bronze,732.47
CUST019946,0.6689,4,1094.82,1.0,86.0,Organic Search,Silver,732.33
CUST000349,0.1129,10,6485.74,10.0,16.0,,Gold,732.24
CUST013036,0.5681,4,1288.32,1.0,38.0,Paid Social,Gold,731.89
CUST000406,0.3309,8,2210.92,8.0,25.0,Organic Search,Bronze,731.59
CUST017305,0.1382,10,5291.89,8.0,46.0,Organic Search,Bronze,731.34
CUST007206,0.2638,8,2771.96,5.0,36.0,Referral,Bronze,731.24
CUST001904,0.2717,8,2690.4300000000003,2.0,125.0,Paid Social,,730.99
CUST010130,0.463,6,1578.67,4.0,51.0,Direct,Bronze,730.92
CUST010694,0.6561,4,1113.92,1.0,108.0,Email Campaign,Bronze,730.84
CUST000728,0.685,4,1065.99,3.0,192.0,Paid Social,Bronze,730.2
CUST008407,0.4532,6,1610.54,3.0,13.0,,Silver,729.9
CUST014257,0.3949,7,1847.61,5.0,11.0,Organic Search,Bronze,729.62
CUST005071,0.6722,4,1084.99,4.0,56.0,Organic Search,Bronze,729.33
CUST015475,0.3017,8,2417.02,2.0,21.0,Organic Search,Bronze,729.21
CUST016048,0.9631,1,757.15,2.0,213.0,Paid Social,Gold,729.21
CUST010871,0.9921,1,735.0,1.0,344.0,Paid Social,Bronze,729.19
CUST900145,0.6601,4,1104.63,1.0,49.0,Paid Social,Silver,729.17
CUST004010,0.0417,10,17470.78,10.0,73.0,Direct,Platinum,728.53
CUST002053,0.0815,10,8931.62,14.0,73.0,Referral,Bronze,727.93
CUST002960,0.3907,7,1862.89,1.0,79.0,Organic Search,Platinum,727.83
CUST018280,0.3335,7,2180.95,3.0,132.0,Organic Search,Bronze,727.35
CUST014809,0.2944,8,2469.71,7.0,49.0,,Bronze,727.08
CUST012635,0.2827,8,2569.94,6.0,12.0,Referral,Gold,726.52
CUST011553,0.273,8,2661.1299999999997,3.0,86.0,Paid Social,Platinum,726.49
CUST003811,0.3261,8,2227.6499999999996,6.0,120.0,Organic Search,Bronze,726.44
CUST010321,0.2255,9,3216.57,4.0,8.0,Influencer,Platinum,725.34
CUST014708,0.3765,7,1925.48,3.0,24.0,Marketplace,Silver,724.94
CUST012653,0.2241,9,3233.3599999999997,4.0,10.0,Direct,Silver,724.6
CUST007315,0.173,9,4186.15,5.0,34.0,Direct,Silver,724.2
CUST008246,0.7437,3,973.4000000000001,2.0,115.0,Organic Search,,723.92
CUST017298,0.0521,10,13883.11,18.0,22.0,Email Campaign,Bronze,723.31
CUST018199,0.0637,10,11351.61,12.0,48.0,Direct,Gold,723.1
CUST002537,0.9927,1,728.21,1.0,302.0,Email Campaign,Bronze,722.89
CUST016214,0.1076,10,6715.74,8.0,12.0,Email Campaign,Platinum,722.61
CUST017120,0.982,1,735.72,1.0,295.0,,Bronze,722.48
CUST009282,0.4704,5,1535.3899999999999,3.0,117.0,Organic Search,Bronze,722.25
CUST010860,0.0811,10,8903.0,8.0,24.0,Direct,Silver,722.03
CUST007761,0.926,2,779.5,1.0,144.0,Organic Search,Bronze,721.82
CUST011102,0.353,7,2044.07,4.0,13.0,Organic Search,Bronze,721.56
CUST014408,0.4184,6,1723.59,1.0,114.0,Organic Search,,721.15
CUST017171,0.2561,9,2814.42,5.0,3.0,Marketplace,,720.77
CUST001139,0.3561,7,2022.8,3.0,141.0,Direct,Platinum,720.32
CUST007250,0.9455,2,761.63,1.0,180.0,Organic Search,Bronze,720.12
CUST019543,0.4155,6,1732.1100000000001,2.0,63.0,,Silver,719.69
CUST017452,0.1278,10,5631.07,7.0,63.0,Organic Search,Silver,719.65
CUST017746,0.4269,6,1685.17,3.0,67.0,Email Campaign,Bronze,719.4
CUST008481,0.3715,7,1935.83,5.0,101.0,Organic Search,Bronze,719.16
CUST010157,0.9804,1,733.37,3.0,229.0,,Bronze,719.0
CUST006282,0.9594,2,749.29,1.0,332.0,Organic Search,Bronze,718.87
CUST015627,0.92,2,780.79,1.0,115.0,Marketplace,Silver,718.33
CUST018850,0.7825,3,917.52,1.0,53.0,Paid Social,Bronze,717.96
CUST000624,0.4923,5,1456.8600000000001,3.0,13.0,Organic Search,Silver,717.21
CUST009650,0.3073,8,2333.9,3.0,61.0,Organic Search,Bronze,717.21
CUST008213,0.454,6,1579.6999999999998,2.0,162.0,Influencer,Bronze,717.18
CUST013822,0.9535,2,752.04,2.0,311.0,Paid Social,Bronze,717.07
CUST015982,0.1941,9,3692.09,4.0,13.0,Direct,Bronze,716.63
CUST009052,0.5414,5,1323.33,1.0,30.0,,Silver,716.45
CUST002105,0.4658,6,1537.53,3.0,51.0,Influencer,Bronze,716.18
CUST019606,0.2758,8,2596.08,5.0,108.0,Referral,Bronze,716.0
CUST009763,0.1008,10,7100.65,9.0,108.0,Organic Search,Gold,715.75
CUST005727,0.3915,7,1824.1100000000001,3.0,67.0,Organic Search,Silver,714.14
CUST002933,0.8812,3,809.99,2.0,99.0,Email Campaign,Silver,713.76
CUST002163,0.0733,10,9736.43,10.0,2.0,Direct,Bronze,713.68
CUST002994,0.7866,3,906.8299999999999,2.0,50.0,Paid Social,Bronze,713.31
CUST002541,0.3175,8,2245.63,2.0,10.0,Direct,,712.99
CUST012351,0.968,1,736.53,2.0,203.0,Paid Social,Bronze,712.96
CUST012440,0.4078,6,1746.6699999999998,2.0,10.0,Marketplace,Bronze,712.29
CUST011514,0.9764,1,729.05,1.0,206.0,Organic Search,Bronze,711.84
CUST011805,0.9887,1,719.74,2.0,331.0,Direct,,711.61
CUST006784,0.3303,8,2153.94,3.0,128.0,,Platinum,711.45
CUST006367,0.0154,10,46195.71,15.0,7.0,Direct,Platinum,711.41
CUST015477,0.2917,8,2438.84,5.0,40.0,Organic Search,Bronze,711.41
CUST002062,0.8198,3,867.5,1.0,56.0,Paid Social,Bronze,711.18
CUST002704,0.4154,6,1711.8,1.0,100.0,Organic Search,Silver,711.08
CUST003425,0.3736,7,1903.26,1.0,110.0,Paid Social,Silver,711.06
CUST002457,0.7384,3,962.8199999999999,2.0,193.0,Direct,Silver,710.95
CUST004820,0.9555,2,743.76,2.0,127.0,Referral,Gold,710.66
CUST008806,0.2442,9,2909.91,4.0,34.0,Organic Search,Bronze,710.6
CUST013044,0.458,6,1551.28,1.0,207.0,Influencer,Silver,710.49
CUST008464,0.2584,8,2749.1800000000003,4.0,120.0,Organic Search,Gold,710.39
CUST015504,0.4019,6,1765.58,5.0,193.0,Influencer,Silver,709.59
CUST002024,0.2179,9,3256.3900000000003,11.0,37.0,Direct,,709.57
CUST014283,0.658,4,1078.28,1.0,82.0,Marketplace,Silver,709.51
CUST005429,0.2909,8,2438.9,5.0,23.0,Organic Search,Silver,709.48
CUST016058,0.5197,5,1364.63,4.0,194.0,Organic Search,Bronze,709.2
CUST015360,0.9888,1,716.74,1.0,437.0,Direct,Gold,708.71
CUST016387,0.4461,6,1588.55,1.0,3.0,Paid Social,Bronze,708.65
CUST000741,0.9131,2,776.09,3.0,163.0,Organic Search,Silver,708.65
CUST018166,0.3769,7,1878.75,2.0,29.0,Organic Search,Bronze,708.1
CUST016695,0.2034,9,3480.66,6.0,4.0,Organic Search,Silver,707.97
CUST013175,0.0366,10,19342.35,15.0,0.0,Referral,Bronze,707.93
CUST018571,0.0538,10,13155.77,17.0,43.0,Email Campaign,Platinum,707.78
CUST002764,0.8872,3,797.71,2.0,111.0,Influencer,,707.73
CUST003222,0.1181,10,5991.57,7.0,6.0,Email Campaign,Bronze,707.6
CUST016864,0.9749,1,725.78,1.0,345.0,Paid Social,Gold,707.56
CUST009858,0.3543,7,1996.93,2.0,4.0,Influencer,,707.51
CUST017036,0.2126,9,3327.2,6.0,102.0,Direct,Bronze,707.36
CUST002238,0.1617,10,4371.43,5.0,17.0,Influencer,Gold,706.86
CUST005684,0.6382,4,1107.27,3.0,47.0,Influencer,Platinum,706.66
CUST014389,0.5579,4,1266.3500000000001,2.0,98.0,Paid Social,Silver,706.5
CUST006300,0.2438,9,2896.3,5.0,131.0,Direct,Silver,706.12
CUST009827,0.4876,5,1446.0900000000001,2.0,122.0,Influencer,Bronze,705.11
CUST009806,0.3633,7,1938.93,1.0,16.0,Email Campaign,Bronze,704.41
CUST001724,0.9554,2,736.96,1.0,262.0,Direct,Bronze,704.09
CUST016346,0.1151,10,6117.0,8.0,74.0,Email Campaign,Bronze,704.07
CUST011556,0.3189,8,2207.74,2.0,98.0,Direct,Gold,704.05
CUST017306,0.3469,7,2029.4,6.0,46.0,Email Campaign,Silver,704.0
CUST016966,0.97,1,725.6199999999999,2.0,207.0,Influencer,Silver,703.85
CUST008584,0.2112,9,3332.37,4.0,4.0,Direct,Platinum,703.8
CUST016575,0.2411,9,2916.42,5.0,4.0,Paid Social,Silver,703.15
CUST004900,0.4566,6,1539.6,2.0,178.0,Email Campaign,Bronze,702.98
CUST007427,0.5039,5,1394.47,1.0,193.0,Influencer,Bronze,702.67
CUST009105,0.662,4,1060.97,2.0,71.0,Influencer,Bronze,702.36
CUST018914,0.8147,3,862.11,1.0,79.0,,Silver,702.36
CUST008473,0.3948,7,1778.49,4.0,66.0,Email Campaign,Platinum,702.15
CUST012574,0.6318,4,1110.93,1.0,70.0,Paid Social,Gold,701.89
CUST010475,0.549,5,1278.38,2.0,126.0,Organic Search,,701.83
CUST000848,0.5129,5,1367.6999999999998,2.0,0.0,Paid Social,Bronze,701.49
CUST010655,0.1726,9,4063.48,9.0,23.0,Referral,Gold,701.36
CUST018123,0.4492,6,1561.29,1.0,9.0,Organic Search,Silver,701.33
CUST018414,0.386,7,1816.8200000000002,2.0,151.0,Direct,Bronze,701.29
CUST013661,0.6551,4,1070.18,1.0,299.0,,Bronze,701.07
CUST011669,0.3553,7,1972.4499999999998,2.0,41.0,Organic Search,Platinum,700.81
CUST003968,0.4483,6,1562.4,4.0,99.0,,Silver,700.42
CUST010443,0.4047,6,1730.65,4.0,117.0,Organic Search,Bronze,700.39
CUST013287,0.443,6,1579.89,1.0,17.0,Influencer,Silver,699.89
CUST016081,0.3468,7,2018.1,3.0,122.0,Referral,Gold,699.88
CUST017429,0.9809,1,713.43,1.0,384.0,Email Campaign,Bronze,699.8
CUST016004,0.8109,3,861.8399999999999,4.0,40.0,Paid Social,Bronze,698.87
CUST004563,0.9877,1,707.5,1.0,454.0,Referral,Silver,698.8
CUST008181,0.6658,4,1049.41,1.0,279.0,,Silver,698.7
CUST019012,0.1961,9,3562.8900000000003,6.0,4.0,Paid Social,Bronze,698.68
CUST002393,0.2499,9,2793.08,3.0,64.0,Email Campaign,Bronze,697.99
CUST008693,0.8316,3,839.22,3.0,113.0,Organic Search,Bronze,697.9
CUST003612,0.4415,6,1580.55,3.0,72.0,Email Campaign,Silver,697.81
CUST004207,0.3803,7,1834.79,3.0,26.0,Paid Social,Bronze,697.77
CUST014266,0.2246,9,3106.0299999999997,5.0,1.0,Email Campaign,Bronze,697.61
CUST019583,0.0602,10,11579.93,15.0,57.0,Direct,,697.11
CUST014006,0.0765,10,9107.75,8.0,8.0,Email Campaign,Silver,696.74
CUST012496,0.3225,8,2160.15,5.0,42.0,Referral,,696.65
CUST013376,0.8816,3,790.0,3.0,90.0,Organic Search,Silver,696.46
CUST019636,0.3163,8,2201.83,2.0,8.0,Direct,Bronze,696.44
CUST006837,0.7227,4,963.41,1.0,137.0,Referral,Gold,696.26
CUST007843,0.5154,5,1349.67,1.0,174.0,Marketplace,Bronze,695.62
CUST019320,0.9917,1,701.44,1.0,395.0,Influencer,Bronze,695.62
CUST013477,0.8954,3,776.54,2.0,121.0,Marketplace,Gold,695.31
CUST014458,0.9849,1,705.38,1.0,431.0,Paid Social,Bronze,694.73
CUST016555,0.9433,2,736.11,1.0,157.0,Marketplace,Bronze,694.37
CUST001002,0.5604,4,1238.96,2.0,324.0,,Gold,694.31
CUST001031,0.0291,10,23854.06,12.0,26.0,,Gold,694.15
CUST011771,0.8029,3,864.5,1.0,108.0,,,694.11
CUST018745,0.9422,2,736.22,2.0,404.0,Influencer,Bronze,693.67
CUST002809,0.9457,2,733.32,1.0,140.0,Marketplace,,693.5
CUST013985,0.3547,7,1952.97,2.0,27.0,Referral,Bronze,692.72
CUST004903,0.5509,5,1256.65,1.0,432.0,Organic Search,Bronze,692.29
CUST007409,0.0333,10,20778.52,23.0,18.0,Organic Search,Platinum,691.92
CUST007846,0.3456,7,2002.07,5.0,36.0,,Bronze,691.92
CUST012232,0.4329,6,1598.1100000000001,2.0,37.0,Organic Search,Platinum,691.82
CUST008093,0.1386,10,4989.969999999999,10.0,17.0,Paid Social,,691.61
CUST018009,0.9734,1,710.0,1.0,401.0,Direct,Bronze,691.11
CUST008073,0.4739,5,1457.59,1.0,14.0,Organic Search,Bronze,690.75
CUST007950,0.8608,3,802.22,2.0,132.0,Paid Social,Bronze,690.55
CUST008826,0.9689,1,712.23,1.0,293.0,Paid Social,,690.08
CUST018910,0.4048,6,1704.44,1.0,84.0,Marketplace,Silver,689.96
CUST004919,0.1559,10,4425.43,6.0,88.0,Paid Social,Bronze,689.92
CUST007924,0.37,7,1864.02,2.0,114.0,Organic Search,Bronze,689.69
CUST016715,0.2694,8,2559.59,3.0,45.0,,Silver,689.55
CUST011144,0.4444,6,1551.45,5.0,34.0,Influencer,Silver,689.46
CUST017858,0.5513,5,1250.13,2.0,53.0,Paid Social,Bronze,689.2
CUST003536,0.5849,4,1177.2,2.0,93.0,Paid Social,Bronze,688.54
CUST004518,0.5021,5,1370.3,1.0,39.0,Marketplace,Bronze,688.03
CUST000335,0.591,4,1162.52,2.0,184.0,,Gold,687.05
CUST014650,0.4273,6,1607.36,2.0,0.0,Organic Search,Silver,686.82
CUST018875,0.3861,7,1777.2400000000002,2.0,136.0,Marketplace,Gold,686.19
CUST006968,0.1769,9,3878.21,7.0,6.0,Direct,Bronze,686.06
CUST019869,0.085,10,8071.09,10.0,37.0,Email Campaign,Platinum,686.04
CUST019040,0.4019,6,1706.23,2.0,43.0,Paid Social,Silver,685.73
CUST011606,0.1894,9,3617.62,7.0,0.0,Organic Search,Bronze,685.18
CUST003559,0.2976,8,2301.86,1.0,2.0,Organic Search,Silver,685.03
CUST006672,0.9167,2,746.98,1.0,172.0,Marketplace,,684.76
CUST000491,0.9016,3,759.44,1.0,69.0,Marketplace,Bronze,684.71
CUST009333,0.8974,3,762.9000000000001,2.0,116.0,Influencer,Bronze,684.63
CUST011946,0.4252,6,1609.92,2.0,6.0,Paid Social,Gold,684.54
CUST000388,0.6242,4,1096.51,2.0,98.0,Paid Social,Bronze,684.44
CUST010926,0.1789,9,3825.38,7.0,23.0,Organic Search,Bronze,684.36
CUST001388,0.1042,10,6564.61,9.0,75.0,Direct,Silver,684.03
CUST014902,0.8987,3,760.94,2.0,99.0,,Bronze,683.86
CUST010961,0.0531,10,12875.93,15.0,40.0,Referral,Silver,683.71
CUST013355,0.7145,4,956.81,1.0,403.0,,Gold,683.64
CUST019751,0.916,2,746.21,1.0,112.0,Referral,,683.53
CUST002717,0.927,2,736.78,1.0,158.0,Paid Social,Bronze,683.0
CUST013865,0.5431,5,1257.24,2.0,38.0,Direct,Bronze,682.81
CUST004658,0.1747,9,3907.74,5.0,35.0,,Bronze,682.68
CUST018821,0.2928,8,2331.48,2.0,32.0,Organic Search,Gold,682.66
CUST008174,0.1486,10,4589.22,5.0,8.0,Email Campaign,Bronze,681.96
CUST017657,0.3737,7,1824.52,2.0,95.0,Email Campaign,Gold,681.82
CUST016286,0.1569,10,4345.24,6.0,0.0,Organic Search,Bronze,681.77
CUST003233,0.2571,9,2651.6800000000003,5.0,4.0,Influencer,Bronze,681.75
CUST017560,0.9735,1,700.11,2.0,195.0,Paid Social,Gold,681.56
CUST015330,0.3813,7,1786.99,2.0,26.0,Referral,Bronze,681.38
CUST001960,0.4731,5,1439.62,1.0,151.0,Direct,Bronze,681.08
CUST011472,0.4938,5,1379.1799999999998,2.0,59.0,Organic Search,Bronze,681.04
CUST013917,0.3982,6,1709.78,2.0,28.0,Organic Search,Bronze,680.83
CUST004743,0.0297,10,22918.07,18.0,36.0,Organic Search,Bronze,680.67
CUST017003,0.2176,9,3128.05,4.0,25.0,Marketplace,Bronze,680.66
CUST000331,0.2704,8,2517.12,4.0,10.0,Email Campaign,Silver,680.63
CUST014290,0.4565,6,1490.79,3.0,62.0,Organic Search,Bronze,680.55
CUST013836,0.6011,4,1132.01,1.0,33.0,Organic Search,Gold,680.45
CUST003441,0.9614,2,707.37,1.0,268.0,Direct,Gold,680.07
CUST002253,0.9428,2,721.33,2.0,282.0,Referral,Bronze,680.07
CUST008983,0.3783,7,1795.8400000000001,5.0,39.0,Paid Social,Silver,679.37
CUST016422,0.5172,5,1312.41,1.0,356.0,Direct,Gold,678.78
CUST015439,0.5574,4,1217.13,1.0,71.0,Direct,Silver,678.43
CUST002800,0.1205,10,5628.299999999999,8.0,59.0,Direct,Bronze,678.21
CUST003306,0.0429,10,15806.0,19.0,82.0,Email Campaign,Gold,678.08
CUST008303,0.4606,6,1471.51,1.0,62.0,Direct,Bronze,677.78
CUST018170,0.9484,2,714.46,1.0,188.0,Referral,Bronze,677.59
CUST008990,0.8557,3,791.69,1.0,88.0,Paid Social,Gold,677.45
CUST009396,0.029,10,23342.68,17.0,3.0,Organic Search,Platinum,676.94
CUST004375,0.4899,5,1381.02,2.0,269.0,Referral,Silver,676.56
CUST006944,0.5486,5,1233.2,4.0,39.0,Direct,Bronze,676.53
CUST004838,0.396,7,1707.25,2.0,46.0,Referral,Bronze,676.07
CUST010703,0.9403,2,718.91,2.0,258.0,Organic Search,,675.99
CUST009971,0.3244,8,2082.07,2.0,1.0,Direct,Bronze,675.42
CUST007229,0.3655,7,1844.56,1.0,80.0,Organic Search,Bronze,674.19
CUST012276,0.8429,3,799.85,2.0,267.0,Direct,Bronze,674.19
CUST015790,0.2279,9,2958.01,6.0,71.0,Referral,Bronze,674.13
CUST018699,0.8987,3,749.99,2.0,121.0,Direct,,674.02
CUST018511,0.5772,4,1167.56,2.0,59.0,Paid Social,Bronze,673.92
CUST008640,0.4001,6,1684.38,1.0,102.0,Email Campaign,Silver,673.92
CUST000431,0.9912,1,679.45,1.0,386.0,Paid Social,Bronze,673.47
CUST013474,0.1383,10,4869.27,8.0,81.0,Email Campaign,Bronze,673.42
CUST008307,0.956,2,704.34,2.0,304.0,Direct,Silver,673.35
CUST012600,0.3698,7,1820.57,1.0,417.0,Marketplace,Bronze,673.25
CUST017400,0.563,4,1195.72,1.0,2.0,Paid Social,Platinum,673.19
CUST002757,0.961,2,700.25,1.0,206.0,Organic Search,Bronze,672.94
CUST019612,0.9261,2,726.6,1.0,149.0,Paid Social,Silver,672.9
CUST001006,0.5195,5,1295.2,2.0,67.0,Paid Social,Bronze,672.86
CUST008630,0.0658,10,10223.35,14.0,12.0,Referral,Silver,672.7
CUST010123,0.325,8,2068.87,3.0,97.0,Referral,Bronze,672.38
CUST014568,0.5188,5,1295.67,1.0,385.0,Referral,Bronze,672.19
CUST015807,0.2384,9,2819.29,5.0,73.0,Marketplace,Silver,672.12
CUST002832,0.3192,8,2105.4,1.0,5.0,Influencer,Platinum,672.04
CUST011747,0.8724,3,770.0,2.0,176.0,Influencer,Silver,671.75
CUST017448,0.2262,9,2969.2,5.0,18.0,Referral,Bronze,671.63
CUST001096,0.3575,7,1878.6100000000001,3.0,90.0,Marketplace,Bronze,671.6
CUST004115,0.257,9,2613.15,4.0,19.0,Paid Social,Gold,671.58
CUST007637,0.853,3,787.01,2.0,55.0,Paid Social,Bronze,671.32
CUST013079,0.9481,2,707.75,1.0,121.0,Organic Search,Bronze,671.02
CUST011499,0.5969,4,1123.73,2.0,169.0,,Silver,670.75
CUST003561,0.8537,3,785.61,1.0,63.0,Organic Search,Bronze,670.68
CUST005393,0.9868,1,679.62,2.0,333.0,Organic Search,Bronze,670.65
CUST011321,0.3019,8,2218.19,4.0,5.0,Direct,Bronze,669.67
CUST011192,0.9517,2,703.63,2.0,169.0,,Bronze,669.64
CUST007276,0.5377,5,1245.1599999999999,3.0,129.0,Paid Social,Silver,669.52
CUST005189,0.8784,3,762.0400000000001,2.0,127.0,,Bronze,669.38
CUST013149,0.0863,10,7752.51,11.0,31.0,Organic Search,Gold,669.04
CUST006713,0.2621,8,2552.01,7.0,25.0,,Silver,668.88
CUST009859,0.9211,2,725.8,2.0,130.0,,Bronze,668.53
CUST010597,0.3586,7,1864.23,4.0,40.0,Paid Social,Silver,668.51
CUST015268,0.5811,4,1149.9,2.0,132.0,Organic Search,Bronze,668.21
CUST010912,0.0587,10,11383.380000000001,15.0,48.0,,Gold,668.2
CUST005834,0.5123,5,1304.12,2.0,6.0,Influencer,Platinum,668.1
CUST013801,0.3979,6,1678.4900000000002,2.0,101.0,Direct,Gold,667.87
CUST012919,0.4889,5,1365.16,2.0,100.0,Organic Search,Silver,667.43
CUST018589,0.2655,8,2512.81,6.0,5.0,Organic Search,Bronze,667.15
CUST005731,0.0704,10,9473.220000000001,10.0,30.0,Referral,,666.91
CUST018213,0.2995,8,2224.37,2.0,158.0,Organic Search,,666.2
CUST006841,0.9084,2,733.01,1.0,121.0,Marketplace,Bronze,665.87
CUST002376,0.1662,10,4005.39,7.0,91.0,Organic Search,Bronze,665.7
CUST001675,0.4391,6,1515.63,1.0,123.0,Organic Search,Silver,665.51
CUST007736,0.614,4,1083.43,1.0,116.0,Marketplace,Silver,665.23
CUST001694,0.3145,8,2115.21,5.0,2.0,Marketplace,Silver,665.23
CUST003882,0.4108,6,1619.0,1.0,194.0,Influencer,Bronze,665.09
CUST010690,0.3976,6,1672.02,1.0,52.0,Marketplace,Gold,664.8
CUST019329,0.3873,7,1715.56,3.0,118.0,,Silver,664.44
CUST010114,0.0398,10,16679.87,13.0,12.0,,Silver,663.86
CUST011775,0.8886,3,746.69,1.0,83.0,Direct,Silver,663.51
CUST013085,0.3957,7,1676.78,5.0,48.0,Email Campaign,Bronze,663.5
CUST016961,0.1549,10,4282.65,7.0,6.0,,Bronze,663.38
CUST016301,0.4393,6,1509.9099999999999,3.0,40.0,Influencer,Silver,663.3
CUST008243,0.3215,8,2062.9700000000003,3.0,45.0,Paid Social,Platinum,663.24
CUST001147,0.651,4,1018.6700000000001,3.0,139.0,Organic Search,Bronze,663.15
CUST005128,0.1921,9,3451.6400000000003,6.0,20.0,Organic Search,Gold,663.06
CUST017092,0.1732,9,3826.8199999999997,4.0,6.0,Referral,Silver,662.81
CUST002063,0.374,7,1771.82,2.0,68.0,Paid Social,Bronze,662.66
CUST004749,0.3413,7,1941.2199999999998,4.0,142.0,,Gold,662.54
CUST003806,0.4814,5,1376.01,3.0,23.0,Paid Social,Bronze,662.41
CUST002318,0.2473,9,2677.32,7.0,85.0,Organic Search,Silver,662.1
CUST018018,0.9322,2,710.03,1.0,98.0,Email Campaign,Bronze,661.89
CUST005083,0.386,7,1713.0700000000002,4.0,18.0,Direct,Silver,661.25
CUST011135,0.5752,4,1149.1699999999998,1.0,258.0,Influencer,Bronze,661.0
CUST007223,0.551,5,1199.2199999999998,3.0,56.0,Organic Search,Bronze,660.77
CUST003864,0.3706,7,1780.79,1.0,38.0,Organic Search,Silver,659.96
CUST015498,0.4118,6,1601.98,3.0,84.0,,Gold,659.7
CUST008844,0.5495,5,1199.57,4.0,183.0,Direct,Silver,659.16
CUST018437,0.986,1,668.41,1.0,280.0,Influencer,Platinum,659.05
CUST013447,0.4152,6,1587.0800000000002,3.0,23.0,,Bronze,658.96
CUST011914,0.9518,2,692.11,2.0,288.0,Organic Search,Bronze,658.75
CUST018385,0.9263,2,711.0,2.0,120.0,Referral,Silver,658.6
CUST006729,0.2528,9,2605.15,3.0,28.0,Email Campaign,Bronze,658.58
CUST013815,0.5936,4,1109.25,3.0,32.0,Influencer,Bronze,658.45
CUST006172,0.1737,9,3790.67,5.0,105.0,Direct,,658.44
CUST019332,0.5655,4,1164.01,1.0,10.0,Organic Search,Bronze,658.25
CUST017634,0.3991,6,1649.2599999999998,3.0,3.0,Influencer,Bronze,658.22
CUST009481,0.6543,4,1005.52,1.0,56.0,Influencer,Silver,657.91
CUST012460,0.3197,8,2057.6800000000003,3.0,4.0,Direct,Silver,657.84
CUST009274,0.2489,9,2642.87,5.0,94.0,Influencer,Platinum,657.81
CUST000263,0.3402,7,1932.48,2.0,102.0,Paid Social,Bronze,657.43
CUST017135,0.984,1,667.98,1.0,254.0,Referral,,657.29
CUST018332,0.3897,7,1686.61,3.0,126.0,Influencer,Bronze,657.27
CUST007847,0.3109,8,2112.39,7.0,100.0,Direct,Bronze,656.74
CUST001739,0.7957,3,825.27,1.0,59.0,Paid Social,Platinum,656.67
CUST009983,0.4909,5,1337.46,4.0,119.0,,Platinum,656.56
CUST016315,0.205,9,3202.71,5.0,5.0,Organic Search,Bronze,656.56
CUST015190,0.4685,5,1401.07,3.0,101.0,Paid Social,Silver,656.4
CUST002495,0.1916,9,3423.34,7.0,110.0,Organic Search,Bronze,655.91
CUST013996,0.2905,8,2257.7200000000003,3.0,87.0,Direct,Silver,655.87
CUST004507,0.4851,5,1352.02,2.0,34.0,Direct,Bronze,655.86
CUST019485,0.4556,6,1439.2199999999998,2.0,4.0,,Bronze,655.71
CUST000515,0.0634,10,10338.25,9.0,10.0,Referral,Gold,655.45
CUST006730,0.6589,4,994.73,1.0,134.0,Organic Search,Silver,655.43
CUST011459,0.979,1,669.37,1.0,319.0,,Gold,655.31
CUST014112,0.2758,8,2375.9300000000003,4.0,83.0,Referral,,655.28
CUST018953,0.3809,7,1720.01,4.0,4.0,Organic Search,Silver,655.15
CUST013499,0.1427,10,4589.13,10.0,44.0,Organic Search,Bronze,654.87
CUST007432,0.94,2,695.55,1.0,125.0,Referral,Bronze,653.82
CUST016903,0.1189,10,5498.33,8.0,36.0,Organic Search,Gold,653.75
CUST009692,0.272,8,2403.25,6.0,53.0,Marketplace,Bronze,653.68
CUST005323,0.0559,10,11689.6,14.0,15.0,Organic Search,Platinum,653.45
CUST012138,0.9904,1,659.71,1.0,454.0,Email Campaign,Silver,653.38
CUST014440,0.1919,9,3404.55,6.0,3.0,Paid Social,Platinum,653.33
CUST013371,0.1198,10,5451.85,10.0,45.0,,Bronze,653.13
CUST001931,0.1506,10,4335.69,12.0,35.0,Marketplace,Gold,652.95
CUST018904,0.8546,3,764.0,2.0,47.0,Referral,Bronze,652.91
CUST019498,0.2955,8,2208.82,3.0,120.0,Referral,Bronze,652.71
CUST017252,0.423,6,1542.45,1.0,96.0,Influencer,Silver,652.46
CUST015624,0.845,3,772.04,1.0,130.0,Paid Social,Bronze,652.37
CUST015481,0.3187,8,2045.54,2.0,16.0,Organic Search,Silver,651.91
CUST007715,0.5915,4,1101.56,2.0,114.0,Organic Search,Silver,651.57
CUST002635,0.07,10,9304.65,14.0,7.0,Organic Search,Silver,651.33
CUST018074,0.442,6,1473.4299999999998,3.0,45.0,Direct,Bronze,651.26
CUST015256,0.9229,2,705.61,2.0,340.0,Referral,Bronze,651.21
CUST000988,0.7024,4,926.73,2.0,58.0,Paid Social,Bronze,650.94
CUST017263,0.4579,6,1421.42,5.0,41.0,Organic Search,Silver,650.87
CUST015072,0.4522,6,1438.6799999999998,2.0,26.0,Influencer,Bronze,650.57
CUST004567,0.5924,4,1097.88,2.0,84.0,Influencer,,650.38
CUST006151,0.6408,4,1014.78,1.0,9.0,Influencer,Platinum,650.27
CUST017566,0.3796,7,1712.46,4.0,20.0,Organic Search,Bronze,650.05
CUST004294,0.4034,6,1611.02,2.0,80.0,Organic Search,Bronze,649.89
CUST001021,0.9912,1,655.58,1.0,283.0,,Silver,649.81
CUST017049,0.2884,8,2252.09,5.0,9.0,Direct,Silver,649.5
CUST009347,0.2624,8,2474.93,4.0,31.0,,Bronze,649.42
CUST018712,0.3609,7,1798.86,2.0,35.0,Organic Search,Gold,649.21
CUST003915,0.3843,7,1688.77,2.0,235.0,Referral,Silver,648.99
CUST018671,0.3814,7,1700.42,1.0,16.0,Paid Social,Bronze,648.54
CUST016682,0.4672,6,1387.98,1.0,18.0,Marketplace,Bronze,648.46
CUST015689,0.6966,4,930.74,1.0,57.0,Email Campaign,Bronze,648.35
CUST007154,0.1147,10,5647.07,7.0,3.0,Referral,Bronze,647.72
CUST002451,0.1597,10,4054.85,7.0,44.0,Email Campaign,Silver,647.56
CUST009697,0.5799,4,1115.74,3.0,33.0,Paid Social,Bronze,647.02
CUST018759,0.257,9,2516.4700000000003,4.0,59.0,Direct,Platinum,646.73
CUST004065,0.4082,6,1584.15,1.0,7.0,,,646.65
CUST013804,0.4237,6,1525.79,4.0,115.0,Marketplace,Silver,646.48
CUST016453,0.1046,10,6179.82,10.0,33.0,Organic Search,Bronze,646.41
CUST007162,0.9701,1,666.26,2.0,188.0,Organic Search,Silver,646.34
CUST015048,0.3815,7,1693.82,2.0,23.0,Direct,Bronze,646.19
CUST008121,0.5588,4,1155.91,1.0,6.0,,Silver,645.92
CUST003981,0.7064,4,914.1600000000001,2.0,158.0,,Bronze,645.76
CUST005405,0.2699,8,2390.99,3.0,94.0,Organic Search,Silver,645.33
CUST019508,0.2707,8,2383.73,4.0,28.0,Email Campaign,Silver,645.28
CUST003752,0.5461,5,1181.4,1.0,142.0,Marketplace,Bronze,645.16
CUST002311,0.3614,7,1784.5,3.0,46.0,Paid Social,,644.92
CUST019473,0.864,3,745.69,1.0,129.0,Influencer,Silver,644.28
CUST012369,0.4178,6,1541.61,2.0,13.0,Direct,Silver,644.08
CUST015866,0.0371,10,17359.6,17.0,13.0,Paid Social,Platinum,644.04
CUST005375,0.9754,1,660.02,1.0,211.0,Organic Search,Bronze,643.78
CUST900240,0.6217,4,1035.01,1.0,32.0,Organic Search,Bronze,643.47
CUST006337,0.3474,7,1852.0800000000002,4.0,28.0,Referral,Bronze,643.41
CUST011559,0.5878,4,1094.42,1.0,46.0,Paid Social,Silver,643.3
CUST019046,0.1871,9,3437.54,6.0,10.0,Referral,Platinum,643.16
CUST000572,0.1433,10,4484.75,6.0,4.0,Influencer,Gold,642.66
CUST002164,0.3542,7,1813.85,1.0,210.0,Referral,Bronze,642.47
CUST008013,0.1909,9,3364.76,7.0,55.0,Paid Social,Gold,642.33
CUST014671,0.0397,10,16179.029999999999,22.0,3.0,Email Campaign,,642.31
CUST014362,0.2191,9,2931.02,7.0,13.0,Paid Social,Silver,642.19
CUST000964,0.5197,5,1235.37,1.0,319.0,Marketplace,Bronze,642.02
CUST016374,0.4135,6,1551.6,4.0,138.0,Referral,Bronze,641.59
CUST018532,0.4977,5,1288.79,1.0,94.0,,Silver,641.43
CUST013381,0.0342,10,18752.18,16.0,14.0,Email Campaign,Gold,641.32
CUST012964,0.1818,9,3525.6,6.0,36.0,Organic Search,Silver,640.95
CUST012454,0.2669,8,2401.04,5.0,114.0,Paid Social,Bronze,640.84
CUST011308,0.725,4,883.37,1.0,173.0,Influencer,Bronze,640.44
CUST014268,0.283,8,2262.9799999999996,3.0,132.0,Direct,Silver,640.42
CUST002675,0.9399,2,681.08,2.0,101.0,,Bronze,640.15
CUST009038,0.3046,8,2101.42,1.0,1.0,Organic Search,Bronze,640.09
CUST015927,0.0546,10,11719.4,12.0,38.0,Organic Search,Silver,639.88
CUST014993,0.1605,10,3986.67,8.0,59.0,Marketplace,Bronze,639.86
CUST017706,0.4376,6,1461.9500000000003,3.0,270.0,Direct,Silver,639.75
CUST003751,0.9618,1,665.14,1.0,186.0,Influencer,Bronze,639.73
CUST001603,0.2004,9,3189.54,5.0,8.0,Marketplace,Platinum,639.18
CUST008840,0.5655,4,1130.1,1.0,42.0,Paid Social,Gold,639.07
CUST010313,0.7811,3,818.04,3.0,80.0,,Bronze,638.97
CUST008285,0.9406,2,679.28,1.0,255.0,,,638.93
CUST005418,0.4459,6,1432.28,1.0,77.0,Organic Search,Bronze,638.65
CUST012001,0.947,2,674.37,1.0,203.0,Influencer,Gold,638.63
CUST010638,0.0778,10,8207.65,13.0,24.0,Organic Search,Gold,638.56
CUST018283,0.3114,8,2049.5699999999997,5.0,0.0,Direct,Silver,638.24
CUST017320,0.381,7,1674.71,3.0,125.0,Paid Social,Silver,638.06
CUST007216,0.4842,5,1317.6799999999998,3.0,259.0,Paid Social,Silver,638.02
CUST008697,0.9765,1,652.61,1.0,319.0,Direct,Bronze,637.27
CUST012916,0.2193,9,2904.7200000000003,2.0,29.0,Organic Search,,637.01
CUST002138,0.5221,5,1219.62,2.0,19.0,,Gold,636.76
CUST002531,0.4503,6,1414.02,2.0,98.0,Organic Search,Bronze,636.73
CUST019675,0.1273,10,5001.360000000001,7.0,10.0,Marketplace,Platinum,636.67
CUST011535,0.1114,10,5713.3,7.0,19.0,Organic Search,Platinum,636.46
CUST003884,0.6826,4,932.33,1.0,46.0,Marketplace,Bronze,636.41
CUST017522,0.5091,5,1249.86,2.0,74.0,Referral,Silver,636.3
CUST016153,0.5362,5,1186.22,1.0,73.0,Referral,Bronze,636.05
CUST006065,0.2667,8,2384.66,4.0,0.0,Email Campaign,Platinum,635.99
CUST015723,0.2794,8,2276.19,5.0,10.0,Organic Search,Bronze,635.97
CUST004980,0.5606,4,1134.28,1.0,2.0,Organic Search,Silver,635.88
CUST009586,0.2457,9,2587.5,7.0,41.0,Organic Search,Gold,635.75
CUST005481,0.8902,3,713.74,2.0,126.0,Organic Search,Bronze,635.37
CUST008942,0.262,8,2424.69,7.0,78.0,Organic Search,Gold,635.27
CUST015955,0.3874,7,1639.56,2.0,1.0,Organic Search,Bronze,635.17
CUST013519,0.9613,2,660.7,3.0,268.0,Paid Social,Silver,635.13
CUST003919,0.6678,4,950.63,2.0,39.0,Paid Social,Silver,634.83
CUST011410,0.2243,9,2830.21,7.0,0.0,,Bronze,634.82
CUST002052,0.6163,4,1029.76,2.0,32.0,Marketplace,,634.64
CUST014462,0.943,2,672.91,1.0,121.0,,Bronze,634.55
CUST019559,0.1411,10,4496.22,7.0,17.0,Referral,Bronze,634.42
CUST012087,0.8827,3,718.48,4.0,113.0,Marketplace,Bronze,634.2
CUST015695,0.4187,6,1514.33,1.0,177.0,Influencer,,634.05
CUST018765,0.4949,5,1280.9,1.0,109.0,Organic Search,Gold,633.92
CUST005428,0.4541,6,1395.78,1.0,62.0,,Bronze,633.82
CUST016137,0.4233,6,1496.79,1.0,80.0,Organic Search,Bronze,633.59
CUST009412,0.3652,7,1732.76,2.0,5.0,Organic Search,Gold,632.8
CUST007102,0.1338,10,4720.67,9.0,56.0,Organic Search,Bronze,631.63
CUST003040,0.4587,6,1376.28,2.0,97.0,Paid Social,Gold,631.3
CUST015781,0.293,8,2153.81,4.0,122.0,Marketplace,Platinum,631.07
CUST000187,0.9236,2,682.94,1.0,310.0,,Silver,630.76
CUST008485,0.925,2,681.85,2.0,100.0,,Silver,630.71
CUST011770,0.4606,6,1368.93,1.0,101.0,Paid Social,Bronze,630.53
CUST012350,0.5614,4,1123.03,1.0,12.0,Paid Social,Gold,630.47
CUST015375,0.4029,6,1564.63,1.0,107.0,Paid Social,Bronze,630.39
CUST007198,0.9899,1,636.77,2.0,360.0,Organic Search,Bronze,630.34
CUST015373,0.9092,2,693.23,1.0,381.0,,Gold,630.28
CUST017169,0.3815,7,1651.79,2.0,9.0,Organic Search,Silver,630.16
CUST004948,0.0974,10,6469.45,8.0,44.0,Email Campaign,Gold,630.12
CUST014988,0.365,7,1725.9,2.0,23.0,Paid Social,Bronze,629.95
CUST000875,0.3787,7,1663.16,1.0,56.0,,Bronze,629.84
CUST002210,0.702,4,897.18,1.0,21.0,Influencer,,629.82
CUST014504,0.9896,1,636.26,1.0,294.0,Influencer,Silver,629.64
CUST005581,0.5551,4,1133.8,1.0,19.0,Organic Search,Bronze,629.37
CUST004572,0.4866,5,1292.85,2.0,107.0,Organic Search,Gold,629.1
CUST013399,0.0921,10,6825.5,6.0,40.0,Referral,Silver,628.63
CUST017513,0.1062,10,5911.15,10.0,4.0,Direct,,627.76
CUST012798,0.0177,10,35452.14,15.0,25.0,Organic Search,Platinum,627.5
CUST009899,0.9722,1,645.41,1.0,210.0,Influencer,Silver,627.47
CUST003225,0.5502,5,1140.24,1.0,27.0,,Silver,627.36
CUST011666,0.2936,8,2136.74,4.0,112.0,Referral,Bronze,627.35
CUST014558,0.4179,6,1498.43,1.0,16.0,Paid Social,,626.19
CUST016658,0.2078,9,3012.71,7.0,78.0,Organic Search,Platinum,626.04
CUST019420,0.4647,6,1346.39,3.0,36.0,Paid Social,Platinum,625.67
CUST018350,0.4077,6,1534.26,1.0,112.0,Paid Social,Bronze,625.52
CUST005315,0.5714,4,1094.32,1.0,112.0,Direct,Bronze,625.29
CUST011485,0.4195,6,1489.7,2.0,23.0,Referral,Bronze,624.93
CUST013541,0.2291,9,2727.51,5.0,6.0,Referral,Bronze,624.87
CUST002728,0.4692,5,1331.19,4.0,116.0,Paid Social,Gold,624.59
CUST008364,0.2061,9,3029.2,5.0,52.0,Organic Search,Bronze,624.32
CUST015753,0.2394,9,2606.3199999999997,4.0,4.0,Organic Search,Bronze,623.95
CUST019720,0.953,2,654.53,2.0,215.0,Email Campaign,Silver,623.77
CUST001832,0.8558,3,728.75,1.0,116.0,Referral,Bronze,623.66
CUST001791,0.5145,5,1211.92,1.0,131.0,,Platinum,623.53
CUST010137,0.5013,5,1243.6200000000001,2.0,48.0,Influencer,Platinum,623.43
CUST002184,0.3574,7,1744.19,3.0,17.0,Direct,Bronze,623.37
CUST002117,0.5214,5,1195.33,2.0,156.0,Paid Social,,623.25
CUST013366,0.5743,4,1084.89,1.0,228.0,Marketplace,Bronze,623.05
CUST010430,0.4511,6,1380.88,1.0,53.0,Organic Search,Silver,622.91
CUST007989,0.4811,5,1294.11,1.0,10.0,Paid Social,Bronze,622.6
CUST016874,0.5466,5,1138.96,1.0,79.0,Organic Search,Bronze,622.56
CUST008455,0.4024,6,1545.88,2.0,22.0,Referral,,622.06
CUST003405,0.2098,9,2964.67,4.0,47.0,Referral,Gold,621.99
CUST011623,0.5125,5,1213.6,4.0,127.0,Organic Search,Bronze,621.97
CUST003609,0.5778,4,1076.4,3.0,68.0,Influencer,Bronze,621.94
CUST000286,0.9086,2,684.31,1.0,183.0,Organic Search,Gold,621.76
CUST018106,0.2295,9,2707.83,4.0,10.0,Organic Search,Silver,621.45
CUST004993,0.4608,6,1348.39,1.0,25.0,Email Campaign,Bronze,621.34
CUST006567,0.7297,4,851.34,2.0,212.0,Marketplace,Bronze,621.22
CUST016191,0.9802,1,633.6,1.0,269.0,,Silver,621.05
CUST001416,0.1203,10,5159.62,8.0,22.0,Organic Search,Silver,620.7
CUST018696,0.7942,3,781.28,4.0,85.0,Organic Search,Bronze,620.49
CUST017587,0.3982,6,1557.8000000000002,2.0,57.0,Direct,Silver,620.32
CUST005617,0.1701,10,3645.8900000000003,6.0,59.0,Direct,Bronze,620.17
CUST017847,0.4335,6,1430.52,4.0,58.0,Organic Search,Silver,620.13
CUST006879,0.4394,6,1410.92,2.0,24.0,Organic Search,Silver,619.96
CUST002576,0.1751,9,3540.2799999999997,10.0,43.0,,Silver,619.9
CUST011103,0.3305,8,1875.5500000000002,6.0,11.0,Paid Social,Silver,619.87
CUST017973,0.6845,4,905.3,1.0,194.0,Paid Social,Bronze,619.68
CUST016161,0.353,7,1755.05,1.0,6.0,Organic Search,Silver,619.53
CUST014218,0.7483,3,827.39,3.0,113.0,Referral,Bronze,619.14
CUST014439,0.4992,5,1240.17,3.0,31.0,Paid Social,Silver,619.09
CUST004156,0.9732,1,636.06,3.0,346.0,,Silver,619.01
CUST001481,0.9891,1,625.76,1.0,417.0,,Bronze,618.94
CUST015180,0.074,10,8357.1,11.0,0.0,Direct,Bronze,618.43
CUST009644,0.987,1,626.16,1.0,454.0,Email Campaign,Gold,618.02
CUST017350,0.9208,2,671.05,2.0,171.0,,Gold,617.9
CUST005488,0.4491,6,1375.69,3.0,52.0,Direct,Bronze,617.82
CUST011359,0.2964,8,2083.0,2.0,5.0,Referral,Silver,617.4
CUST006343,0.1326,10,4653.43,7.0,3.0,Referral,Gold,617.04
CUST011628,0.3118,8,1978.5,4.0,26.0,Paid Social,Silver,616.9
CUST019085,0.9146,2,674.4499999999999,2.0,123.0,Paid Social,Silver,616.85
CUST010223,0.6855,4,899.55,1.0,64.0,Paid Social,Gold,616.64
CUST011905,0.1319,10,4669.52,5.0,2.0,Referral,Silver,615.91
CUST015413,0.5949,4,1035.1,3.0,155.0,Paid Social,Gold,615.78
CUST007244,0.4362,6,1411.17,4.0,16.0,Paid Social,Platinum,615.55
CUST006796,0.9612,2,639.97,3.0,380.0,Referral,Gold,615.14
CUST019949,0.3035,8,2026.46,4.0,115.0,Organic Search,Platinum,615.03
CUST002623,0.1145,10,5369.6,10.0,102.0,Email Campaign,Silver,614.82
CUST013352,0.0912,10,6737.95,10.0,23.0,Referral,Bronze,614.5
CUST007203,0.3748,7,1638.72,3.0,2.0,Paid Social,Gold,614.19
CUST010039,0.4636,6,1324.29,2.0,73.0,Paid Social,Platinum,613.94
CUST002023,0.0815,10,7530.69,10.0,8.0,Influencer,Gold,613.75
CUST005435,0.3941,7,1556.99,1.0,35.0,Direct,Bronze,613.61
CUST004446,0.6374,4,962.65,2.0,72.0,Paid Social,Bronze,613.59
CUST007378,0.9677,1,634.0,2.0,372.0,Marketplace,Bronze,613.52
CUST009529,0.1728,9,3548.83,7.0,5.0,Email Campaign,Gold,613.24
CUST005096,0.437,6,1402.49,2.0,19.0,Paid Social,Gold,612.89
CUST009682,0.1491,10,4109.7300000000005,7.0,16.0,Organic Search,Platinum,612.76
CUST004226,0.3729,7,1642.79,3.0,121.0,Influencer,Gold,612.6
CUST018709,0.907,2,675.27,4.0,254.0,Direct,Bronze,612.47
CUST013500,0.5505,5,1112.28,2.0,35.0,Paid Social,Silver,612.31
CUST007824,0.1101,10,5561.25,10.0,104.0,Email Campaign,Platinum,612.29
CUST018230,0.3095,8,1978.01,2.0,54.0,,Bronze,612.19
CUST016761,0.9856,1,620.98,2.0,345.0,,Bronze,612.04
CUST002258,0.9829,1,622.6800000000001,2.0,446.0,Organic Search,Silver,612.03
CUST006593,0.9845,1,621.5,1.0,413.0,Organic Search,Silver,611.87
CUST002326,0.2479,9,2467.1099999999997,5.0,52.0,Paid Social,Silver,611.6
CUST003246,0.5858,4,1043.99,1.0,33.0,Direct,Bronze,611.57
CUST001770,0.9765,1,626.23,2.0,433.0,,Silver,611.51
CUST018241,0.8886,3,688.14,1.0,97.0,Email Campaign,Bronze,611.48
CUST000247,0.9778,1,625.09,1.0,297.0,Direct,Gold,611.21
CUST018835,0.0918,10,6657.0,9.0,16.0,Direct,Gold,611.11
CUST019088,0.9099,2,671.51,1.0,290.0,Organic Search,Bronze,611.01
CUST011007,0.5609,4,1088.89,1.0,128.0,,Silver,610.76
CUST008831,0.4025,6,1517.0900000000001,3.0,70.0,Marketplace,Bronze,610.63
CUST005491,0.3489,7,1749.81,4.0,9.0,Referral,Bronze,610.51
CUST001814,0.2822,8,2162.48,3.0,124.0,,Bronze,610.25
CUST008462,0.3784,7,1612.09,2.0,32.0,Referral,Bronze,610.01
CUST003433,0.3438,7,1773.6599999999999,6.0,29.0,Marketplace,Platinum,609.78
CUST018235,0.2224,9,2740.55,8.0,12.0,Organic Search,Bronze,609.5
CUST014636,0.3505,7,1738.14,1.0,42.0,Influencer,Silver,609.22
CUST014523,0.1896,9,3211.22,9.0,116.0,Organic Search,Bronze,608.85
CUST007365,0.3838,7,1585.3200000000002,2.0,122.0,Marketplace,Bronze,608.45
CUST007415,0.0405,10,15016.61,17.0,38.0,Organic Search,Platinum,608.17
CUST011723,0.6186,4,983.06,1.0,324.0,Paid Social,Bronze,608.12
CUST007625,0.5286,5,1150.27,2.0,51.0,Referral,,608.03
CUST014143,0.6538,4,929.9,1.0,108.0,Direct,Silver,607.97
CUST019961,0.326,8,1864.04,3.0,68.0,Email Campaign,Silver,607.68
CUST006044,0.4806,5,1263.89,3.0,6.0,Email Campaign,Gold,607.43
CUST007673,0.5903,4,1028.52,2.0,92.0,Paid Social,,607.14
CUST018838,0.6151,4,986.7,1.0,333.0,Influencer,Bronze,606.92
CUST015250,0.0711,10,8535.119999999999,13.0,32.0,Paid Social,Gold,606.85
CUST010563,0.2029,9,2990.4700000000003,4.0,4.0,Paid Social,Bronze,606.77
CUST001081,0.9626,1,630.32,2.0,233.0,Paid Social,,606.75
CUST004968,0.6363,4,953.28,2.0,175.0,Direct,Bronze,606.57
CUST019558,0.0873,10,6940.7,9.0,17.0,Email Campaign,Bronze,605.92
CUST010360,0.9864,1,613.98,1.0,431.0,Paid Social,,605.63
CUST000174,0.3121,8,1940.47,4.0,28.0,Paid Social,Bronze,605.62
CUST009604,0.3359,7,1802.59,2.0,14.0,Organic Search,Bronze,605.49
CUST004628,0.9763,1,620.15,1.0,285.0,Paid Social,Silver,605.45
CUST013894,0.1319,10,4589.7,7.0,8.0,Email Campaign,,605.38
CUST002902,0.255,9,2373.69,4.0,11.0,Email Campaign,Bronze,605.29
CUST019338,0.9078,2,666.45,1.0,217.0,Paid Social,Bronze,605.0
CUST017526,0.9223,2,655.96,2.0,124.0,Organic Search,Silver,604.99
CUST000704,0.4173,6,1447.55,2.0,18.0,Email Campaign,Silver,604.06
CUST000917,0.0235,10,25693.75,15.0,24.0,Referral,Gold,603.8
CUST006844,0.6204,4,971.1,1.0,395.0,Paid Social,,602.47
CUST009578,0.6251,4,963.44,1.0,157.0,Direct,Bronze,602.25
CUST008855,0.2985,8,2017.3200000000002,3.0,4.0,Organic Search,Bronze,602.17
CUST018097,0.2841,8,2119.25,3.0,64.0,Organic Search,Bronze,602.08
CUST018465,0.2692,8,2236.19,4.0,48.0,Direct,Gold,601.98
CUST005898,0.4757,5,1264.6499999999999,2.0,27.0,Marketplace,Bronze,601.59
CUST001063,0.3466,7,1735.6200000000001,3.0,78.0,,Bronze,601.57
CUST010848,0.5572,4,1079.4,2.0,100.0,Influencer,Silver,601.44
CUST012049,0.6363,4,944.95,1.0,39.0,Paid Social,Bronze,601.27
CUST019232,0.1104,10,5445.67,8.0,105.0,Referral,Gold,601.2
CUST004500,0.4939,5,1216.9,2.0,418.0,Organic Search,Gold,601.03
CUST014040,0.9734,1,617.35,2.0,237.0,Referral,Silver,600.93
CUST000564,0.4048,6,1483.16,1.0,16.0,Paid Social,Silver,600.38
CUST008841,0.9257,2,648.4,1.0,202.0,Paid Social,Bronze,600.22
CUST010266,0.4525,6,1325.8899999999999,4.0,65.0,Paid Social,Bronze,599.97
CUST003733,0.4323,6,1387.53,4.0,234.0,Influencer,Silver,599.83
CUST015155,0.2061,9,2908.3,5.0,120.0,Paid Social,Silver,599.4
CUST016709,0.4847,5,1236.26,2.0,18.0,Direct,Bronze,599.22
CUST018160,0.4549,6,1317.06,2.0,79.0,Organic Search,Bronze,599.13
CUST001536,0.5288,5,1132.17,1.0,45.0,Direct,Bronze,598.69
CUST006102,0.3666,7,1631.6599999999999,2.0,6.0,Paid Social,Silver,598.17
CUST012168,0.2738,8,2183.43,4.0,100.0,Direct,Gold,597.82
CUST010976,0.476,5,1255.44,3.0,76.0,Email Campaign,Bronze,597.59
CUST017743,0.5062,5,1180.52,2.0,12.0,Referral,Gold,597.58
CUST010480,0.1923,9,3106.3499999999995,5.0,41.0,,Bronze,597.35
CUST001423,0.9812,1,608.66,1.0,262.0,Paid Social,Silver,597.22
CUST001853,0.0981,10,6087.1,10.0,13.0,Organic Search,Platinum,597.14
CUST014861,0.4259,6,1401.98,1.0,0.0,Organic Search,Gold,597.1
CUST006763,0.6662,4,896.28,3.0,120.0,Influencer,Bronze,597.1
CUST000535,0.9297,2,642.17,1.0,91.0,Paid Social,,597.03
CUST001347,0.9772,1,610.72,1.0,271.0,Paid Social,Bronze,596.8
CUST000682,0.9703,1,615.0600000000001,2.0,194.0,Paid Social,Gold,596.79
CUST004603,0.9816,1,607.67,2.0,294.0,Marketplace,Silver,596.49
CUST000609,0.3838,7,1552.64,1.0,70.0,Email Campaign,Silver,595.9
CUST001731,0.138,10,4317.51,6.0,64.0,,Gold,595.82
CUST008723,0.9829,1,606.16,2.0,227.0,Marketplace,Bronze,595.79
CUST019291,0.3589,7,1659.09,3.0,4.0,Paid Social,Bronze,595.45
CUST006852,0.3217,8,1850.82,3.0,51.0,Organic Search,Bronze,595.41
CUST008551,0.5684,4,1047.46,2.0,178.0,,Bronze,595.38
CUST000732,0.9117,2,653.04,2.0,116.0,Organic Search,Bronze,595.38
CUST015066,0.0248,10,24001.22,16.0,20.0,Referral,Gold,595.23
CUST010827,0.2719,8,2189.02,2.0,6.0,Referral,Silver,595.19
CUST018109,0.9214,2,645.9,1.0,142.0,Referral,Gold,595.13
CUST008089,0.2966,8,2005.75,4.0,56.0,Email Campaign,Silver,594.91
CUST001307,0.4645,6,1280.74,1.0,99.0,Direct,,594.9
CUST009261,0.7731,3,769.23,1.0,84.0,Direct,Bronze,594.69
CUST000652,0.0903,10,6582.61,9.0,85.0,Email Campaign,Silver,594.41
CUST009327,0.926,2,641.77,2.0,347.0,Organic Search,Silver,594.28
CUST007316,0.1302,10,4558.35,7.0,26.0,Direct,Platinum,593.5
CUST018782,0.2879,8,2060.5299999999997,2.0,10.0,Organic Search,Bronze,593.23
CUST006019,0.6701,4,884.45,2.0,111.0,,Silver,592.67
CUST010552,0.4444,6,1332.35,1.0,15.0,Marketplace,Platinum,592.1
CUST013180,0.9668,1,612.37,3.0,184.0,Paid Social,Silver,592.04
CUST013779,0.5929,4,998.32,1.0,16.0,,Bronze,591.9
CUST014354,0.2179,9,2715.9700000000003,6.0,117.0,Direct,Silver,591.81
CUST015384,0.5797,4,1020.31,1.0,198.0,Paid Social,Bronze,591.47
CUST010911,0.3797,7,1557.29,1.0,83.0,Influencer,Silver,591.3
CUST007909,0.8934,3,661.38,1.0,123.0,,Silver,590.88
CUST017714,0.9425,2,626.66,1.0,133.0,Referral,Bronze,590.63
CUST014129,0.7891,3,746.84,1.0,121.0,Direct,Bronze,589.33
CUST003984,0.4384,6,1343.99,1.0,157.0,Organic Search,Silver,589.21
CUST002038,0.0715,10,8240.71,11.0,17.0,Organic Search,Silver,589.21
CUST005625,0.9198,2,640.1,2.0,124.0,Referral,Bronze,588.76
CUST001024,0.5901,4,997.55,2.0,128.0,Direct,Bronze,588.65
CUST019782,0.3391,7,1735.82,2.0,98.0,Paid Social,Bronze,588.62
CUST018560,0.4368,6,1347.43,2.0,50.0,Referral,Bronze,588.56
CUST001300,0.4438,6,1324.76,1.0,269.0,Paid Social,Bronze,587.93
CUST005586,0.2014,9,2916.64,5.0,8.0,Referral,Bronze,587.41
CUST000371,0.5232,5,1122.51,2.0,38.0,Organic Search,Platinum,587.3
CUST016499,0.7169,4,818.75,2.0,314.0,Paid Social,Bronze,586.96
CUST005939,0.5955,4,985.1,1.0,51.0,Direct,,586.63
CUST008762,0.7055,4,831.4200000000001,2.0,176.0,Organic Search,Bronze,586.57
CUST018519,0.2468,9,2376.65,3.0,20.0,Organic Search,Gold,586.56
CUST008910,0.855,3,685.62,2.0,47.0,Organic Search,Gold,586.21
CUST001597,0.7649,3,766.0,2.0,203.0,Marketplace,Bronze,585.91
CUST017573,0.9917,1,590.22,1.0,452.0,Direct,Bronze,585.32
CUST009867,0.9255,2,632.4200000000001,2.0,217.0,Paid Social,,585.3
CUST003532,0.1482,10,3947.03,6.0,2.0,Referral,Platinum,584.95
CUST000765,0.3629,7,1611.23,3.0,1.0,Influencer,Bronze,584.72
CUST010340,0.9684,1,603.73,1.0,204.0,Organic Search,Silver,584.65
CUST018840,0.1388,10,4210.07,7.0,44.0,Referral,Bronze,584.36
CUST014829,0.387,7,1509.94,2.0,69.0,Referral,Bronze,584.35
CUST015134,0.4162,6,1403.87,1.0,173.0,Paid Social,Gold,584.29
CUST009494,0.2185,9,2672.5,4.0,104.0,,Bronze,583.94
CUST016190,0.5792,4,1007.9300000000001,3.0,60.0,Paid Social,Bronze,583.79
CUST011821,0.3944,7,1480.0200000000002,2.0,46.0,Referral,Silver,583.72
CUST011772,0.6457,4,903.72,1.0,443.0,Paid Social,Silver,583.53
CUST008731,0.5216,5,1118.47,3.0,4.0,Organic Search,Silver,583.39
CUST018359,0.4964,5,1175.11,1.0,65.0,Paid Social,Bronze,583.32
CUST001285,0.1614,10,3613.21,7.0,55.0,,Bronze,583.17
CUST011918,0.6952,4,838.6800000000001,3.0,34.0,Marketplace,Bronze,583.05
CUST010659,0.6143,4,949.13,1.0,98.0,Paid Social,Bronze,583.05
CUST003891,0.9279,2,628.31,1.0,122.0,Marketplace,Bronze,583.01
CUST014548,0.9837,1,592.66,1.0,292.0,Direct,Bronze,583.0
CUST003747,0.3158,8,1845.52,5.0,16.0,,Platinum,582.82
CUST008745,0.1664,10,3500.4500000000003,6.0,39.0,Paid Social,Bronze,582.47
CUST005442,0.4499,6,1294.6399999999999,3.0,66.0,Paid Social,Silver,582.46
CUST000991,0.9963,1,584.17,1.0,395.0,Organic Search,,582.01
CUST011393,0.407,6,1428.54,2.0,54.0,Paid Social,Bronze,581.42
CUST017940,0.9705,1,598.95,1.0,278.0,Paid Social,,581.28
CUST006012,0.2978,8,1951.1399999999999,6.0,128.0,Paid Social,Silver,581.05
CUST002703,0.245,9,2370.46,7.0,143.0,Direct,Bronze,580.76
CUST010799,0.5028,5,1154.72,2.0,157.0,,Gold,580.59
CUST015639,0.464,6,1250.97,2.0,41.0,Organic Search,Silver,580.45
CUST000408,0.4132,6,1404.12,3.0,180.0,Paid Social,Bronze,580.18
CUST018135,0.5465,5,1061.53,2.0,83.0,Paid Social,Bronze,580.13
CUST004560,0.1462,10,3967.21,5.0,3.0,Referral,Bronze,580.01
CUST013005,0.2032,9,2853.8,4.0,7.0,Email Campaign,Bronze,579.89
CUST013228,0.492,5,1177.47,1.0,17.0,,Silver,579.32
CUST000401,0.0518,10,11183.64,9.0,1.0,Email Campaign,Bronze,579.31
CUST006741,0.6985,4,829.3299999999999,2.0,191.0,Influencer,Bronze,579.29
CUST019214,0.235,9,2464.56,4.0,42.0,Direct,,579.17
CUST010649,0.5631,4,1028.54,4.0,32.0,Influencer,Bronze,579.17
CUST006925,0.247,9,2344.12,8.0,10.0,Influencer,Bronze,579.0
CUST016193,0.5354,5,1081.3899999999999,3.0,9.0,Paid Social,Bronze,578.98
CUST013792,0.6607,4,876.2099999999999,2.0,47.0,Referral,Silver,578.91
CUST015983,0.6704,4,863.36,2.0,33.0,Paid Social,Silver,578.8
CUST012765,0.497,5,1164.28,1.0,234.0,Influencer,Bronze,578.65
CUST007589,0.2545,9,2272.67,5.0,11.0,Organic Search,Platinum,578.39
CUST010733,0.7979,3,724.5,1.0,34.0,,Bronze,578.08
CUST001812,0.9906,1,583.57,1.0,441.0,Paid Social,Silver,578.08
CUST010283,0.8261,3,699.56,1.0,122.0,Influencer,Bronze,577.91
CUST011116,0.9689,1,596.18,1.0,269.0,Paid Social,Silver,577.64
CUST001156,0.238,9,2426.77,3.0,81.0,Referral,Gold,577.57
CUST015638,0.4941,5,1168.82,1.0,100.0,Marketplace,Bronze,577.51
CUST011462,0.2623,8,2201.02,4.0,2.0,Direct,Bronze,577.33
CUST012586,0.9928,1,581.41,1.0,282.0,Marketplace,Bronze,577.22
CUST002770,0.629,4,917.52,1.0,240.0,Direct,Silver,577.12
CUST013554,0.4409,6,1308.76,1.0,205.0,Influencer,Silver,577.03
CUST019000,0.3126,8,1845.5,2.0,5.0,Direct,Silver,576.9
CUST017299,0.4805,5,1199.35,3.0,76.0,Direct,,576.29
CUST018979,0.1177,10,4895.49,10.0,39.0,Paid Social,Silver,576.2
CUST015839,0.4246,6,1356.6999999999998,2.0,8.0,Organic Search,Gold,576.05
CUST016771,0.5524,5,1041.82,1.0,245.0,Paid Social,Bronze,575.5
CUST004454,0.046,10,12494.72,11.0,8.0,,,574.76
CUST013802,0.7812,3,735.73,1.0,51.0,,Bronze,574.75
CUST010424,0.6108,4,940.49,1.0,9.0,,Bronze,574.45
CUST004893,0.9641,1,595.6600000000001,2.0,347.0,Organic Search,Bronze,574.28
CUST001206,0.3679,7,1560.7,3.0,8.0,Direct,Silver,574.18
CUST000128,0.1466,10,3914.65,10.0,38.0,Organic Search,Gold,573.89
CUST009522,0.9329,2,615.08,1.0,209.0,Paid Social,Bronze,573.81
CUST012564,0.5503,5,1042.5,2.0,15.0,Paid Social,Silver,573.69
CUST019326,0.4832,5,1187.22,3.0,49.0,Organic Search,Bronze,573.66
CUST018025,0.9182,2,624.73,2.0,113.0,Paid Social,Bronze,573.63
CUST005675,0.9224,2,621.42,2.0,143.0,Paid Social,Silver,573.2
CUST007101,0.0684,10,8375.25,11.0,52.0,Direct,Gold,572.87
CUST003857,0.1563,10,3662.82,7.0,20.0,Direct,Bronze,572.5
CUST012353,0.0519,10,11029.77,11.0,10.0,Referral,,572.45
CUST001333,0.8655,3,661.1800000000001,2.0,178.0,Influencer,,572.25
CUST001379,0.9814,1,582.81,3.0,273.0,Marketplace,Gold,571.97
CUST006330,0.3261,8,1753.04,3.0,37.0,Organic Search,Gold,571.67
CUST000987,0.3949,7,1447.02,1.0,35.0,Email Campaign,Bronze,571.43
CUST003663,0.987,1,578.7,1.0,224.0,Referral,Bronze,571.18
CUST017185,0.9487,2,601.91,1.0,447.0,,Silver,571.03
CUST002606,0.5039,5,1132.44,2.0,15.0,Influencer,Bronze,570.64
CUST004540,0.9748,1,585.23,3.0,352.0,Organic Search,Bronze,570.48
CUST012225,0.6557,4,869.54,2.0,26.0,Referral,Bronze,570.16
CUST010590,0.7664,3,743.6700000000001,3.0,98.0,Paid Social,Bronze,569.95
CUST006734,0.4466,6,1275.8400000000001,1.0,122.0,,,569.79
CUST015206,0.9251,2,615.83,2.0,125.0,Influencer,Bronze,569.7
CUST001278,0.3038,8,1874.59,3.0,67.0,Influencer,Bronze,569.5
CUST001703,0.4197,6,1356.75,5.0,46.0,,Silver,569.43
CUST019504,0.9214,2,617.97,2.0,139.0,Referral,Bronze,569.4
CUST013581,0.0411,10,13852.2,12.0,4.0,Direct,Gold,569.33
CUST004964,0.6223,4,914.62,3.0,103.0,Marketplace,Bronze,569.17
CUST000478,0.8965,3,634.73,1.0,93.0,Marketplace,Bronze,569.04
CUST004787,0.399,6,1425.84,3.0,18.0,Referral,Silver,568.91
CUST005121,0.5305,5,1072.17,2.0,22.0,Influencer,,568.79
CUST014955,0.1036,10,5488.639999999999,7.0,7.0,Referral,Silver,568.62
CUST006710,0.4839,5,1174.3600000000001,2.0,38.0,,Bronze,568.27
CUST016514,0.2133,9,2662.5,8.0,38.0,Organic Search,Bronze,567.91
CUST008269,0.6354,4,893.15,2.0,238.0,,Bronze,567.51
CUST008556,0.0456,10,12442.58,21.0,9.0,Direct,Silver,567.38
CUST015506,0.3639,7,1558.72,1.0,3.0,Paid Social,Platinum,567.22
CUST012971,0.9897,1,572.48,1.0,366.0,Influencer,Gold,566.58
CUST014942,0.2233,9,2534.55,7.0,18.0,,Gold,565.97
CUST008034,0.6867,4,824.17,1.0,56.0,Email Campaign,Bronze,565.96
CUST010382,0.4607,6,1227.05,2.0,61.0,Paid Social,Silver,565.3
CUST014652,0.5015,5,1127.11,1.0,98.0,Paid Social,Bronze,565.25
CUST005201,0.454,6,1244.78,5.0,3.0,Referral,Bronze,565.13
CUST013087,0.583,4,969.2,1.0,25.0,Organic Search,Bronze,565.04
CUST011989,0.2833,8,1993.61,4.0,8.0,Marketplace,Gold,564.79
CUST011931,0.4498,6,1255.48,3.0,25.0,Organic Search,Gold,564.71
CUST011456,0.9218,2,612.5600000000001,2.0,200.0,Paid Social,Silver,564.66
CUST002971,0.9875,1,571.78,2.0,224.0,Direct,Bronze,564.63
CUST006840,0.6952,4,811.94,3.0,119.0,Paid Social,Silver,564.46
CUST016318,0.3032,8,1861.2,5.0,132.0,,Bronze,564.32
CUST016755,0.7244,4,778.06,1.0,73.0,Paid Social,Silver,563.63
CUST016064,0.5549,5,1015.3900000000001,3.0,48.0,Organic Search,Bronze,563.44
CUST005352,0.9861,1,571.37,2.0,397.0,Paid Social,Gold,563.43
CUST019523,0.2692,8,2090.98,5.0,17.0,Direct,Platinum,562.89
CUST000558,0.9924,1,566.89,1.0,250.0,Organic Search,Bronze,562.58
CUST005210,0.6295,4,893.1600000000001,3.0,87.0,Organic Search,Bronze,562.24
CUST007503,0.1421,10,3956.48,7.0,24.0,Organic Search,Platinum,562.22
CUST011581,0.672,4,836.54,1.0,38.0,Email Campaign,Bronze,562.15
CUST009076,0.6334,4,887.25,2.0,36.0,Referral,,561.98
CUST019581,0.2914,8,1927.88,4.0,11.0,,,561.78
CUST017742,0.3018,8,1861.35,4.0,1.0,Organic Search,Silver,561.76
CUST016661,0.8334,3,673.73,1.0,54.0,Organic Search,Bronze,561.49
CUST002522,0.1323,10,4243.41,6.0,81.0,Direct,Bronze,561.4
CUST013591,0.6761,4,830.1500000000001,2.0,257.0,Influencer,Bronze,561.26
CUST005295,0.0471,10,11911.849999999999,10.0,23.0,Referral,Gold,561.05
CUST002069,0.0417,10,13450.310000000001,16.0,13.0,,Gold,560.88
CUST004772,0.5466,5,1026.01,3.0,26.0,Paid Social,Bronze,560.82
CUST003669,0.9127,2,614.3399999999999,3.0,179.0,Marketplace,Bronze,560.71
CUST004158,0.6753,4,829.69,1.0,332.0,Organic Search,Bronze,560.29
CUST007436,0.2585,8,2166.9300000000003,3.0,54.0,Email Campaign,Silver,560.15
CUST009452,0.8054,3,695.3199999999999,2.0,56.0,Email Campaign,Silver,560.01
CUST003053,0.9587,2,583.35,1.0,210.0,Referral,Bronze,559.26
CUST017517,0.2804,8,1994.22,4.0,131.0,,Bronze,559.18
CUST016053,0.3056,8,1829.46,1.0,24.0,Marketplace,Silver,559.08
CUST009393,0.5105,5,1095.07,2.0,193.0,Organic Search,Silver,559.03
CUST005124,0.0283,10,19749.16,20.0,4.0,Referral,Platinum,558.9
CUST004959,0.8829,3,632.88,1.0,247.0,Organic Search,Platinum,558.77
CUST001094,0.1738,9,3213.62,8.0,37.0,Influencer,Bronze,558.53
CUST002870,0.3691,7,1513.13,1.0,122.0,Organic Search,Bronze,558.5
CUST019035,0.9844,1,567.34,1.0,454.0,Direct,Platinum,558.49
CUST013866,0.2401,9,2322.69,3.0,139.0,Direct,Gold,557.68
CUST005299,0.6181,4,901.98,1.0,10.0,Paid Social,Bronze,557.51
CUST004536,0.3867,7,1441.56,1.0,20.0,Email Campaign,Bronze,557.45
CUST000426,0.9279,2,600.59,3.0,156.0,Organic Search,Gold,557.29
CUST013510,0.0507,10,10982.93,10.0,0.0,Paid Social,Gold,556.83
CUST015543,0.9686,1,574.56,1.0,200.0,Organic Search,Bronze,556.52
CUST004686,0.3999,6,1391.08,2.0,57.0,Email Campaign,Bronze,556.29
CUST015299,0.9855,1,564.39,1.0,377.0,Influencer,Bronze,556.21
CUST003287,0.9384,2,591.8,1.0,156.0,Influencer,Bronze,555.35
CUST013157,0.5138,5,1080.78,2.0,43.0,Paid Social,Gold,555.3
CUST003516,0.979,1,566.97,1.0,408.0,Direct,Bronze,555.06
CUST007182,0.5095,5,1088.28,2.0,47.0,Paid Social,Gold,554.48
CUST015984,0.4032,6,1374.67,3.0,144.0,Direct,Platinum,554.27
CUST015935,0.584,4,948.26,1.0,4.0,Paid Social,,553.78
CUST002929,0.0682,10,8119.03,12.0,11.0,Referral,Silver,553.72
CUST008904,0.4832,5,1144.2599999999998,2.0,27.0,,Bronze,552.91
CUST019092,0.4623,6,1195.77,3.0,42.0,Organic Search,Silver,552.8
CUST002395,0.3585,7,1540.95,4.0,21.0,,Platinum,552.43
CUST002143,0.5614,4,983.99,2.0,143.0,,Bronze,552.41
CUST013227,0.4717,5,1170.96,2.0,24.0,Organic Search,Silver,552.34
CUST007313,0.9596,2,575.5,1.0,170.0,Organic Search,Bronze,552.25
CUST017716,0.1415,10,3901.12,8.0,25.0,Organic Search,Bronze,552.01
CUST008353,0.8123,3,679.05,1.0,255.0,Organic Search,Silver,551.59
CUST008787,0.5343,5,1031.83,2.0,112.0,Organic Search,Bronze,551.31
CUST001241,0.8961,3,614.9,1.0,109.0,Influencer,Bronze,551.01
CUST008182,0.1781,9,3091.4,6.0,16.0,Influencer,Platinum,550.58
CUST002263,0.5613,4,980.2,3.0,208.0,Paid Social,Silver,550.19
CUST013253,0.2169,9,2536.08,6.0,11.0,Paid Social,Gold,550.08
CUST019392,0.5998,4,916.9,1.0,29.0,,Silver,549.96
CUST016330,0.3117,8,1764.27,4.0,49.0,Direct,Platinum,549.92
CUST013675,0.1663,10,3306.61,4.0,45.0,Referral,Bronze,549.89
CUST010320,0.4735,5,1161.01,6.0,11.0,Paid Social,Gold,549.74
CUST006484,0.9399,2,584.88,1.0,158.0,Influencer,Silver,549.73
CUST009902,0.4181,6,1314.6399999999999,2.0,104.0,Direct,Bronze,549.65
CUST016547,0.9308,2,589.69,1.0,164.0,Organic Search,Bronze,548.88
CUST015001,0.9368,2,585.34,2.0,219.0,Influencer,Silver,548.35
CUST017507,0.8836,3,620.53,1.0,60.0,Organic Search,Silver,548.3
CUST019483,0.5246,5,1044.31,1.0,212.0,Paid Social,Silver,547.85
CUST001179,0.9391,2,583.2,1.0,115.0,Paid Social,Bronze,547.68
CUST011948,0.9386,2,583.41,2.0,101.0,Organic Search,Bronze,547.59
CUST007519,0.0389,10,14059.75,15.0,3.0,,Silver,546.92
CUST006304,0.2551,9,2143.17,5.0,53.0,Direct,Bronze,546.72
CUST010807,0.3769,7,1449.6,3.0,4.0,Organic Search,Bronze,546.35
CUST011199,0.232,9,2354.3,7.0,62.0,Referral,Gold,546.2
CUST007593,0.4286,6,1273.8200000000002,3.0,67.0,Referral,Gold,545.96
CUST000053,0.3222,8,1693.83,4.0,0.0,Direct,Bronze,545.75
CUST002759,0.621,4,878.71,1.0,201.0,Paid Social,Bronze,545.68
CUST000354,0.1838,9,2968.34,6.0,9.0,Direct,Platinum,545.58
CUST009925,0.5995,4,909.9399999999999,3.0,105.0,Paid Social,Gold,545.51
CUST001170,0.1385,10,3938.31,8.0,4.0,,Silver,545.46
CUST013785,0.3298,8,1652.6200000000001,4.0,30.0,Marketplace,Silver,545.03
CUST009664,0.9048,3,602.23,4.0,218.0,Organic Search,,544.9
CUST002654,0.1987,9,2741.76,3.0,8.0,Organic Search,Bronze,544.79
CUST019075,0.9122,2,597.22,2.0,178.0,Marketplace,Bronze,544.78
CUST007191,0.4435,6,1228.1,2.0,224.0,Organic Search,Bronze,544.66
CUST010411,0.1749,9,3113.92,4.0,33.0,Organic Search,Bronze,544.62
CUST014553,0.961,2,566.27,2.0,197.0,Influencer,Bronze,544.19
CUST014385,0.2724,8,1997.69,2.0,24.0,Influencer,Gold,544.17
CUST002585,0.4941,5,1101.1,2.0,98.0,Marketplace,Platinum,544.05
CUST009251,0.2039,9,2667.62,5.0,4.0,Direct,Platinum,543.93
CUST003213,0.962,1,565.41,1.0,423.0,Organic Search,Bronze,543.92
CUST005525,0.5429,5,1001.61,1.0,178.0,Direct,Bronze,543.77
CUST010752,0.4977,5,1091.76,1.0,0.0,Paid Social,Silver,543.37
CUST007590,0.4903,5,1108.13,1.0,136.0,Paid Social,Bronze,543.32
CUST017408,0.159,10,3417.05,7.0,21.0,Influencer,Silver,543.31
CUST015223,0.1365,10,3979.1,6.0,47.0,Direct,Silver,543.15
CUST000702,0.1475,10,3680.95,10.0,11.0,Referral,Platinum,542.94
CUST002085,0.9406,2,577.05,1.0,150.0,Organic Search,Bronze,542.77
CUST017707,0.5031,5,1078.57,1.0,115.0,Paid Social,Bronze,542.63
CUST011038,0.219,9,2477.54,5.0,17.0,Marketplace,Silver,542.58
CUST015044,0.3471,7,1562.27,2.0,123.0,Paid Social,Silver,542.26
CUST001872,0.6735,4,804.27,3.0,71.0,Direct,Bronze,541.68
CUST012738,0.314,8,1724.68,4.0,88.0,Email Campaign,Bronze,541.55
CUST008332,0.3138,8,1725.63,4.0,23.0,Direct,Gold,541.5
CUST012714,0.369,7,1467.0,3.0,28.0,Referral,Bronze,541.32
CUST014134,0.1673,10,3235.09,7.0,86.0,Organic Search,Platinum,541.23
CUST013517,0.3673,7,1473.55,3.0,124.0,Email Campaign,Silver,541.23
CUST005739,0.9874,1,548.02,1.0,454.0,Marketplace,Platinum,541.11
CUST010053,0.3479,7,1555.2,2.0,110.0,Organic Search,Silver,541.05
CUST005131,0.4681,6,1155.16,2.0,41.0,Paid Social,Bronze,540.73
CUST003109,0.9504,2,568.8,1.0,389.0,Direct,Silver,540.59
CUST015103,0.6006,4,899.54,1.0,185.0,Organic Search,Silver,540.26
CUST002518,0.3045,8,1772.83,4.0,27.0,Direct,Bronze,539.83
CUST007528,0.9818,1,549.61,1.0,384.0,Direct,Silver,539.61
CUST019928,0.3418,7,1578.31,3.0,21.0,Paid Social,Gold,539.47
CUST018373,0.061,10,8835.31,17.0,7.0,,Gold,538.95
CUST015657,0.8921,3,604.09,1.0,146.0,,Silver,538.91
CUST018449,0.4312,6,1248.42,1.0,6.0,Marketplace,Bronze,538.32
CUST008508,0.8842,3,608.54,1.0,92.0,Organic Search,,538.07
CUST013418,0.2434,9,2210.65,8.0,13.0,Email Campaign,Bronze,538.07
CUST017859,0.8681,3,619.24,1.0,42.0,Paid Social,Bronze,537.56
CUST017635,0.4447,6,1208.62,2.0,69.0,Marketplace,Silver,537.47
CUST003974,0.4752,5,1128.56,1.0,11.0,Organic Search,Bronze,536.29
CUST015544,0.3007,8,1783.28,3.0,16.0,Email Campaign,Silver,536.23
CUST015628,0.528,5,1015.26,1.0,9.0,Paid Social,Bronze,536.06
CUST013881,0.1726,9,3105.55,7.0,5.0,,Bronze,536.02
CUST008310,0.3448,7,1553.5700000000002,3.0,19.0,Influencer,Bronze,535.67
CUST016060,0.7133,4,750.9200000000001,2.0,256.0,Organic Search,Platinum,535.63
CUST018091,0.3722,7,1439.1,2.0,26.0,Influencer,Silver,535.63
CUST002489,0.1742,9,3069.76,7.0,88.0,Paid Social,Gold,534.75
CUST000342,0.4971,5,1074.96,1.0,4.0,Email Campaign,Gold,534.36
CUST015121,0.5459,5,978.51,3.0,222.0,Paid Social,Bronze,534.17
CUST020000,0.0297,10,17983.36,15.0,5.0,Email Campaign,Platinum,534.11
CUST005522,0.2459,9,2172.06,4.0,68.0,Paid Social,Gold,534.11
CUST017131,0.9374,2,569.68,1.0,185.0,Direct,Silver,534.02
CUST000985,0.1001,10,5330.4800000000005,9.0,18.0,Referral,Bronze,533.58
CUST004457,0.2306,9,2312.4300000000003,3.0,23.0,Referral,Bronze,533.25
CUST005410,0.1749,9,3048.77,8.0,25.0,Referral,Bronze,533.23
CUST018728,0.939,2,567.79,1.0,130.0,Paid Social,Bronze,533.15
CUST011369,0.4871,5,1094.15,2.0,15.0,Referral,Bronze,532.96
CUST002758,0.2285,9,2331.94,2.0,11.0,Organic Search,Bronze,532.85
CUST018205,0.3769,7,1413.12,1.0,144.0,Organic Search,Bronze,532.6
CUST003145,0.0972,10,5477.68,8.0,3.0,Direct,Bronze,532.43
CUST014421,0.2373,9,2243.3799999999997,2.0,20.0,Referral,,532.35
CUST016012,0.707,4,752.54,2.0,68.0,Referral,Bronze,532.05
CUST011406,0.6801,4,782.21,1.0,54.0,Direct,Bronze,531.98
CUST017898,0.1707,10,3115.6800000000003,10.0,26.0,Marketplace,Bronze,531.85
CUST017139,0.1347,10,3948.2,6.0,25.0,Influencer,Platinum,531.82
CUST014619,0.0161,10,33029.85,17.0,10.0,Email Campaign,Gold,531.78
CUST012792,0.9707,1,547.53,1.0,183.0,Direct,Gold,531.49
CUST002434,0.1825,9,2911.2,8.0,35.0,Direct,Bronze,531.29
CUST018874,0.9819,1,540.71,1.0,311.0,Organic Search,Platinum,530.92
CUST002724,0.7344,3,722.9200000000001,2.0,43.0,Paid Social,Bronze,530.91
CUST002997,0.481,5,1103.75,2.0,31.0,Influencer,Silver,530.9
CUST018529,0.6679,4,794.81,1.0,226.0,Paid Social,Bronze,530.85
CUST006725,0.7319,3,725.0,1.0,102.0,Referral,Silver,530.63
CUST001332,0.9406,2,564.0,2.0,203.0,Influencer,,530.5
CUST004868,0.0795,10,6672.73,13.0,54.0,,Silver,530.48
CUST005790,0.4168,6,1272.41,1.0,142.0,Referral,Bronze,530.34
CUST016829,0.9457,2,560.72,2.0,286.0,Organic Search,Silver,530.27
CUST016238,0.6903,4,767.19,3.0,127.0,Influencer,Bronze,529.59
CUST011113,0.2795,8,1894.24,2.0,15.0,Direct,Bronze,529.44
CUST007395,0.3387,7,1562.62,3.0,47.0,Organic Search,Bronze,529.26
CUST003029,0.8139,3,650.12,1.0,56.0,Influencer,Silver,529.13
CUST011729,0.8758,3,604.1,1.0,143.0,Influencer,,529.07
CUST000819,0.3459,7,1529.53,3.0,164.0,Organic Search,Bronze,529.06
CUST017958,0.3632,7,1455.21,4.0,164.0,Influencer,Bronze,528.53
CUST010097,0.6093,4,867.25,1.0,55.0,Influencer,Bronze,528.42
CUST001496,0.3395,7,1556.23,6.0,141.0,Referral,,528.34
CUST014323,0.8093,3,652.59,1.0,135.0,Referral,Bronze,528.14
CUST014896,0.4376,6,1206.69,4.0,28.0,Paid Social,Bronze,528.05
CUST018279,0.0332,10,15903.31,15.0,23.0,Referral,,527.99
CUST011800,0.9163,2,576.11,2.0,113.0,,Silver,527.89
CUST019395,0.0335,10,15756.41,18.0,14.0,Email Campaign,Gold,527.84
CUST009360,0.6079,4,868.17,2.0,197.0,Influencer,Silver,527.76
CUST015785,0.1445,10,3652.1099999999997,5.0,18.0,Organic Search,Gold,527.73
CUST008067,0.8994,3,586.63,1.0,75.0,,Bronze,527.62
CUST007895,0.4652,6,1134.16,2.0,87.0,Influencer,Silver,527.61
CUST013868,0.2381,9,2214.78,3.0,113.0,Organic Search,Silver,527.34
CUST006958,0.4264,6,1236.44,3.0,74.0,Organic Search,Bronze,527.22
CUST014166,0.4956,5,1063.39,1.0,151.0,Organic Search,Bronze,527.02
CUST016467,0.0969,10,5428.49,11.0,99.0,Organic Search,Silver,526.02
CUST001881,0.3949,7,1331.31,4.0,18.0,Organic Search,Platinum,525.73
CUST017312,0.6223,4,844.63,1.0,49.0,Influencer,Bronze,525.61
CUST001865,0.4777,5,1100.21,2.0,3.0,Paid Social,Bronze,525.57
CUST018580,0.4714,5,1114.49,1.0,63.0,Direct,Bronze,525.37
CUST000629,0.9671,1,543.0699999999999,2.0,380.0,Organic Search,Silver,525.2
CUST012631,0.5875,4,892.86,3.0,262.0,Organic Search,Gold,524.56
CUST018327,0.9705,1,540.38,1.0,376.0,Direct,Bronze,524.44
CUST009482,0.7232,4,725.1,1.0,54.0,Marketplace,Bronze,524.39
CUST008892,0.6519,4,804.3699999999999,3.0,107.0,Referral,Bronze,524.37
CUST014206,0.979,1,535.2,2.0,265.0,Direct,Bronze,523.96
CUST014426,0.3337,7,1569.0900000000001,3.0,0.0,Direct,Bronze,523.61
CUST017833,0.3182,8,1645.05,1.0,96.0,Referral,Bronze,523.45
CUST009004,0.1137,10,4603.47,6.0,39.0,Referral,Bronze,523.41
CUST000381,0.8536,3,612.74,1.0,88.0,Marketplace,Gold,523.03
CUST003044,0.9789,1,534.19,2.0,301.0,Paid Social,,522.92
CUST014474,0.9241,2,565.75,2.0,146.0,Marketplace,,522.81
CUST008935,0.412,6,1268.19,2.0,114.0,Organic Search,,522.49
CUST011718,0.4895,5,1065.9,4.0,8.0,Organic Search,Bronze,521.76
CUST016529,0.1467,10,3554.7,7.0,71.0,Referral,Platinum,521.47
CUST004496,0.4087,6,1274.66,2.0,108.0,Influencer,Bronze,520.95
CUST011337,0.0869,10,5992.8099999999995,12.0,21.0,Email Campaign,Gold,520.78
CUST012132,0.6475,4,804.14,1.0,207.0,Direct,Bronze,520.68
CUST000115,0.7719,3,674.21,1.0,389.0,Direct,Silver,520.42
CUST003582,0.1343,10,3872.5099999999998,8.0,106.0,Referral,Gold,520.08
CUST007550,0.5352,5,971.72,2.0,42.0,Email Campaign,Silver,520.06
CUST003784,0.8622,3,602.96,1.0,238.0,Organic Search,Bronze,519.87
CUST011810,0.8072,3,644.01,1.0,93.0,Direct,Silver,519.84
CUST011843,0.3357,7,1548.1899999999998,2.0,101.0,,Bronze,519.73
CUST015252,0.9815,1,529.39,1.0,335.0,Direct,Silver,519.6
CUST014757,0.1299,10,3998.83,10.0,41.0,Influencer,Gold,519.45
CUST011324,0.775,3,670.01,2.0,53.0,Direct,Silver,519.26
CUST001148,0.5618,4,923.53,1.0,58.0,Paid Social,Bronze,518.84
CUST012537,0.6015,4,862.04,1.0,171.0,Paid Social,,518.52
CUST007227,0.522,5,992.82,1.0,73.0,Direct,Bronze,518.25
CUST009319,0.3084,8,1680.2,1.0,56.0,Influencer,,518.17
CUST005158,0.5809,4,891.99,2.0,114.0,Influencer,,518.16
CUST012623,0.3757,7,1379.05,2.0,10.0,Direct,Bronze,518.11
CUST001458,0.8627,3,600.06,1.0,123.0,Marketplace,Bronze,517.67
CUST014373,0.366,7,1414.3400000000001,5.0,19.0,,Silver,517.65
CUST003338,0.3893,7,1328.85,2.0,183.0,Paid Social,Bronze,517.32
CUST012780,0.4646,6,1112.1999999999998,3.0,238.0,Organic Search,,516.73
CUST013491,0.1689,10,3056.01,6.0,4.0,Paid Social,Silver,516.16
CUST005561,0.8179,3,631.0,5.0,89.0,Paid Social,Silver,516.09
CUST011716,0.481,5,1072.8700000000001,3.0,43.0,Organic Search,Bronze,516.05
CUST010558,0.2412,9,2139.53,2.0,10.0,Direct,Bronze,516.05
CUST003001,0.2032,9,2539.12,4.0,22.0,Direct,Silver,515.95
CUST018121,0.1759,9,2931.52,6.0,27.0,,Platinum,515.65
CUST011148,0.9654,1,533.79,2.0,340.0,Paid Social,Gold,515.32
CUST014038,0.3457,7,1490.55,4.0,244.0,Organic Search,Platinum,515.28
CUST015353,0.5035,5,1023.1899999999999,2.0,103.0,Paid Social,Bronze,515.18
CUST016163,0.2291,9,2247.8599999999997,6.0,73.0,Organic Search,Silver,514.98
CUST003462,0.3039,8,1693.46,7.0,26.0,,Bronze,514.64
CUST007788,0.2074,9,2479.4700000000003,5.0,8.0,Referral,Silver,514.24
CUST015157,0.411,6,1249.6100000000001,2.0,40.0,Referral,Bronze,513.59
CUST016974,0.4459,6,1151.51,1.0,49.0,Paid Social,Silver,513.46
CUST018234,0.3518,7,1458.69,2.0,27.0,Paid Social,Bronze,513.17
CUST014085,0.5197,5,986.48,2.0,4.0,Referral,Bronze,512.67
CUST008083,0.1267,10,4044.0,6.0,1.0,Referral,Bronze,512.37
CUST019399,0.3755,7,1361.77,4.0,32.0,Direct,Silver,511.34
CUST000995,0.6213,4,822.89,3.0,121.0,Organic Search,Bronze,511.26
CUST003700,0.2672,8,1913.37,7.0,57.0,Referral,Silver,511.25
CUST002689,0.4687,5,1090.0,1.0,161.0,Marketplace,Gold,510.88
CUST001551,0.9333,2,547.29,1.0,96.0,Email Campaign,Silver,510.79
CUST010047,0.6635,4,769.71,2.0,41.0,Organic Search,Bronze,510.7
CUST006384,0.3961,7,1287.25,3.0,84.0,Influencer,Silver,509.88
CUST003006,0.9064,3,562.39,1.0,113.0,,Bronze,509.75
CUST006055,0.4617,6,1103.44,2.0,23.0,Email Campaign,Bronze,509.46
CUST008975,0.2492,9,2043.46,3.0,0.0,Referral,,509.23
CUST018355,0.9832,1,517.83,2.0,439.0,,Silver,509.13
CUST015660,0.511,5,996.23,1.0,28.0,Marketplace,,509.07
CUST005994,0.0413,10,12325.35,12.0,2.0,,Bronze,509.04
CUST001749,0.4948,5,1027.99,3.0,186.0,Marketplace,Bronze,508.65
CUST007125,0.7098,4,716.28,2.0,124.0,Marketplace,Bronze,508.42
CUST019766,0.3139,8,1618.57,1.0,11.0,Referral,Platinum,508.07
CUST003123,0.8585,3,591.38,1.0,49.0,Paid Social,Bronze,507.7
CUST012767,0.9803,1,517.71,1.0,395.0,Email Campaign,Bronze,507.51
CUST009051,0.2945,8,1722.9099999999999,5.0,121.0,Organic Search,,507.4
CUST006653,0.9584,2,529.38,1.0,380.0,Referral,Bronze,507.36
CUST008661,0.1173,10,4320.76,7.0,39.0,Referral,,506.83
CUST009709,0.9471,2,535.07,2.0,179.0,,Gold,506.76
CUST007122,0.9283,2,545.9,1.0,165.0,Influencer,Silver,506.76
CUST016667,0.3841,7,1319.33,4.0,292.0,Organic Search,Bronze,506.75
CUST006581,0.3207,8,1579.07,1.0,19.0,Direct,Bronze,506.41
CUST004706,0.4388,6,1151.98,1.0,79.0,Direct,,505.49
CUST000594,0.5717,4,883.63,3.0,57.0,Paid Social,Silver,505.17
CUST011635,0.3523,7,1433.72,5.0,41.0,Paid Social,Silver,505.1
CUST006492,0.6116,4,825.34,1.0,122.0,,Bronze,504.78
CUST014193,0.1973,9,2557.94,4.0,25.0,Organic Search,Platinum,504.68
CUST001085,0.2345,9,2151.5299999999997,5.0,46.0,Paid Social,,504.53
CUST015869,0.0744,10,6779.21,9.0,72.0,,Bronze,504.37
CUST006363,0.455,6,1108.44,1.0,45.0,Paid Social,Platinum,504.34
CUST010971,0.4807,5,1049.06,2.0,337.0,Email Campaign,Silver,504.28
CUST007901,0.6918,4,728.89,1.0,298.0,Email Campaign,Bronze,504.25
CUST001291,0.486,5,1037.27,4.0,92.0,Direct,Bronze,504.11
CUST019385,0.4809,5,1048.25,3.0,212.0,Organic Search,Silver,504.1
CUST015876,0.4553,6,1106.04,4.0,4.0,Influencer,Bronze,503.58
CUST014154,0.9334,2,539.15,1.0,360.0,Organic Search,Bronze,503.24
CUST017979,0.9446,2,532.16,2.0,293.0,Organic Search,Bronze,502.68
CUST009764,0.6864,4,732.33,1.0,65.0,Organic Search,Bronze,502.67
CUST011488,0.4333,6,1159.5,2.0,26.0,Email Campaign,,502.41
CUST015760,0.2918,8,1721.06,4.0,60.0,Email Campaign,Platinum,502.21
CUST019535,0.3095,8,1621.1899999999998,2.0,139.0,Direct,Platinum,501.76
CUST003722,0.5209,5,963.0799999999999,2.0,150.0,Direct,Bronze,501.67
CUST015976,0.6317,4,793.81,2.0,117.0,Influencer,Bronze,501.45
CUST017666,0.9596,2,522.5,1.0,149.0,Referral,,501.39
CUST017253,0.1479,10,3385.48,7.0,23.0,Email Campaign,,500.71
CUST011056,0.2798,8,1789.42,2.0,127.0,,Silver,500.68
CUST009248,0.1015,10,4932.56,7.0,29.0,Influencer,Gold,500.65
CUST006753,0.9193,2,544.0699999999999,3.0,160.0,Influencer,Bronze,500.16
CUST006015,0.5572,4,897.02,2.0,19.0,Paid Social,Silver,499.82
CUST018068,0.4027,6,1241.01,2.0,50.0,Organic Search,Bronze,499.75
CUST013459,0.9862,1,506.44,1.0,413.0,Direct,Silver,499.45
CUST019187,0.4587,6,1087.65,3.0,12.0,Marketplace,Bronze,498.91
CUST018897,0.2919,8,1708.83,2.0,115.0,Direct,Gold,498.81
CUST012277,0.4241,6,1175.59,1.0,92.0,Referral,Silver,498.57
CUST010819,0.2678,8,1859.6599999999999,4.0,46.0,Referral,Silver,498.02
CUST006122,0.9232,2,539.11,2.0,122.0,Paid Social,Bronze,497.71
CUST012250,0.0183,10,27178.93,14.0,16.0,Direct,Gold,497.37
CUST014667,0.4176,6,1190.99,5.0,56.0,,Silver,497.36
CUST002124,0.6851,4,725.51,2.0,218.0,Paid Social,Silver,497.05
CUST008786,0.1201,10,4138.45,9.0,4.0,Influencer,Silver,497.03
CUST015110,0.6923,4,717.74,1.0,59.0,Influencer,Bronze,496.89
CUST016371,0.979,1,507.49,2.0,263.0,Influencer,Gold,496.83
CUST012195,0.2767,8,1795.51,2.0,2.0,Marketplace,Silver,496.82
CUST013710,0.9084,2,546.43,3.0,138.0,Paid Social,Bronze,496.38
CUST018526,0.6629,4,748.25,1.0,301.0,Direct,Silver,496.01
CUST006618,0.3343,7,1483.06,1.0,79.0,Direct,,495.79
CUST006314,0.2794,8,1773.1399999999999,6.0,6.0,Paid Social,Platinum,495.42
CUST009575,0.6515,4,759.82,1.0,379.0,Influencer,,495.02
CUST008629,0.1959,9,2526.56,5.0,119.0,Referral,Bronze,494.95
CUST012308,0.3188,8,1552.5,2.0,28.0,Organic Search,Silver,494.94
CUST009035,0.5898,4,839.13,4.0,13.0,Paid Social,Bronze,494.92
CUST007094,0.7173,4,689.85,1.0,117.0,Organic Search,Bronze,494.83
CUST013048,0.9454,2,523.1600000000001,2.0,186.0,Organic Search,Silver,494.6
CUST019161,0.4551,6,1086.5700000000002,2.0,10.0,Organic Search,Bronze,494.5
CUST012997,0.1929,9,2561.84,3.0,77.0,,Gold,494.18
CUST015886,0.4909,5,1006.29,1.0,48.0,Direct,Gold,493.99
CUST012055,0.2643,8,1868.3400000000001,4.0,56.0,Email Campaign,Bronze,493.8
CUST019249,0.2449,9,2015.96,3.0,108.0,Email Campaign,,493.71
CUST005590,0.4161,6,1186.18,1.0,113.0,Paid Social,,493.57
CUST006083,0.9225,2,534.55,2.0,118.0,,Gold,493.12
CUST017035,0.973,1,506.55,1.0,240.0,,Silver,492.87
CUST000423,0.3418,7,1440.9099999999999,3.0,39.0,Organic Search,Bronze,492.5
CUST008793,0.5927,4,830.82,1.0,138.0,Organic Search,Bronze,492.43
CUST010141,0.6124,4,803.89,2.0,32.0,Direct,Gold,492.3
CUST000820,0.5262,5,935.33,1.0,25.0,Paid Social,Bronze,492.17
CUST006313,0.1065,10,4616.610000000001,8.0,1.0,Organic Search,Platinum,491.67
CUST015787,0.906,3,542.12,2.0,107.0,Influencer,Bronze,491.16
CUST014164,0.96,2,511.58,1.0,384.0,Direct,Gold,491.12
CUST013800,0.9637,1,509.45,1.0,340.0,Paid Social,Bronze,490.96
CUST010955,0.281,8,1747.03,2.0,127.0,Paid Social,Silver,490.92
CUST019076,0.3297,8,1488.81,2.0,25.0,Organic Search,Silver,490.86
CUST014088,0.3533,7,1389.12,3.0,70.0,Marketplace,Bronze,490.78
CUST014687,0.5548,5,884.2,2.0,16.0,Paid Social,Silver,490.55
CUST016250,0.2904,8,1689.1499999999999,6.0,3.0,Paid Social,Silver,490.53
CUST013197,0.2124,9,2308.81,6.0,17.0,Email Campaign,Platinum,490.39
CUST009297,0.7993,3,613.48,2.0,299.0,Referral,Platinum,490.35
CUST003156,0.9681,1,506.48,2.0,278.0,Influencer,Bronze,490.32
CUST001159,0.2356,9,2080.92,4.0,34.0,Organic Search,Silver,490.26
CUST017939,0.2031,9,2413.59,6.0,97.0,Direct,Bronze,490.2
CUST000103,0.6273,4,781.23,2.0,207.0,Influencer,Gold,490.07
CUST010377,0.7125,4,685.9300000000001,2.0,198.0,Influencer,Bronze,488.73
CUST009794,0.6113,4,799.14,2.0,43.0,Organic Search,Bronze,488.51
CUST018652,0.1434,10,3405.74,8.0,45.0,Referral,Silver,488.38
CUST008977,0.946,2,516.26,1.0,326.0,Direct,Gold,488.38
CUST015235,0.4182,6,1167.6399999999999,1.0,0.0,Organic Search,Silver,488.31
CUST014501,0.9441,2,517.15,1.0,147.0,Influencer,Silver,488.24
CUST002888,0.3172,8,1538.09,1.0,29.0,Influencer,Platinum,487.88
CUST013162,0.0493,10,9895.04,10.0,3.0,Referral,Gold,487.83
CUST002202,0.2364,9,2063.42,4.0,49.0,Direct,Bronze,487.79
CUST015331,0.5127,5,950.97,1.0,23.0,Paid Social,Bronze,487.56
CUST000417,0.7609,3,640.46,2.0,215.0,Influencer,Silver,487.33
CUST014654,0.2412,9,2018.6,4.0,5.0,Email Campaign,Silver,486.89
CUST017615,0.9435,2,515.96,1.0,104.0,Referral,Bronze,486.81
CUST018931,0.3701,7,1314.98,4.0,55.0,,Bronze,486.67
CUST016313,0.9273,2,524.53,2.0,105.0,Paid Social,Silver,486.4
CUST000475,0.2317,9,2098.9,4.0,20.0,Organic Search,Gold,486.32
CUST015280,0.6388,4,761.26,1.0,24.0,Paid Social,Bronze,486.29
CUST008108,0.8158,3,595.58,1.0,39.0,Paid Social,Bronze,485.87
CUST014721,0.4809,5,1009.76,3.0,70.0,Paid Social,Bronze,485.59
CUST010317,0.4374,6,1110.16,1.0,2.0,Paid Social,Silver,485.58
CUST010547,0.5881,4,825.64,3.0,5.0,Paid Social,Bronze,485.56
CUST017959,0.0478,10,10155.22,15.0,44.0,Direct,Gold,485.42
CUST008908,0.0765,10,6341.1900000000005,7.0,12.0,Direct,Gold,485.1
CUST016927,0.5222,5,928.55,1.0,59.0,Paid Social,,484.89
CUST012166,0.8819,3,549.71,1.0,48.0,Marketplace,Bronze,484.79
CUST011626,0.8462,3,572.83,1.0,59.0,Referral,Silver,484.73
CUST019267,0.9818,1,493.69,1.0,396.0,,Silver,484.7
CUST004862,0.5279,5,918.17,2.0,26.0,Paid Social,Silver,484.7
CUST008842,0.1156,10,4190.3,11.0,18.0,Referral,Platinum,484.4
CUST011261,0.4818,5,1005.35,1.0,10.0,Paid Social,Platinum,484.38
CUST010077,0.4228,6,1145.17,1.0,123.0,Organic Search,Bronze,484.18
CUST006246,0.6214,4,779.15,2.0,126.0,Paid Social,Silver,484.16
CUST007306,0.4266,6,1134.56,2.0,16.0,Paid Social,Gold,484.0
CUST002372,0.226,9,2140.64,5.0,0.0,Direct,Bronze,483.78
CUST000141,0.3904,7,1238.12,1.0,41.0,Marketplace,Silver,483.36
CUST007344,0.8078,3,598.31,2.0,87.0,Referral,,483.31
CUST003665,0.5488,5,879.24,2.0,326.0,Organic Search,Bronze,482.53
CUST013037,0.8338,3,578.38,1.0,156.0,Email Campaign,Bronze,482.25
CUST011409,0.5897,4,817.68,1.0,22.0,Referral,,482.19
CUST007371,0.1279,10,3768.6,7.0,45.0,Paid Social,Silver,482.0
CUST003366,0.1555,10,3098.38,8.0,22.0,,Gold,481.8
CUST012434,0.0971,10,4959.27,13.0,4.0,Email Campaign,Bronze,481.55
CUST005211,0.0916,10,5250.6900000000005,8.0,21.0,Referral,Platinum,480.96
CUST005092,0.1885,9,2550.12,5.0,52.0,Marketplace,Gold,480.7
CUST008276,0.5156,5,932.11,2.0,183.0,Marketplace,Gold,480.6
CUST004417,0.9763,1,492.11,1.0,415.0,Email Campaign,Bronze,480.45
CUST003244,0.9712,1,494.67,3.0,373.0,Email Campaign,Silver,480.42
CUST006207,0.3684,7,1304.0,3.0,11.0,Organic Search,Platinum,480.39
CUST009454,0.5875,4,817.37,1.0,169.0,Organic Search,Bronze,480.2
CUST010431,0.6585,4,729.17,1.0,149.0,Email Campaign,Silver,480.16
CUST019621,0.9333,2,514.34,3.0,299.0,Organic Search,Gold,480.03
CUST000714,0.9629,1,498.25,2.0,134.0,Paid Social,Silver,479.76
CUST013114,0.963,1,498.15,1.0,285.0,Direct,Bronze,479.72
CUST003047,0.5915,4,810.74,1.0,12.0,Organic Search,Gold,479.55
CUST012002,0.991,1,483.8,1.0,454.0,,Platinum,479.45
CUST016820,0.9198,2,521.03,2.0,103.0,Marketplace,Silver,479.24
CUST019017,0.3965,7,1207.68,2.0,38.0,Influencer,Silver,478.85
CUST002572,0.5893,4,812.23,1.0,16.0,Email Campaign,Silver,478.65
CUST007848,0.8789,3,544.4,2.0,106.0,Organic Search,Bronze,478.47
CUST019262,0.4519,6,1058.44,2.0,123.0,Email Campaign,Bronze,478.31
CUST004106,0.1083,10,4415.26,8.0,44.0,Organic Search,Silver,478.17
CUST002533,0.4873,5,980.98,2.0,51.0,Influencer,Bronze,478.03
CUST016133,0.407,6,1174.41,2.0,4.0,Influencer,Silver,477.98
CUST009295,0.3988,6,1197.76,7.0,108.0,Marketplace,Silver,477.67
CUST018233,0.2857,8,1671.2199999999998,3.0,149.0,,Silver,477.47
CUST007604,0.0717,10,6657.09,10.0,8.0,Marketplace,Silver,477.31
CUST013876,0.4404,6,1082.46,1.0,53.0,Email Campaign,Silver,476.72
CUST004691,0.3402,7,1399.9,2.0,170.0,Email Campaign,Bronze,476.25
CUST019250,0.9652,1,492.99,1.0,306.0,Influencer,Silver,475.83
CUST007855,0.8278,3,574.51,1.0,78.0,Paid Social,Bronze,475.58
CUST001761,0.8868,3,536.16,1.0,69.0,Paid Social,Bronze,475.47
CUST004940,0.9764,1,486.93000000000006,2.0,329.0,Influencer,,475.44
CUST006964,0.383,7,1241.3600000000001,3.0,39.0,Paid Social,Silver,475.44
CUST015578,0.1956,9,2430.04,5.0,4.0,Organic Search,Gold,475.32
CUST002410,0.3791,7,1253.2800000000002,3.0,21.0,Email Campaign,Silver,475.12
CUST004333,0.2726,8,1742.33,3.0,5.0,Organic Search,Silver,474.96
CUST007694,0.5086,5,933.73,1.0,169.0,Referral,Silver,474.9
CUST005067,0.5216,5,910.3,3.0,6.0,Organic Search,Silver,474.81
CUST011680,0.2895,8,1639.67,8.0,6.0,Direct,,474.68
CUST019795,0.0416,10,11410.29,14.0,1.0,Referral,Bronze,474.67
CUST016271,0.389,7,1220.05,3.0,7.0,,Silver,474.6
CUST014319,0.6837,4,692.71,3.0,166.0,Marketplace,,473.61
CUST005296,0.226,9,2094.89,5.0,9.0,Paid Social,Silver,473.45
CUST007668,0.4965,5,953.13,1.0,24.0,Paid Social,Silver,473.23
CUST003389,0.342,7,1383.57,4.0,1.0,Marketplace,Bronze,473.18
CUST015339,0.4449,6,1061.95,2.0,65.0,Marketplace,Bronze,472.46
CUST017503,0.0436,10,10833.380000000001,18.0,1.0,Organic Search,Bronze,472.34
CUST017951,0.9213,2,512.61,1.0,174.0,Influencer,Bronze,472.27
CUST005069,0.6128,4,770.31,2.0,34.0,Paid Social,Silver,472.05
CUST013750,0.549,5,858.23,1.0,26.0,Referral,Bronze,471.17
CUST006351,0.3951,7,1192.15,1.0,123.0,Direct,Bronze,471.02
CUST018798,0.4299,6,1095.19,1.0,270.0,Paid Social,Gold,470.82
CUST013734,0.3944,7,1192.97,1.0,95.0,Direct,Silver,470.51
CUST018458,0.3622,7,1298.45,1.0,117.0,Organic Search,Silver,470.3
CUST007612,0.0408,10,11518.05,15.0,11.0,Referral,Silver,469.94
CUST017102,0.3578,7,1311.91,1.0,59.0,Influencer,Silver,469.4
CUST012715,0.3022,8,1552.28,5.0,17.0,Influencer,Bronze,469.1
CUST017668,0.6249,4,750.6700000000001,2.0,20.0,Referral,Bronze,469.09
CUST018885,0.0342,10,13714.619999999999,12.0,9.0,Direct,Gold,469.04
CUST015069,0.663,4,707.28,1.0,55.0,Influencer,Gold,468.93
CUST018451,0.6935,4,675.47,1.0,126.0,Marketplace,Gold,468.44
CUST007983,0.3729,7,1255.9,2.0,32.0,Organic Search,Silver,468.33
CUST015085,0.9873,1,474.16,1.0,454.0,Organic Search,Bronze,468.14
CUST013478,0.835,3,560.36,2.0,73.0,Referral,Bronze,467.9
CUST004928,0.2138,9,2188.44,5.0,16.0,Organic Search,Bronze,467.89
CUST002604,0.9886,1,473.19,1.0,339.0,Paid Social,Silver,467.8
CUST014220,0.5405,5,865.45,1.0,18.0,Organic Search,Gold,467.78
CUST012651,0.9801,1,477.12,2.0,359.0,,Bronze,467.63
CUST007230,0.9395,2,497.61,2.0,260.0,,Bronze,467.5
CUST010316,0.1395,10,3350.36,6.0,31.0,Referral,Gold,467.38
CUST000777,0.069,10,6772.75,11.0,2.0,Direct,Gold,467.32
CUST011077,0.3612,7,1291.51,5.0,158.0,Direct,Gold,466.49
CUST015673,0.6434,4,724.35,2.0,125.0,Paid Social,Silver,466.05
CUST019502,0.3995,6,1165.55,4.0,56.0,Organic Search,,465.64
CUST018442,0.1264,10,3678.99,6.0,33.0,Organic Search,Gold,465.02
CUST014147,0.5731,4,811.38,1.0,24.0,Paid Social,Bronze,465.0
CUST004587,0.4492,6,1035.01,1.0,110.0,Organic Search,Bronze,464.93
CUST001504,0.3082,8,1507.66,3.0,114.0,Referral,Bronze,464.66
CUST010572,0.249,9,1865.5800000000002,3.0,11.0,Direct,Bronze,464.53
CUST010212,0.3733,7,1244.2900000000002,2.0,42.0,Paid Social,Gold,464.49
CUST014455,0.3718,7,1249.04,1.0,293.0,Paid Social,Silver,464.39
CUST019779,0.0547,10,8481.76,10.0,68.0,Referral,Gold,463.95
CUST007749,0.171,9,2711.32,7.0,57.0,,Bronze,463.64
CUST001263,0.9393,2,493.03,1.0,447.0,Paid Social,Silver,463.1
CUST006542,0.8628,3,536.64,1.0,114.0,Direct,Gold,463.01
CUST016252,0.6919,4,669.08,1.0,41.0,Direct,Gold,462.94
CUST016205,0.3393,7,1363.83,4.0,143.0,Organic Search,Bronze,462.75
CUST003737,0.3391,7,1363.86,2.0,52.0,Paid Social,Bronze,462.48
CUST001389,0.1573,10,2938.7,7.0,51.0,Influencer,Platinum,462.26
CUST019591,0.493,5,937.49,2.0,43.0,Referral,Bronze,462.18
CUST015841,0.4887,5,945.65,1.0,50.0,Organic Search,Bronze,462.14
CUST012966,0.7821,3,590.0699999999999,2.0,34.0,,Gold,461.49
CUST015038,0.2677,8,1723.6,4.0,44.0,Email Campaign,Bronze,461.41
CUST016557,0.2722,8,1692.48,4.0,18.0,Referral,Bronze,460.69
CUST015799,0.4265,6,1079.83,1.0,179.0,Organic Search,Bronze,460.55
CUST002857,0.916,2,502.41,1.0,277.0,Organic Search,Bronze,460.21
CUST012556,0.8503,3,541.11,1.0,77.0,Organic Search,,460.11
CUST015010,0.9822,1,468.42,2.0,368.0,Direct,Bronze,460.08
CUST004663,0.4092,6,1123.91,1.0,2.0,Marketplace,Platinum,459.9
CUST008971,0.581,4,791.18,1.0,18.0,Referral,Silver,459.68
CUST009476,0.4905,5,936.9,2.0,39.0,Paid Social,Silver,459.55
CUST000914,0.3133,8,1466.27,3.0,38.0,Referral,Bronze,459.38
CUST015440,0.7874,3,583.26,1.0,167.0,Paid Social,Bronze,459.26
CUST009589,0.3135,8,1463.91,3.0,14.0,Organic Search,Gold,458.94
CUST017113,0.5683,4,807.06,1.0,29.0,Referral,Bronze,458.65
CUST019858,0.4145,6,1106.17,3.0,22.0,Email Campaign,Bronze,458.51
CUST017747,0.7744,3,592.02,2.0,84.0,Direct,Platinum,458.46
CUST013888,0.7906,3,579.5799999999999,3.0,110.0,Influencer,Platinum,458.22
CUST003266,0.2012,9,2277.05,4.0,10.0,,,458.14
CUST004253,0.5402,5,847.6999999999999,2.0,52.0,,Bronze,457.93
CUST008392,0.5243,5,873.21,1.0,152.0,Paid Social,Silver,457.82
CUST019093,0.2956,8,1548.0,2.0,9.0,Email Campaign,Silver,457.59
CUST019438,0.9242,2,494.88,1.0,278.0,Organic Search,Silver,457.37
CUST001743,0.9901,1,461.6,2.0,266.0,Paid Social,,457.03
CUST014839,0.7462,3,612.3499999999999,2.0,55.0,Organic Search,Bronze,456.94
CUST005398,0.3247,8,1406.8899999999999,6.0,11.0,Influencer,Gold,456.82
CUST016827,0.2375,9,1922.83,6.0,13.0,Direct,Gold,456.67
CUST011390,0.7129,4,640.46,1.0,241.0,Paid Social,Bronze,456.58
CUST007778,0.2505,9,1822.34,4.0,55.0,Direct,,456.5
CUST000668,0.2921,8,1562.67,3.0,109.0,Direct,Bronze,456.46
CUST005469,0.3372,7,1353.53,2.0,98.0,Direct,Bronze,456.41
CUST004039,0.2105,9,2167.37,9.0,4.0,Organic Search,Bronze,456.23
CUST001823,0.9036,3,504.33,1.0,282.0,Organic Search,Silver,455.71
CUST016997,0.9629,1,472.79,1.0,382.0,Paid Social,Bronze,455.25
CUST001952,0.3496,7,1301.69,3.0,56.0,Organic Search,Bronze,455.07
CUST007254,0.4555,6,998.89,2.0,106.0,Organic Search,Bronze,454.99
CUST006026,0.4888,5,929.9,1.0,54.0,Organic Search,Bronze,454.54
CUST016157,0.2677,8,1697.8,1.0,13.0,Referral,Bronze,454.5
CUST005426,0.5888,4,771.84,1.0,148.0,Influencer,Bronze,454.46
CUST005497,0.6098,4,745.19,1.0,128.0,,,454.42
CUST018062,0.8465,3,536.57,1.0,51.0,Email Campaign,Silver,454.21
CUST016571,0.9687,1,468.64,1.0,388.0,Organic Search,Gold,453.97
CUST006990,0.2525,9,1797.4,3.0,5.0,Email Campaign,Bronze,453.84
CUST004180,0.455,6,996.83,2.0,125.0,Referral,Platinum,453.56
CUST008019,0.6015,4,753.9,3.0,114.0,,Silver,453.47
CUST003688,0.3371,7,1345.13,1.0,5.0,Direct,Bronze,453.44
CUST006114,0.1707,9,2655.3199999999997,6.0,42.0,Email Campaign,Gold,453.26
CUST004102,0.9617,1,471.23,1.0,442.0,Influencer,Gold,453.18
CUST004421,0.927,2,488.5,2.0,132.0,Marketplace,Silver,452.84
CUST009937,0.4445,6,1018.23,3.0,6.0,Organic Search,,452.6
CUST004346,0.9848,1,459.57000000000005,2.0,436.0,Direct,Gold,452.58
CUST014518,0.77,3,586.95,1.0,44.0,Organic Search,Bronze,451.95
CUST002552,0.3443,7,1312.57,3.0,58.0,Organic Search,Bronze,451.92
CUST000963,0.3147,8,1435.01,4.0,3.0,Direct,Bronze,451.6
CUST009206,0.0297,10,15202.5,18.0,25.0,Direct,Platinum,451.51
CUST002309,0.2754,8,1639.15,2.0,5.0,Marketplace,Bronze,451.42
CUST010550,0.342,7,1319.47,1.0,0.0,Direct,Gold,451.26
CUST009150,0.0445,10,10140.560000000001,12.0,22.0,Referral,Silver,451.25
CUST013747,0.1476,10,3055.82,6.0,67.0,Email Campaign,Silver,451.04
CUST004585,0.3931,7,1146.1399999999999,1.0,99.0,Marketplace,Silver,450.55
CUST016428,0.4694,5,959.62,1.0,1.0,Email Campaign,Bronze,450.45
CUST014493,0.135,10,3334.62,7.0,17.0,Organic Search,Silver,450.17
CUST015080,0.3041,8,1479.33,1.0,88.0,Organic Search,Bronze,449.86
CUST015987,0.9335,2,481.54,1.0,159.0,,Bronze,449.52
CUST017931,0.2824,8,1591.31,6.0,5.0,Influencer,,449.39
CUST009048,0.8151,3,551.3199999999999,2.0,257.0,Marketplace,,449.38
CUST018224,0.3426,7,1311.64,1.0,5.0,Marketplace,Silver,449.37
CUST014338,0.0972,10,4622.89,9.0,27.0,,Silver,449.34
CUST001666,0.453,6,991.63,4.0,39.0,Marketplace,Bronze,449.21
CUST012947,0.8912,3,503.94999999999993,2.0,218.0,Paid Social,Silver,449.12
CUST000919,0.4604,6,975.41,1.0,34.0,Organic Search,Bronze,449.08
CUST005022,0.1848,9,2429.41,7.0,25.0,Influencer,Bronze,448.95
CUST017104,0.8179,3,548.4,1.0,97.0,Paid Social,Bronze,448.54
CUST012379,0.3554,7,1262.01,4.0,162.0,Direct,Bronze,448.52
CUST012437,0.3704,7,1210.5,2.0,158.0,Paid Social,Bronze,448.37
CUST009756,0.1725,9,2598.8,6.0,58.0,Referral,Gold,448.29
CUST006350,0.7858,3,570.37,1.0,82.0,Organic Search,Silver,448.2
CUST008054,0.7338,3,610.68,1.0,79.0,Organic Search,Bronze,448.12
CUST001976,0.8,3,559.52,1.0,106.0,Organic Search,Bronze,447.62
CUST000102,0.2026,9,2207.74,3.0,2.0,Marketplace,Silver,447.29
CUST003024,0.4957,5,902.25,1.0,1.0,Paid Social,Bronze,447.25
CUST017172,0.4108,6,1088.5,4.0,241.0,Email Campaign,Platinum,447.16
CUST016059,0.9807,1,455.06,1.0,362.0,Paid Social,Silver,446.28
CUST015170,0.4531,6,984.56,1.0,119.0,,Bronze,446.1
CUST000514,0.7703,3,578.65,1.0,99.0,Paid Social,Bronze,445.73
CUST011385,0.0403,10,11047.52,14.0,10.0,Direct,Platinum,445.22
CUST013823,0.1423,10,3127.67,5.0,24.0,Referral,Silver,445.07
CUST010289,0.8567,3,518.77,3.0,46.0,Referral,Silver,444.43
CUST006899,0.3948,7,1125.54,2.0,74.0,Marketplace,Silver,444.36
CUST007261,0.8588,3,517.4200000000001,3.0,180.0,Referral,Silver,444.36
CUST006139,0.6576,4,675.71,1.0,124.0,,Bronze,444.35
CUST010319,0.0644,10,6897.950000000001,13.0,16.0,Direct,Silver,444.23
CUST007434,0.6641,4,668.87,1.0,45.0,Direct,Silver,444.2
CUST019302,0.081,10,5482.1,11.0,40.0,Referral,Gold,444.05
CUST018639,0.9178,2,483.54,1.0,126.0,Paid Social,Bronze,443.79
CUST018154,0.2082,9,2131.32,3.0,1.0,Marketplace,Silver,443.74
CUST012962,0.9161,2,484.34000000000003,2.0,123.0,Email Campaign,,443.7
CUST010227,0.4925,5,900.88,2.0,27.0,Direct,Bronze,443.68
CUST002871,0.9747,1,454.93,1.0,382.0,Paid Social,Bronze,443.42
CUST000664,0.4955,5,894.75,1.0,298.0,Email Campaign,Silver,443.35
CUST016427,0.5277,5,839.82,1.0,120.0,,Gold,443.17
CUST000268,0.9231,2,480.04,1.0,157.0,Marketplace,Silver,443.12
CUST007713,0.9543,2,464.05,1.0,144.0,Direct,Bronze,442.84
CUST009833,0.1919,9,2306.1800000000003,5.0,45.0,Organic Search,Silver,442.56
CUST003461,0.0982,10,4504.63,8.0,30.0,Referral,Gold,442.35
CUST002169,0.5949,4,742.99,2.0,47.0,Paid Social,Bronze,442.0
CUST018922,0.2417,9,1826.5,3.0,177.0,Influencer,Gold,441.47
CUST012626,0.2664,8,1656.58,2.0,6.0,Referral,Silver,441.31
CUST008867,0.2915,8,1513.16,4.0,29.0,Organic Search,Bronze,441.09
CUST003418,0.341,7,1293.39,3.0,119.0,Paid Social,Bronze,441.05
CUST002405,0.9457,2,466.25,1.0,140.0,Direct,Bronze,440.93
CUST010689,0.3525,7,1250.4,2.0,101.0,Marketplace,Silver,440.77
CUST001012,0.1291,10,3412.75,5.0,61.0,Referral,Bronze,440.59
CUST007692,0.9357,2,470.84,1.0,182.0,Paid Social,Silver,440.56
CUST017466,0.4654,6,946.28,1.0,2.0,Referral,Bronze,440.4
CUST019142,0.367,7,1199.93,4.0,38.0,Referral,Bronze,440.37
CUST015408,0.094,10,4676.8099999999995,7.0,4.0,Referral,Bronze,439.62
CUST012629,0.938,2,468.43,1.0,151.0,Paid Social,Gold,439.39
CUST001473,0.2355,9,1865.5700000000002,3.0,5.0,Influencer,Bronze,439.34
CUST009714,0.5536,5,792.92,1.0,167.0,Influencer,Bronze,438.96
CUST007960,0.3838,7,1143.5,4.0,104.0,Paid Social,Bronze,438.88
CUST017943,0.8776,3,500.04,2.0,83.0,Influencer,Bronze,438.84
CUST017933,0.9322,2,470.7,2.0,389.0,Organic Search,Bronze,438.79
CUST003497,0.0938,10,4677.29,9.0,6.0,Influencer,,438.73
CUST001910,0.4913,5,891.1099999999999,2.0,376.0,Influencer,Silver,437.8
CUST013702,0.5553,4,787.66,1.0,84.0,Influencer,Bronze,437.39
CUST001705,0.9497,2,459.74,1.0,151.0,Organic Search,Bronze,436.62
CUST003778,0.9123,2,478.42,1.0,103.0,Organic Search,Bronze,436.46
CUST011824,0.2052,9,2126.38,3.0,10.0,Organic Search,Silver,436.33
CUST014799,0.153,10,2851.84,6.0,7.0,Email Campaign,Silver,436.33
CUST008544,0.9539,2,457.18,1.0,100.0,Marketplace,Bronze,436.1
CUST008312,0.8516,3,512.0,1.0,136.0,Organic Search,Silver,436.02
CUST010088,0.2841,8,1534.1799999999998,2.0,5.0,,Bronze,435.86
CUST005578,0.3342,7,1303.24,3.0,101.0,Organic Search,Bronze,435.54
CUST013595,0.0479,10,9090.98,12.0,12.0,Referral,Gold,435.46
CUST005482,0.6149,4,707.55,1.0,100.0,Influencer,Silver,435.07
CUST019564,0.5155,5,843.75,2.0,47.0,,Bronze,434.95
CUST001709,0.7251,4,599.64,1.0,184.0,Paid Social,,434.8
CUST002025,0.0317,10,13714.6,12.0,21.0,Referral,Silver,434.75
CUST011434,0.1154,10,3764.33,10.0,24.0,Direct,,434.4
CUST004471,0.2473,9,1754.53,5.0,96.0,Organic Search,Silver,433.9
CUST002214,0.3134,8,1383.6699999999998,3.0,24.0,Marketplace,,433.64
CUST018086,0.7019,4,617.1999999999999,3.0,98.0,Paid Social,Silver,433.21
CUST006728,0.4394,6,985.18,2.0,17.0,,Bronze,432.89
CUST002356,0.39,7,1109.71,3.0,18.0,,,432.79
CUST017150,0.3028,8,1429.04,3.0,43.0,Direct,,432.71
CUST018184,0.1607,10,2688.8,5.0,33.0,Referral,Silver,432.09
CUST011532,0.8185,3,527.89,2.0,60.0,Email Campaign,Bronze,432.08
CUST013357,0.3438,7,1255.15,3.0,125.0,Direct,Bronze,431.52
CUST012430,0.2535,9,1701.9,4.0,0.0,Organic Search,Bronze,431.43
CUST004212,0.8435,3,511.46,1.0,204.0,Paid Social,,431.42
CUST019661,0.0806,10,5350.88,8.0,4.0,Email Campaign,Silver,431.28
CUST014960,0.828,3,520.8199999999999,2.0,55.0,Paid Social,Bronze,431.24
CUST015922,0.9527,2,452.32,1.0,122.0,Paid Social,Bronze,430.93
CUST011838,0.9692,1,444.33,2.0,184.0,Organic Search,Silver,430.64
CUST004738,0.9665,1,445.46,1.0,321.0,Referral,Bronze,430.54
CUST014772,0.136,10,3162.83,7.0,29.0,Referral,Platinum,430.14
CUST011185,0.4441,6,967.8399999999999,2.0,161.0,Paid Social,Platinum,429.82
CUST001160,0.4498,6,954.0899999999999,3.0,187.0,Influencer,Silver,429.15
CUST014159,0.3966,7,1082.03,2.0,208.0,Referral,Silver,429.13
CUST019276,0.4544,6,944.38,2.0,269.0,Organic Search,Bronze,429.13
CUST000896,0.7444,3,576.22,2.0,48.0,Organic Search,Bronze,428.94
CUST018453,0.2867,8,1495.94,2.0,170.0,Organic Search,Silver,428.89
CUST016317,0.365,7,1174.84,1.0,20.0,Referral,Silver,428.82
CUST001266,0.9822,1,436.49,1.0,196.0,Referral,Bronze,428.72
CUST013923,0.0737,10,5816.03,9.0,33.0,Organic Search,Gold,428.64
CUST003243,0.4606,6,930.3,1.0,249.0,Marketplace,Bronze,428.5
CUST018719,0.6659,4,643.4300000000001,2.0,129.0,,Bronze,428.46
CUST007382,0.4882,5,877.48,4.0,26.0,,Bronze,428.39
CUST007445,0.3595,7,1190.24,4.0,40.0,,Bronze,427.89
CUST017853,0.4154,6,1029.87,3.0,22.0,Email Campaign,Bronze,427.81
CUST006072,0.9306,2,459.09,1.0,121.0,Referral,,427.23
CUST008663,0.3227,8,1323.34,2.0,139.0,Influencer,Bronze,427.04
CUST001977,0.092,10,4640.889999999999,10.0,4.0,,Gold,426.96
CUST007531,0.1801,9,2369.3,10.0,23.0,Organic Search,Bronze,426.71
CUST006619,0.7332,3,581.93,1.0,138.0,Paid Social,Bronze,426.67
CUST010341,0.3315,8,1283.8200000000002,2.0,11.0,Marketplace,Platinum,425.59
CUST006436,0.5545,5,766.98,1.0,232.0,,Bronze,425.29
CUST010151,0.7228,4,588.31,1.0,52.0,Paid Social,Bronze,425.23
CUST016311,0.4293,6,989.9200000000001,2.0,199.0,Referral,Silver,424.97
CUST018419,0.9365,2,453.56,1.0,339.0,Direct,Bronze,424.76
CUST013487,0.3415,7,1243.07,2.0,31.0,Direct,Bronze,424.51
CUST014081,0.4175,6,1016.21,2.0,3.0,Organic Search,Bronze,424.27
CUST019467,0.4429,6,957.45,1.0,394.0,Paid Social,Bronze,424.05
CUST003643,0.5673,4,747.36,1.0,69.0,Paid Social,Bronze,423.98
CUST017733,0.2253,9,1880.82,3.0,5.0,,Platinum,423.75
CUST006648,0.4581,6,924.96,1.0,158.0,Paid Social,Bronze,423.72
CUST015400,0.3876,7,1093.17,3.0,18.0,Email Campaign,Silver,423.71
CUST001001,0.5453,5,776.73,1.0,79.0,Email Campaign,Bronze,423.55
CUST019340,0.0354,10,11962.84,12.0,13.0,Referral,Gold,423.48
CUST003107,0.3138,8,1349.11,3.0,4.0,Organic Search,Gold,423.35
CUST000503,0.5942,4,712.3,2.0,99.0,,,423.25
CUST014609,0.9199,2,459.98,1.0,101.0,Organic Search,Bronze,423.14
CUST000231,0.4406,6,959.61,3.0,34.0,Direct,Silver,422.8
CUST012689,0.3838,7,1100.41,3.0,109.0,Paid Social,Silver,422.34
CUST008773,0.9582,2,440.5,2.0,366.0,Email Campaign,,422.09
CUST006185,0.8966,3,470.68000000000006,2.0,125.0,,Gold,422.01
CUST012772,0.4668,6,903.96,1.0,314.0,Direct,Silver,421.97
CUST019456,0.5681,4,742.53,1.0,112.0,Paid Social,Bronze,421.83
CUST008994,0.1855,9,2273.83,9.0,9.0,Organic Search,Bronze,421.8
CUST014635,0.6279,4,671.57,1.0,119.0,Marketplace,Silver,421.68
CUST018467,0.1096,10,3847.21,9.0,4.0,Email Campaign,Gold,421.65
CUST014123,0.3303,8,1276.23,1.0,27.0,Referral,Bronze,421.54
CUST014131,0.1249,10,3370.9700000000003,9.0,11.0,Email Campaign,Silver,421.03
CUST010595,0.9331,2,451.14,2.0,194.0,Paid Social,Platinum,420.96
CUST016877,0.0232,10,18098.440000000002,18.0,26.0,Email Campaign,Platinum,419.88
CUST019105,0.9736,1,431.24,1.0,319.0,Paid Social,Bronze,419.86
CUST016347,0.2371,9,1768.02,2.0,41.0,Email Campaign,Silver,419.2
CUST009019,0.3855,7,1086.31,2.0,23.0,,Silver,418.77
CUST002192,0.0394,10,10628.49,11.0,17.0,Referral,Silver,418.76
CUST900027,0.3604,7,1161.48,1.0,376.0,Paid Social,Silver,418.6
CUST001545,0.0887,10,4717.3099999999995,7.0,0.0,,,418.43
CUST008615,0.4982,5,839.3199999999999,2.0,44.0,Direct,Bronze,418.15
CUST003138,0.4558,6,916.92,2.0,98.0,,Silver,417.93
CUST000418,0.9038,3,462.18,2.0,123.0,Marketplace,Bronze,417.72
CUST014780,0.6531,4,638.71,2.0,38.0,Organic Search,Bronze,417.14
CUST009990,0.4121,6,1011.7,2.0,5.0,Organic Search,Bronze,416.92
CUST013693,0.4935,5,844.6800000000001,3.0,93.0,Marketplace,Bronze,416.85
CUST016149,0.9431,2,441.94,1.0,179.0,Paid Social,Platinum,416.79
CUST006359,0.4811,5,865.24,1.0,27.0,Referral,Bronze,416.27
CUST007471,0.9675,1,430.11,2.0,209.0,Organic Search,Silver,416.13
CUST017067,0.937,2,443.78,1.0,122.0,Email Campaign,Bronze,415.82
CUST006772,0.9707,1,428.36,1.0,255.0,Paid Social,Bronze,415.81
CUST012584,0.3992,6,1041.54,4.0,24.0,Email Campaign,Bronze,415.78
CUST007883,0.9246,2,449.69,1.0,119.0,Email Campaign,Silver,415.78
CUST002232,0.8574,3,484.01,1.0,84.0,Email Campaign,Silver,414.99
CUST006361,0.9199,2,450.88,1.0,184.0,,Bronze,414.76
CUST001299,0.3784,7,1094.33,3.0,21.0,Organic Search,Gold,414.09
CUST000895,0.9862,1,419.16999999999996,2.0,253.0,Paid Social,Bronze,413.39
CUST000292,0.3956,7,1044.84,1.0,116.0,Referral,,413.34
CUST002898,0.4264,6,968.87,1.0,68.0,Referral,Bronze,413.13
CUST009523,0.5106,5,807.0899999999999,2.0,339.0,Referral,Silver,412.1
CUST000216,0.9268,2,444.38,2.0,177.0,Paid Social,Bronze,411.85
CUST003360,0.9831,1,418.8,1.0,405.0,Influencer,Bronze,411.72
CUST017788,0.4601,6,894.31,1.0,288.0,Paid Social,Silver,411.47
CUST002111,0.0318,10,12933.039999999999,13.0,18.0,,Gold,411.27
CUST012571,0.5758,4,713.99,2.0,89.0,Direct,Silver,411.12
CUST015415,0.7923,3,518.53,2.0,114.0,Organic Search,Silver,410.83
CUST013571,0.352,7,1167.0,1.0,234.0,Marketplace,Bronze,410.78
CUST011167,0.5063,5,809.29,2.0,6.0,,Silver,409.74
CUST012846,0.1916,9,2137.7,4.0,23.0,,Silver,409.58
CUST016698,0.8246,3,496.52,1.0,143.0,Organic Search,Silver,409.43
CUST015770,0.1486,10,2754.75,7.0,25.0,Referral,Bronze,409.36
CUST011769,0.4593,6,890.91,3.0,87.0,Paid Social,Bronze,409.19
CUST011019,0.0746,10,5484.04,11.0,28.0,Email Campaign,Bronze,409.11
CUST000655,0.3275,8,1249.15,1.0,87.0,Referral,,409.1
CUST013593,0.2375,9,1722.27,4.0,4.0,Paid Social,Platinum,409.04
CUST003342,0.9299,2,439.42,1.0,123.0,Marketplace,Bronze,408.62
CUST012084,0.5615,4,727.69,2.0,47.0,Influencer,Silver,408.6
CUST004630,0.4922,5,830.09,1.0,224.0,Direct,Silver,408.57
CUST000923,0.4946,5,825.86,1.0,369.0,Referral,Silver,408.47
CUST900097,0.4232,6,965.14,1.0,2.0,Email Campaign,Bronze,408.45
CUST015261,0.2167,9,1883.82,4.0,111.0,Organic Search,Silver,408.22
CUST016873,0.7308,3,558.46,2.0,54.0,Organic Search,,408.12
CUST004293,0.4886,5,835.21,4.0,4.0,Referral,,408.08
CUST001315,0.9852,1,414.17,1.0,330.0,Email Campaign,Silver,408.04
CUST002492,0.774,3,526.9300000000001,2.0,214.0,Direct,Bronze,407.84
CUST009410,0.5633,4,723.06,2.0,32.0,Organic Search,Platinum,407.3
CUST008494,0.9499,2,427.38,1.0,304.0,Paid Social,Silver,405.97
CUST010200,0.9448,2,429.36,1.0,134.0,Paid Social,Bronze,405.66
CUST014412,0.1944,9,2085.8,6.0,41.0,Referral,Silver,405.48
CUST014034,0.9863,1,410.81,1.0,407.0,,Bronze,405.18
CUST003836,0.9756,1,414.99,1.0,190.0,Referral,Bronze,404.86
CUST006719,0.9421,2,429.56,1.0,132.0,Paid Social,Gold,404.69
CUST002788,0.3388,7,1192.35,3.0,37.0,Direct,Bronze,403.97
CUST005051,0.3832,7,1054.15,2.0,163.0,Organic Search,,403.95
CUST008591,0.1743,9,2316.65,6.0,12.0,Referral,Gold,403.79
CUST005228,0.411,6,981.49,2.0,2.0,Direct,,403.39
CUST013586,0.1125,10,3584.6899999999996,8.0,31.0,Marketplace,Platinum,403.28
CUST002409,0.3075,8,1307.41,1.0,4.0,Organic Search,Bronze,402.03
CUST000113,0.2741,8,1465.5700000000002,2.0,10.0,Organic Search,Silver,401.71
CUST008035,0.9695,1,414.3,1.0,201.0,Direct,Silver,401.66
CUST008185,0.3063,8,1311.04,2.0,4.0,Email Campaign,Silver,401.57
CUST012100,0.0469,10,8548.119999999999,13.0,9.0,Referral,Bronze,400.91
CUST010930,0.4808,5,833.5600000000001,3.0,84.0,Direct,Bronze,400.78
CUST015397,0.2038,9,1965.58,5.0,36.0,Organic Search,Gold,400.59
CUST006970,0.557,4,718.95,2.0,156.0,Email Campaign,,400.46
CUST016911,0.5649,4,708.13,1.0,108.0,Organic Search,Bronze,400.02
CUST013468,0.9384,2,426.23,1.0,450.0,Organic Search,Silver,399.97
CUST018749,0.3731,7,1071.8899999999999,3.0,1.0,Organic Search,Gold,399.92
CUST010916,0.4798,5,832.86,1.0,361.0,Influencer,Bronze,399.61
CUST006103,0.4961,5,805.42,2.0,51.0,Email Campaign,Gold,399.57
CUST013629,0.3357,7,1189.91,3.0,122.0,Organic Search,Bronze,399.45
CUST000733,0.817,3,488.78,1.0,66.0,Email Campaign,Bronze,399.33
CUST005351,0.2207,9,1807.61,4.0,26.0,Direct,Gold,398.94
CUST018405,0.2738,8,1455.02,4.0,139.0,Organic Search,Bronze,398.38
CUST001521,0.5184,5,767.85,1.0,155.0,Organic Search,Bronze,398.05
CUST002273,0.4721,5,842.7499999999999,2.0,46.0,Paid Social,Bronze,397.86
CUST003513,0.7517,3,529.02,3.0,110.0,Influencer,Silver,397.66
CUST018322,0.062,10,6410.79,13.0,31.0,,Gold,397.47
CUST014579,0.7651,3,518.21,1.0,36.0,Referral,Bronze,396.48
CUST001517,0.3196,8,1240.4,3.0,25.0,Organic Search,Bronze,396.43
CUST018748,0.2413,9,1639.51,5.0,4.0,Organic Search,Silver,395.61
CUST002231,0.5383,5,734.9,1.0,11.0,Direct,Bronze,395.6
CUST007912,0.5485,5,721.07,3.0,115.0,Paid Social,Silver,395.51
CUST008878,0.3859,7,1024.15,3.0,138.0,Paid Social,Bronze,395.22
CUST019127,0.5633,4,701.29,1.0,17.0,Paid Social,Bronze,395.04
CUST005559,0.6416,4,615.68,1.0,40.0,,Bronze,395.02
CUST007710,0.3613,7,1092.65,2.0,61.0,Organic Search,Silver,394.77
CUST009480,0.6447,4,612.0,2.0,98.0,Marketplace,Bronze,394.56
CUST008829,0.2553,9,1545.15,4.0,98.0,Organic Search,Silver,394.48
CUST016891,0.5702,4,691.49,1.0,100.0,Paid Social,Gold,394.29
CUST000058,0.3791,7,1039.27,1.0,2.0,Paid Social,Bronze,393.99
CUST015172,0.5191,5,758.58,1.0,51.0,Referral,Gold,393.78
CUST015120,0.9967,1,395.05,1.0,364.0,,,393.75
CUST013616,0.9835,1,400.18,2.0,322.0,Marketplace,Bronze,393.58
CUST008284,0.3269,8,1202.63,1.0,24.0,Paid Social,Bronze,393.14
CUST014867,0.1182,10,3325.8,10.0,1.0,Organic Search,Platinum,393.11
CUST001568,0.3984,6,986.1,2.0,102.0,Email Campaign,Bronze,392.86
CUST018999,0.9678,1,405.87,1.0,420.0,Organic Search,Bronze,392.8
CUST003905,0.1949,9,2012.95,4.0,23.0,,,392.32
CUST011579,0.578,4,678.74,2.0,118.0,Paid Social,Bronze,392.31
CUST003320,0.4289,6,914.27,1.0,123.0,Paid Social,Bronze,392.13
CUST008360,0.4219,6,929.39,1.0,150.0,Paid Social,Gold,392.11
CUST012458,0.2574,9,1521.89,4.0,12.0,Organic Search,Silver,391.73
CUST013142,0.601,4,651.73,1.0,80.0,Direct,Bronze,391.69
CUST007981,0.9126,2,428.6,1.0,400.0,Paid Social,Bronze,391.14
CUST002853,0.9129,2,428.35,1.0,168.0,Paid Social,,391.04
CUST007410,0.5386,5,725.97,3.0,25.0,Email Campaign,Bronze,391.01
CUST017528,0.3605,7,1084.3,1.0,435.0,Marketplace,Bronze,390.89
CUST002400,0.3371,7,1159.33,1.0,57.0,,Bronze,390.81
CUST013031,0.574,4,680.7,2.0,53.0,Paid Social,,390.72
CUST015406,0.5247,5,744.6,1.0,13.0,Organic Search,Bronze,390.69
CUST005316,0.943,2,414.26,1.0,189.0,Paid Social,Gold,390.65
CUST019013,0.4847,5,805.42,2.0,71.0,Paid Social,Silver,390.39
CUST002811,0.6825,4,571.9,1.0,70.0,Marketplace,Silver,390.32
CUST007877,0.1785,9,2186.15,6.0,25.0,Email Campaign,Bronze,390.23
CUST006454,0.334,7,1167.6399999999999,2.0,79.0,,Bronze,389.99
CUST009846,0.9412,2,414.33,1.0,108.0,Email Campaign,Bronze,389.97
CUST012304,0.3434,7,1135.51,3.0,125.0,Paid Social,Gold,389.93
CUST012827,0.49,5,795.3900000000001,2.0,45.0,Email Campaign,Bronze,389.74
CUST017835,0.5301,5,734.69,1.0,257.0,Organic Search,Bronze,389.46
CUST009881,0.3298,8,1179.97,4.0,38.0,,Silver,389.15
CUST017230,0.9701,1,400.99,1.0,296.0,,Bronze,389.0
CUST004977,0.5724,4,679.51,3.0,41.0,Marketplace,Bronze,388.95
CUST013776,0.1045,10,3721.77,7.0,10.0,Email Campaign,Bronze,388.92
CUST001884,0.0665,10,5838.1,11.0,0.0,Referral,Bronze,388.23
CUST016610,0.5139,5,755.1800000000001,2.0,4.0,Organic Search,Silver,388.09
CUST008465,0.9865,1,393.25,1.0,297.0,Paid Social,Bronze,387.94
CUST019686,0.5552,4,698.64,1.0,21.0,Direct,Gold,387.88
CUST018646,0.3714,7,1043.93,1.0,26.0,Paid Social,Bronze,387.72
CUST001563,0.4896,5,791.79,1.0,17.0,,Silver,387.66
CUST004635,0.4994,5,776.26,1.0,346.0,Marketplace,Bronze,387.66
CUST016373,0.9213,2,420.75,1.0,146.0,Paid Social,Gold,387.64
CUST012601,0.6444,4,601.02,1.0,80.0,Paid Social,Bronze,387.3
CUST019199,0.3204,8,1207.65,3.0,120.0,Marketplace,Silver,386.93
CUST005716,0.6104,4,633.46,2.0,229.0,,Bronze,386.66
CUST000154,0.0497,10,7779.41,14.0,1.0,Referral,Silver,386.64
CUST010127,0.4423,6,873.9200000000001,3.0,71.0,Paid Social,Silver,386.53
CUST009090,0.1845,9,2094.09,5.0,73.0,Direct,Bronze,386.36
CUST019355,0.5212,5,741.24,1.0,312.0,Organic Search,Silver,386.33
CUST010621,0.186,9,2075.51,4.0,69.0,Organic Search,Gold,386.04
CUST009148,0.975,1,395.72,1.0,423.0,Organic Search,Bronze,385.83
CUST011679,0.0271,10,14234.14,14.0,10.0,,Bronze,385.75
CUST001460,0.5901,4,652.7,2.0,38.0,,,385.16
CUST003602,0.5554,4,692.19,1.0,166.0,Marketplace,,384.44
CUST012757,0.5987,4,641.98,4.0,83.0,Marketplace,Bronze,384.35
CUST014457,0.568,4,676.25,3.0,43.0,Paid Social,Gold,384.11
CUST011355,0.3063,8,1253.98,4.0,51.0,Organic Search,,384.09
CUST012065,0.0475,10,8084.32,14.0,4.0,,Silver,384.01
CUST012539,0.0697,10,5508.67,9.0,52.0,,Silver,383.95
CUST017330,0.5399,5,711.14,1.0,40.0,Paid Social,Bronze,383.94
CUST015402,0.9743,1,393.24,1.0,257.0,Organic Search,Silver,383.13
CUST017325,0.244,9,1569.0100000000002,3.0,34.0,,Gold,382.84
CUST002774,0.9487,2,403.53,1.0,244.0,Paid Social,Bronze,382.83
CUST002095,0.5925,4,645.4,1.0,92.0,,Bronze,382.4
CUST011447,0.306,8,1249.33,5.0,51.0,Direct,Silver,382.29
CUST002032,0.1506,10,2537.58,8.0,16.0,Direct,Silver,382.16
CUST002328,0.1343,10,2843.11,6.0,62.0,Email Campaign,Silver,381.83
CUST008192,0.2555,9,1493.1,4.0,5.0,,Silver,381.49
CUST018495,0.4139,6,921.58,1.0,23.0,Paid Social,Gold,381.44
CUST001470,0.6069,4,628.39,1.0,27.0,Influencer,Bronze,381.37
CUST010717,0.3982,6,957.42,3.0,149.0,Paid Social,Bronze,381.24
CUST018981,0.9482,2,402.01,1.0,221.0,Paid Social,Bronze,381.19
CUST016676,0.2643,8,1441.96,4.0,1.0,,Silver,381.11
CUST017611,0.6839,4,557.18,1.0,25.0,Organic Search,Bronze,381.06
CUST015141,0.1223,10,3115.0,10.0,9.0,Email Campaign,Bronze,380.96
CUST005187,0.3652,7,1040.49,2.0,98.0,Referral,Bronze,379.99
CUST012782,0.5706,4,665.6200000000001,2.0,52.0,Influencer,Bronze,379.8
CUST007055,0.9605,2,394.88,1.0,180.0,Marketplace,Bronze,379.28
CUST018878,0.9629,1,393.84,1.0,343.0,Paid Social,Bronze,379.23
CUST017864,0.4999,5,758.27,1.0,95.0,Marketplace,Bronze,379.06
CUST009417,0.2644,8,1431.47,2.0,113.0,Organic Search,,378.48
CUST009689,0.9137,2,414.07000000000005,2.0,114.0,Direct,Bronze,378.34
CUST016488,0.3414,7,1106.49,3.0,64.0,Influencer,Silver,377.76
CUST007453,0.9852,1,382.69,1.0,424.0,,Bronze,377.03
CUST015616,0.4823,5,781.09,1.0,121.0,Referral,Platinum,376.72
CUST002872,0.3883,7,969.87,1.0,29.0,Referral,Bronze,376.6
CUST009189,0.6955,4,541.3299999999999,1.0,39.0,,Platinum,376.5
CUST002638,0.4219,6,892.24,2.0,122.0,Organic Search,Gold,376.44
CUST007384,0.2673,8,1408.1799999999998,3.0,14.0,Direct,Bronze,376.41
CUST004363,0.4756,5,790.78,2.0,173.0,Influencer,,376.09
CUST006960,0.7292,4,515.52,1.0,194.0,Influencer,,375.92
CUST011016,0.3512,7,1070.27,2.0,228.0,Direct,Bronze,375.88
CUST017901,0.3448,7,1090.05,4.0,175.0,Influencer,Bronze,375.85
CUST008993,0.9847,1,381.48,1.0,289.0,Organic Search,Bronze,375.64
CUST004763,0.9626,1,390.22,1.0,335.0,Direct,Bronze,375.63
CUST014235,0.9182,2,408.83,1.0,122.0,Influencer,Silver,375.39
CUST000970,0.5088,5,737.78,2.0,79.0,Paid Social,Gold,375.38
CUST014387,0.9029,3,415.59000000000003,2.0,142.0,Paid Social,Bronze,375.24
CUST005873,0.5027,5,745.51,1.0,321.0,,Gold,374.77
CUST004592,0.6697,4,558.89,1.0,36.0,Organic Search,Silver,374.29
CUST018328,0.662,4,564.34,1.0,107.0,Paid Social,Gold,373.59
CUST018729,0.2292,9,1629.31,5.0,29.0,Organic Search,Silver,373.44
CUST006887,0.5118,5,729.21,1.0,33.0,Direct,Gold,373.21
CUST004998,0.2922,8,1275.99,3.0,125.0,Paid Social,Silver,372.84
CUST002807,0.9797,1,380.36,1.0,268.0,,Bronze,372.64
CUST010612,0.2812,8,1324.92,5.0,25.0,Influencer,Silver,372.57
CUST017945,0.9603,2,387.94,1.0,198.0,Paid Social,Bronze,372.54
CUST017165,0.9794,1,380.3,1.0,299.0,Referral,Bronze,372.47
CUST013054,0.9241,2,402.79,1.0,114.0,Paid Social,Bronze,372.22
CUST012240,0.3629,7,1025.49,2.0,19.0,Organic Search,Silver,372.15
CUST019494,0.9847,1,377.88,1.0,366.0,Direct,Bronze,372.1
CUST008262,0.4502,6,825.7,2.0,264.0,Organic Search,Silver,371.73
CUST011608,0.9804,1,378.66,1.0,441.0,,Silver,371.24
CUST009496,0.1079,10,3440.48,8.0,11.0,Referral,Platinum,371.23
CUST001193,0.3063,8,1211.83,5.0,117.0,Organic Search,Gold,371.18
CUST010686,0.446,6,832.21,1.0,143.0,Organic Search,Silver,371.17
CUST018469,0.2365,9,1569.38,4.0,74.0,Referral,Silver,371.16
CUST015184,0.3058,8,1213.32,4.0,60.0,Email Campaign,Bronze,371.03
CUST005499,0.4273,6,867.11,1.0,6.0,Email Campaign,Bronze,370.52
CUST003672,0.7476,3,495.46,1.0,38.0,Organic Search,Silver,370.41
CUST008432,0.471,5,785.6199999999999,2.0,53.0,Marketplace,Bronze,370.03
CUST012486,0.9798,1,377.6,1.0,299.0,Organic Search,Bronze,369.97
CUST008288,0.9579,2,385.77,1.0,126.0,Influencer,Gold,369.53
CUST009970,0.624,4,591.88,1.0,136.0,Referral,Gold,369.33
CUST010129,0.9595,2,384.57,1.0,402.0,Marketplace,Silver,368.99
CUST007214,0.8468,3,435.26,2.0,87.0,Organic Search,Bronze,368.58
CUST007880,0.5213,5,707.01,3.0,35.0,Direct,Silver,368.56
CUST000018,0.4847,5,760.33,2.0,25.0,Organic Search,Platinum,368.53
CUST019758,0.2956,8,1246.58,2.0,11.0,Email Campaign,Gold,368.49
CUST016707,0.8404,3,437.94999999999993,2.0,119.0,Referral,Bronze,368.05
CUST016801,0.2674,8,1375.74,5.0,93.0,Organic Search,Platinum,367.87
CUST007534,0.9807,1,375.09,1.0,203.0,Paid Social,,367.85
CUST012702,0.3344,7,1099.72,2.0,22.0,Referral,Silver,367.75
CUST018852,0.938,2,391.79,1.0,113.0,Paid Social,Gold,367.5
CUST004887,0.9371,2,392.11,1.0,124.0,Influencer,Silver,367.45
CUST018568,0.4457,6,823.92,2.0,97.0,Referral,,367.22
CUST014388,0.3429,7,1070.76,3.0,107.0,Organic Search,Silver,367.16
CUST012111,0.9891,1,371.17,1.0,454.0,Influencer,,367.12
CUST015959,0.8948,3,410.15999999999997,2.0,186.0,Direct,Bronze,367.01
CUST005902,0.0852,10,4306.99,10.0,26.0,Email Campaign,Silver,366.96
CUST014607,0.5217,5,703.25,3.0,197.0,Organic Search,,366.89
CUST001068,0.975,1,376.08,1.0,409.0,Organic Search,Gold,366.68
CUST010868,0.4035,6,908.6,2.0,286.0,Organic Search,Bronze,366.62
CUST018932,0.1773,9,2067.73,7.0,34.0,Email Campaign,Bronze,366.61
CUST008325,0.929,2,394.47,1.0,382.0,Marketplace,Silver,366.46
CUST003245,0.2603,8,1407.52,3.0,2.0,Direct,Silver,366.38
CUST001610,0.9724,1,376.4,2.0,304.0,Marketplace,Bronze,366.01
CUST002054,0.6111,4,598.52,1.0,142.0,,Bronze,365.76
CUST001116,0.9014,3,405.5,1.0,76.0,Organic Search,Bronze,365.52
CUST005806,0.2731,8,1337.93,2.0,44.0,Marketplace,Silver,365.39
CUST900181,0.3041,8,1201.0,3.0,123.0,Direct,Bronze,365.22
CUST015814,0.2811,8,1299.12,2.0,9.0,Referral,Bronze,365.18
CUST002651,0.3602,7,1013.34,1.0,91.0,Paid Social,Bronze,365.01
CUST003335,0.3891,7,937.1,2.0,31.0,Direct,Bronze,364.63
CUST016264,0.9511,2,383.31,1.0,414.0,Paid Social,,364.57
CUST015395,0.8477,3,429.27,2.0,94.0,Referral,Bronze,363.89
CUST011345,0.4241,6,857.72,1.0,4.0,Paid Social,Bronze,363.76
CUST004165,0.1842,9,1973.4700000000003,4.0,15.0,Organic Search,Platinum,363.51
CUST019186,0.3746,7,969.41,4.0,29.0,Direct,Bronze,363.14
CUST011248,0.4845,5,748.49,4.0,17.0,Influencer,Bronze,362.64
CUST008426,0.4169,6,869.67,2.0,390.0,Paid Social,Silver,362.57
CUST006385,0.5513,5,657.59,2.0,80.0,Influencer,Silver,362.53
CUST008482,0.7889,3,459.47,1.0,72.0,Email Campaign,Bronze,362.48
CUST009796,0.3709,7,977.21,3.0,38.0,,Silver,362.45
CUST007926,0.6163,4,587.79,1.0,4.0,Organic Search,Gold,362.25
CUST016700,0.9363,2,386.56,1.0,318.0,Marketplace,Silver,361.94
CUST010952,0.4479,6,807.94,3.0,174.0,Influencer,Bronze,361.88
CUST004840,0.225,9,1606.13,5.0,126.0,,Platinum,361.38
CUST003288,0.6724,4,536.9,1.0,108.0,Email Campaign,,361.01
CUST001462,0.473,5,762.29,1.0,150.0,Organic Search,Silver,360.56
CUST011143,0.238,9,1514.39,3.0,31.0,Email Campaign,Bronze,360.42
CUST001043,0.2631,8,1369.45,3.0,5.0,Direct,,360.3
CUST009244,0.4067,6,885.35,1.0,3.0,Marketplace,Gold,360.07
CUST009288,0.2119,9,1699.16,4.0,33.0,Email Campaign,Platinum,360.05
CUST010332,0.5346,5,673.43,1.0,145.0,,Bronze,360.02
CUST007868,0.2286,9,1574.6799999999998,4.0,33.0,Email Campaign,Gold,359.97
CUST014427,0.9155,2,392.81,1.0,295.0,Direct,Gold,359.62
CUST010328,0.3004,8,1195.8799999999999,2.0,6.0,Organic Search,Silver,359.24
CUST003577,0.5146,5,698.0,1.0,16.0,Organic Search,,359.19
CUST018108,0.4487,6,799.75,2.0,20.0,Organic Search,Gold,358.85
CUST006132,0.419,6,856.39,1.0,28.0,Marketplace,Platinum,358.83
CUST016039,0.9169,2,391.12,1.0,144.0,Influencer,Bronze,358.62
CUST008123,0.517,5,693.34,1.0,379.0,Email Campaign,Bronze,358.46
CUST005566,0.3123,8,1147.52,1.0,67.0,Email Campaign,Platinum,358.37
CUST000289,0.4251,6,842.23,3.0,103.0,Paid Social,Silver,358.03
CUST007835,0.3388,7,1056.73,3.0,183.0,Organic Search,Bronze,358.02
CUST008705,0.2157,9,1659.3000000000002,4.0,4.0,Organic Search,Bronze,357.91
CUST013375,0.4578,6,780.6099999999999,2.0,15.0,,Bronze,357.36
CUST007193,0.9612,2,371.47,2.0,252.0,,Silver,357.06
CUST900111,0.5338,5,668.81,1.0,109.0,,Bronze,357.01
CUST005235,0.2364,9,1509.99,4.0,112.0,Paid Social,Gold,356.96
CUST010620,0.9536,2,374.26,1.0,157.0,Referral,Gold,356.89
CUST013464,0.5383,5,662.79,1.0,166.0,Direct,Bronze,356.78
CUST019486,0.0492,10,7251.07,12.0,9.0,,,356.75
CUST007289,0.0921,10,3872.0,10.0,5.0,Marketplace,Platinum,356.61
CUST000838,0.2971,8,1199.98,4.0,22.0,Organic Search,Silver,356.51
CUST004673,0.7319,3,486.82,1.0,125.0,Paid Social,Bronze,356.3
CUST000907,0.4834,5,736.59,1.0,115.0,Marketplace,Silver,356.07
CUST019979,0.9813,1,362.82,1.0,390.0,Paid Social,Bronze,356.04
CUST010383,0.9932,1,358.32,1.0,414.0,Paid Social,Bronze,355.88
CUST000206,0.7705,3,461.66999999999996,3.0,152.0,Organic Search,Bronze,355.72
CUST019177,0.3186,8,1115.2,2.0,111.0,Direct,Silver,355.3
CUST009060,0.2718,8,1304.63,1.0,19.0,Email Campaign,Bronze,354.6
CUST016539,0.1055,10,3360.1800000000003,10.0,27.0,Email Campaign,Bronze,354.5
CUST012246,0.2442,9,1446.52,3.0,79.0,Referral,Gold,353.24
CUST018527,0.9881,1,357.25,1.0,344.0,,Bronze,353.0
CUST009534,0.5671,4,622.45,1.0,20.0,Organic Search,Bronze,352.99
CUST005206,0.3456,7,1020.9499999999999,3.0,102.0,Paid Social,Silver,352.84
CUST009981,0.1131,10,3116.65,7.0,34.0,Email Campaign,Gold,352.49
CUST014226,0.2571,9,1371.02,3.0,8.0,Organic Search,Silver,352.49
CUST018984,0.4379,6,804.84,1.0,43.0,Paid Social,,352.44
CUST002555,0.9287,2,378.89,1.0,442.0,Paid Social,Silver,351.88
CUST005342,0.4793,5,733.24,2.0,234.0,Organic Search,Silver,351.44
CUST019656,0.3723,7,943.6099999999999,4.0,2.0,Organic Search,Gold,351.31
CUST015834,0.8425,3,416.89,1.0,84.0,Email Campaign,,351.23
CUST005539,0.7995,3,439.08,1.0,49.0,Email Campaign,Bronze,351.04
CUST017468,0.4364,6,803.94,1.0,9.0,Paid Social,Bronze,350.84
CUST010441,0.9677,1,362.49,1.0,436.0,Referral,Bronze,350.78
CUST003420,0.05,10,7015.33,9.0,61.0,Organic Search,,350.77
CUST010009,0.3686,7,950.9100000000001,3.0,269.0,Referral,Bronze,350.51
CUST000076,0.5933,4,589.8,3.0,46.0,Influencer,Silver,349.93
CUST001118,0.3719,7,939.87,1.0,11.0,Direct,Gold,349.54
CUST014341,0.3592,7,972.86,1.0,39.0,Direct,Silver,349.45
CUST003290,0.9319,2,374.68,1.0,184.0,Direct,Silver,349.16
CUST003330,0.6237,4,559.21,3.0,118.0,,Platinum,348.78
CUST005564,0.4255,6,819.3,1.0,197.0,Organic Search,Gold,348.61
CUST000950,0.4167,6,836.29,1.0,27.0,Paid Social,Gold,348.48
CUST015179,0.3758,7,926.24,1.0,0.0,Referral,Platinum,348.08
CUST012778,0.3974,7,875.55,4.0,49.0,Marketplace,,347.94
CUST019728,0.9132,2,381.0,2.0,121.0,Referral,Silver,347.93
CUST017095,0.1392,10,2494.04,6.0,44.0,Referral,,347.17
CUST018190,0.1234,10,2811.81,6.0,55.0,Referral,Silver,346.98
CUST007745,0.5236,5,662.61,2.0,124.0,Influencer,,346.94
CUST014321,0.3479,7,997.11,1.0,33.0,Email Campaign,Bronze,346.89
CUST000488,0.2921,8,1187.15,1.0,14.0,Organic Search,Bronze,346.77
CUST015730,0.8336,3,415.81,1.0,338.0,Paid Social,Bronze,346.62
CUST006936,0.5002,5,692.86,3.0,4.0,Paid Social,Bronze,346.57
CUST017814,0.973,1,355.77,1.0,217.0,Organic Search,Silver,346.16
CUST004084,0.2758,8,1254.98,4.0,14.0,Email Campaign,Bronze,346.12
CUST002683,0.2559,9,1352.04,5.0,77.0,Organic Search,Silver,345.99
CUST018631,0.8675,3,398.74,1.0,66.0,Marketplace,Silver,345.91
CUST004195,0.3695,7,936.1100000000001,3.0,37.0,,Bronze,345.89
CUST018375,0.6112,4,565.71,1.0,41.0,Organic Search,Silver,345.76
CUST012217,0.9739,1,354.72,3.0,269.0,Paid Social,Bronze,345.46
CUST001946,0.2668,8,1294.78,3.0,11.0,Paid Social,Silver,345.45
CUST018859,0.2993,8,1153.84,1.0,0.0,Referral,Silver,345.34
CUST006717,0.5885,4,586.4599999999999,3.0,94.0,Organic Search,Bronze,345.13
CUST013891,0.426,6,809.93,3.0,124.0,Influencer,Silver,345.03
CUST001971,0.7026,4,490.95,1.0,213.0,Influencer,Bronze,344.94
CUST007144,0.922,2,373.64,2.0,124.0,Influencer,Bronze,344.5
CUST000864,0.4007,6,859.46,1.0,126.0,Email Campaign,Gold,344.39
CUST003122,0.9451,2,364.17,1.0,152.0,Influencer,Bronze,344.18
CUST007466,0.3447,7,998.29,1.0,120.0,Email Campaign,Bronze,344.11
CUST018459,0.6414,4,536.41,1.0,59.0,Marketplace,Silver,344.05
CUST002776,0.6603,4,521.0,2.0,190.0,,Bronze,344.02
CUST001468,0.3212,8,1070.7,1.0,31.0,Direct,Silver,343.91
CUST004441,0.9654,1,356.20000000000005,3.0,271.0,Direct,Silver,343.88
CUST018482,0.6697,4,513.42,2.0,41.0,Marketplace,,343.84
CUST015597,0.5909,4,581.74,1.0,14.0,Paid Social,Bronze,343.75
CUST016527,0.3603,7,954.03,3.0,101.0,Marketplace,Bronze,343.74
CUST017289,0.4016,6,855.93,1.0,10.0,Paid Social,Silver,343.74
CUST001214,0.7565,3,453.54,1.0,190.0,Influencer,Bronze,343.1
CUST004829,0.7482,3,458.21,1.0,73.0,Influencer,Bronze,342.83
CUST014594,0.6113,4,559.59,1.0,291.0,Paid Social,Bronze,342.08
CUST002618,0.5687,4,601.02,2.0,100.0,Marketplace,Bronze,341.8
CUST007130,0.4968,5,687.98,4.0,103.0,Paid Social,Silver,341.79
CUST011907,0.8516,3,401.28,1.0,45.0,Influencer,Bronze,341.73
CUST015649,0.3975,6,858.03,2.0,276.0,Referral,Gold,341.07
CUST003578,0.2319,9,1469.6299999999999,5.0,0.0,Influencer,Bronze,340.81
CUST011932,0.5498,5,619.57,1.0,433.0,Paid Social,Silver,340.64
CUST005312,0.5031,5,676.88,3.0,25.0,Influencer,Bronze,340.54
CUST009277,0.3468,7,981.2,3.0,5.0,Email Campaign,Silver,340.28
CUST019626,0.6426,4,529.25,2.0,122.0,Paid Social,Bronze,340.1
CUST006127,0.4271,6,795.87,2.0,7.0,Paid Social,Bronze,339.92
CUST014959,0.7397,3,459.23,1.0,245.0,Direct,Bronze,339.69
CUST007873,0.9718,1,349.32,1.0,291.0,Influencer,Bronze,339.47
CUST018806,0.4984,5,680.95,1.0,119.0,Referral,Silver,339.39
CUST004323,0.3071,8,1104.52,3.0,79.0,Marketplace,Silver,339.2
CUST015296,0.2802,8,1210.41,1.0,15.0,Email Campaign,Bronze,339.16
CUST013463,0.9936,1,340.63,1.0,432.0,Organic Search,Bronze,338.45
CUST007545,0.5262,5,642.51,1.0,2.0,Paid Social,Silver,338.09
CUST012581,0.6655,4,507.88,1.0,23.0,Influencer,Bronze,337.99
CUST012191,0.9478,2,356.54,1.0,231.0,Organic Search,Bronze,337.93
CUST017649,0.569,4,593.56,1.0,228.0,Paid Social,Bronze,337.74
CUST001879,0.9073,2,372.17,1.0,124.0,Organic Search,Bronze,337.67
CUST012938,0.9832,1,343.37,1.0,454.0,Email Campaign,Bronze,337.6
CUST006500,0.4926,5,685.35,1.0,130.0,Influencer,,337.6
CUST002429,0.3214,8,1050.29,3.0,38.0,Paid Social,Silver,337.56
CUST012740,0.7251,4,465.19,2.0,314.0,Influencer,Bronze,337.31
CUST010724,0.8479,3,397.06,1.0,50.0,Referral,Bronze,336.67
CUST010219,0.9373,2,358.96000000000004,2.0,107.0,Email Campaign,Silver,336.45
CUST010007,0.5298,5,633.79,3.0,38.0,Email Campaign,Bronze,335.78
CUST003491,0.9186,2,365.04,1.0,271.0,Direct,Gold,335.33
CUST014019,0.5284,5,633.9300000000001,4.0,11.0,Organic Search,Silver,334.97
CUST017133,0.6945,4,482.07,1.0,428.0,Paid Social,Gold,334.8
CUST017969,0.4181,6,800.41,1.0,30.0,Organic Search,Bronze,334.65
CUST014510,0.5836,4,572.38,1.0,38.0,Direct,,334.04
CUST013041,0.9835,1,339.28,1.0,314.0,Organic Search,Bronze,333.68
CUST000393,0.4787,5,696.13,1.0,102.0,Paid Social,,333.24
CUST016796,0.5258,5,633.57,1.0,231.0,Influencer,,333.13
CUST011627,0.3049,8,1090.81,4.0,43.0,Email Campaign,Bronze,332.59
CUST017732,0.8063,3,412.38,1.0,78.0,Email Campaign,Bronze,332.5
CUST016410,0.2929,8,1133.53,6.0,24.0,Email Campaign,Bronze,332.01
CUST000166,0.9429,2,352.01,1.0,438.0,Influencer,Gold,331.91
CUST002042,0.7585,3,437.58,1.0,398.0,Direct,,331.9
CUST005120,0.5402,5,614.3399999999999,2.0,181.0,Organic Search,Gold,331.87
CUST008476,0.7433,3,446.33000000000004,2.0,80.0,Paid Social,,331.76
CUST014535,0.2427,9,1366.94,6.0,4.0,Organic Search,Bronze,331.76
CUST013909,0.6011,4,551.78,1.0,120.0,Organic Search,Bronze,331.67
CUST019283,0.3362,7,983.6,1.0,82.0,Paid Social,,330.69
CUST006894,0.0954,10,3464.49,6.0,34.0,Referral,Platinum,330.51
CUST012505,0.3631,7,909.8399999999999,3.0,83.0,Email Campaign,Bronze,330.36
CUST019236,0.8797,3,375.51,1.0,87.0,Organic Search,Bronze,330.34
CUST017505,0.4312,6,765.4,1.0,46.0,Email Campaign,Bronze,330.04
CUST017536,0.451,6,731.3,1.0,192.0,Organic Search,Silver,329.82
CUST009224,0.5213,5,632.23,1.0,4.0,,,329.58
CUST006497,0.9676,1,340.36,1.0,313.0,Paid Social,Bronze,329.33
CUST019924,0.9877,1,333.28,2.0,298.0,Influencer,Gold,329.18
CUST008015,0.9405,2,349.8,2.0,178.0,Direct,Bronze,328.99
CUST004897,0.7386,3,444.99,1.0,37.0,Paid Social,Bronze,328.67
CUST016132,0.0667,10,4926.969999999999,12.0,10.0,Referral,Gold,328.63
CUST019780,0.2903,8,1130.96,1.0,64.0,Organic Search,Bronze,328.32
CUST004290,0.6567,4,499.94,1.0,190.0,Direct,Bronze,328.31
CUST006765,0.9395,2,349.43,1.0,335.0,Direct,Bronze,328.29
CUST009888,0.3957,7,829.0,4.0,122.0,Referral,Bronze,328.04
CUST004171,0.3782,7,867.36,1.0,145.0,Referral,Bronze,328.04
CUST017936,0.9034,3,362.92,1.0,250.0,,Silver,327.86
CUST002047,0.9819,1,333.84,1.0,422.0,Direct,Bronze,327.8
CUST001152,0.5508,5,594.95,2.0,104.0,Direct,Bronze,327.7
CUST012575,0.3824,7,856.6700000000001,4.0,12.0,Marketplace,Bronze,327.59
CUST014638,0.5758,4,568.9,1.0,10.0,Marketplace,Silver,327.57
CUST005723,0.0269,10,12177.42,16.0,16.0,,Gold,327.57
CUST012112,0.4474,6,732.02,2.0,62.0,Referral,Silver,327.51
CUST005560,0.3713,7,882.01,1.0,59.0,Paid Social,Bronze,327.49
CUST007836,0.3381,7,968.4100000000001,2.0,2.0,Organic Search,Silver,327.42
CUST004710,0.5056,5,647.49,2.0,283.0,,Silver,327.37
CUST019431,0.519,5,630.66,2.0,121.0,Paid Social,Bronze,327.31
CUST006087,0.6348,4,514.79,1.0,453.0,Paid Social,Bronze,326.79
CUST007047,0.3646,7,896.0,1.0,19.0,Referral,,326.68
CUST010214,0.299,8,1092.17,4.0,18.0,Influencer,Silver,326.56
CUST016399,0.6395,4,510.58,1.0,193.0,Influencer,Platinum,326.52
CUST006930,0.9479,2,344.4,2.0,317.0,Paid Social,Bronze,326.46
CUST007666,0.1763,9,1849.94,5.0,6.0,Email Campaign,Silver,326.14
CUST003068,0.3906,7,834.8199999999999,2.0,122.0,Email Campaign,Bronze,326.08
CUST009927,0.5665,4,575.33,1.0,35.0,Email Campaign,Gold,325.92
CUST007441,0.5582,4,582.71,1.0,49.0,Paid Social,Silver,325.27
CUST006450,0.9775,1,332.61,1.0,261.0,Organic Search,Bronze,325.13
CUST016595,0.9907,1,328.06,1.0,315.0,Paid Social,Bronze,325.01
CUST012860,0.4413,6,735.9,1.0,152.0,Influencer,Platinum,324.75
CUST002856,0.9749,1,332.76,1.0,258.0,Paid Social,Silver,324.41
CUST000560,0.8857,3,365.78,2.0,91.0,Email Campaign,Bronze,323.97
CUST017407,0.5571,4,581.14,2.0,40.0,Paid Social,Gold,323.75
CUST009551,0.3152,8,1026.73,2.0,2.0,Influencer,Silver,323.63
CUST010136,0.4795,5,672.39,2.0,19.0,Direct,Bronze,322.41
CUST009531,0.9788,1,329.21,1.0,453.0,Email Campaign,Bronze,322.23
CUST005636,0.2018,9,1596.06,4.0,1.0,,Bronze,322.08
CUST010632,0.2225,9,1447.48,1.0,25.0,Organic Search,,322.06
CUST015827,0.9928,1,324.38,1.0,440.0,Influencer,Bronze,322.04
CUST002778,0.438,6,734.71,1.0,263.0,Paid Social,Bronze,321.8
CUST015245,0.3204,8,1004.22,2.0,74.0,Organic Search,Bronze,321.75
CUST000783,0.3334,7,964.5600000000001,2.0,34.0,Organic Search,,321.58
CUST008564,0.4031,6,796.75,1.0,27.0,Organic Search,Platinum,321.17
CUST017908,0.4326,6,742.15,2.0,60.0,Influencer,,321.05
CUST001887,0.601,4,534.01,1.0,38.0,Direct,Bronze,320.94
CUST002436,0.3365,7,953.59,2.0,10.0,Paid Social,Silver,320.88
CUST004303,0.694,4,462.33,1.0,47.0,Email Campaign,Gold,320.86
CUST010658,0.2931,8,1093.47,1.0,26.0,Referral,Silver,320.5
CUST006855,0.5972,4,536.66,2.0,11.0,Influencer,Silver,320.49
CUST019482,0.9478,2,338.09000000000003,2.0,376.0,Direct,Bronze,320.44
CUST018853,0.5082,5,629.9,1.0,55.0,Paid Social,,320.12
CUST014775,0.4279,6,747.98,1.0,21.0,,Gold,320.06
CUST006310,0.4486,6,712.24,1.0,81.0,Organic Search,Silver,319.51
CUST000536,0.9466,2,337.17,1.0,377.0,Organic Search,Silver,319.17
CUST007050,0.9055,3,352.43,1.0,147.0,Email Campaign,Silver,319.13
CUST003873,0.4621,6,690.34,1.0,23.0,Referral,Silver,319.01
CUST015013,0.9873,1,322.84,1.0,317.0,Marketplace,Bronze,318.74
CUST015625,0.4148,6,768.19,1.0,154.0,Direct,Bronze,318.65
CUST017976,0.9259,2,344.12,1.0,108.0,Organic Search,Bronze,318.62
CUST001239,0.335,7,950.96,1.0,61.0,Organic Search,,318.57
CUST002087,0.9713,1,327.86,1.0,326.0,Organic Search,,318.45
CUST001938,0.9713,1,327.75,2.0,268.0,Organic Search,Bronze,318.34
CUST001547,0.6254,4,508.88,2.0,38.0,Paid Social,Silver,318.25
CUST004482,0.9612,2,330.95,2.0,265.0,Direct,Silver,318.11
CUST014460,0.4521,6,703.5,1.0,31.0,Email Campaign,Bronze,318.05
CUST900212,0.9447,2,336.61,2.0,168.0,Organic Search,Bronze,318.0
CUST009030,0.3062,8,1038.41,3.0,106.0,Paid Social,Bronze,317.96
CUST012729,0.3848,7,825.8399999999999,2.0,124.0,Email Campaign,Bronze,317.78
CUST008354,0.4475,6,709.55,1.0,74.0,Paid Social,Bronze,317.52
CUST011374,0.939,2,338.0,1.0,302.0,Organic Search,Bronze,317.38
CUST006919,0.0372,10,8531.060000000001,16.0,4.0,Direct,Silver,317.36
CUST001746,0.8719,3,363.97,1.0,156.0,Email Campaign,Gold,317.35
CUST010647,0.9544,2,332.04,1.0,124.0,Paid Social,Bronze,316.9
CUST003929,0.9865,1,320.96000000000004,2.0,326.0,Organic Search,Bronze,316.63
CUST014928,0.3249,8,974.51,2.0,118.0,Paid Social,Platinum,316.62
CUST018243,0.6136,4,515.76,1.0,44.0,Organic Search,Bronze,316.47
CUST004022,0.2371,9,1333.84,3.0,21.0,Organic Search,Platinum,316.25
CUST014263,0.9417,2,335.79,1.0,99.0,Influencer,Silver,316.21
CUST010553,0.6394,4,494.49,1.0,50.0,,Bronze,316.18
CUST000036,0.9244,2,341.78,1.0,138.0,Direct,Bronze,315.94
CUST015820,0.6635,4,476.12,1.0,106.0,Referral,Bronze,315.91
CUST015302,0.792,3,398.66,2.0,119.0,Direct,Bronze,315.74
CUST011831,0.9535,2,330.98,1.0,303.0,Paid Social,,315.59
CUST003316,0.9703,1,324.63,1.0,454.0,Email Campaign,Bronze,314.99
CUST011124,0.1383,10,2276.88,5.0,79.0,,Bronze,314.89
CUST000805,0.5496,5,572.7,1.0,5.0,Direct,Silver,314.76
CUST004485,0.9296,2,338.26,1.0,220.0,Organic Search,Gold,314.45
CUST003140,0.9399,2,334.52,1.0,423.0,Paid Social,Bronze,314.42
CUST005504,0.1345,10,2336.79,6.0,66.0,Referral,Silver,314.3
CUST014578,0.9708,1,323.68,1.0,341.0,Influencer,Bronze,314.23
CUST014851,0.5533,5,567.42,1.0,122.0,Referral,Bronze,313.95
CUST010580,0.4098,6,764.5799999999999,2.0,61.0,,,313.32
CUST013118,0.3076,8,1015.86,3.0,80.0,Organic Search,Gold,312.48
CUST010921,0.0949,10,3289.55,10.0,33.0,Direct,Silver,312.18
CUST019694,0.0689,10,4528.43,11.0,21.0,,Bronze,312.01
CUST011554,0.4349,6,716.85,1.0,28.0,Paid Social,Bronze,311.76
CUST000918,0.1081,10,2876.54,5.0,6.0,Referral,Bronze,310.95
CUST018771,0.3164,8,981.89,2.0,97.0,Organic Search,Silver,310.67
CUST003659,0.4849,5,640.36,1.0,106.0,Paid Social,,310.51
CUST012948,0.6444,4,481.5,1.0,166.0,Marketplace,Bronze,310.28
CUST012472,0.4822,5,642.44,1.0,87.0,Referral,Bronze,309.78
CUST002835,0.9773,1,316.61,1.0,350.0,Direct,Bronze,309.42
CUST008104,0.2526,9,1224.81,2.0,25.0,Marketplace,Bronze,309.39
CUST005204,0.8394,3,368.08,1.0,73.0,Direct,Bronze,308.97
CUST001340,0.2634,8,1172.05,4.0,45.0,Marketplace,,308.72
CUST013254,0.3548,7,869.31,2.0,9.0,Referral,Bronze,308.43
CUST017544,0.4527,6,680.83,1.0,1.0,Paid Social,Silver,308.21
CUST001797,0.8169,3,376.97,1.0,56.0,Direct,Bronze,307.95
CUST019188,0.9267,2,332.1,2.0,206.0,Influencer,Platinum,307.76
CUST003727,0.9206,2,333.95,1.0,97.0,Influencer,Bronze,307.43
CUST013901,0.2942,8,1043.92,4.0,122.0,Email Campaign,Silver,307.12
CUST009703,0.5829,4,526.81,1.0,9.0,,Bronze,307.08
CUST018818,0.9489,2,323.27,1.0,298.0,Email Campaign,Bronze,306.75
CUST009379,0.2593,8,1181.98,5.0,100.0,Referral,Silver,306.49
CUST003680,0.0327,10,9372.5,16.0,3.0,Referral,,306.48
CUST010108,0.3742,7,818.52,3.0,8.0,Direct,Bronze,306.29
CUST017582,0.5085,5,602.22,3.0,25.0,Organic Search,Bronze,306.23
CUST016789,0.2742,8,1116.83,4.0,115.0,Organic Search,Bronze,306.23
CUST001276,0.8957,3,341.58,1.0,157.0,Paid Social,Bronze,305.95
CUST007259,0.8957,3,341.58,2.0,206.0,,Bronze,305.95
CUST001182,0.2672,8,1144.1200000000001,3.0,2.0,Referral,Bronze,305.71
CUST011010,0.9277,2,329.44,1.0,122.0,Marketplace,,305.62
CUST016817,0.3027,8,1009.6099999999999,3.0,6.0,Organic Search,Bronze,305.61
CUST010487,0.5721,4,533.61,2.0,337.0,Influencer,Platinum,305.28
CUST008943,0.4033,6,755.2,1.0,3.0,Referral,Gold,304.57
CUST014677,0.2703,8,1126.17,1.0,7.0,Referral,Silver,304.4
CUST003077,0.8343,3,364.74,2.0,82.0,Direct,Silver,304.3
CUST014604,0.9817,1,309.94,1.0,281.0,Organic Search,Bronze,304.27
CUST017844,0.4769,5,637.67,1.0,26.0,Organic Search,Gold,304.1
CUST007217,0.9311,2,326.49,1.0,153.0,Paid Social,Gold,303.99
CUST008934,0.6209,4,489.24,1.0,106.0,Organic Search,,303.77
CUST014174,0.9775,1,310.57,1.0,236.0,Organic Search,Platinum,303.58
CUST004957,0.8371,3,361.77,1.0,385.0,Organic Search,Silver,302.84
CUST003706,0.9884,1,306.24,1.0,364.0,Paid Social,Gold,302.69
CUST000717,0.3372,7,895.72,1.0,73.0,Organic Search,Bronze,302.04
CUST008101,0.9851,1,306.11,1.0,402.0,Paid Social,Bronze,301.55
CUST014258,0.1238,10,2434.72,7.0,17.0,Direct,Platinum,301.42
CUST005961,0.5532,5,544.51,1.0,20.0,Influencer,Silver,301.22
CUST006511,0.4514,6,666.87,1.0,79.0,Paid Social,Gold,301.03
CUST013520,0.4172,6,719.85,3.0,116.0,Organic Search,Bronze,300.32
CUST000830,0.1785,9,1679.84,5.0,47.0,Email Campaign,Gold,299.85
CUST019116,0.3072,8,975.21,2.0,80.0,Direct,Platinum,299.58
CUST007597,0.6374,4,469.89000000000004,2.0,40.0,Paid Social,Silver,299.51
CUST008135,0.9905,1,302.3,1.0,302.0,Paid Social,Bronze,299.43
CUST017679,0.1863,9,1607.16,6.0,12.0,Direct,Gold,299.41
CUST010145,0.552,5,542.3,1.0,178.0,,Bronze,299.35
CUST010224,0.3636,7,823.1700000000001,2.0,19.0,Organic Search,Silver,299.3
CUST010674,0.0398,10,7509.12,10.0,25.0,Referral,Gold,298.86
CUST005025,0.1417,10,2107.58,5.0,22.0,Direct,Gold,298.64
CUST001306,0.9305,2,320.94,1.0,98.0,Influencer,Bronze,298.63
CUST011972,0.1588,10,1880.03,6.0,26.0,Referral,Bronze,298.55
CUST016047,0.4547,6,655.36,2.0,100.0,Paid Social,Silver,297.99
CUST000751,0.2827,8,1053.49,6.0,31.0,Organic Search,Bronze,297.82
CUST007702,0.9778,1,304.51,1.0,246.0,Direct,Bronze,297.75
CUST015231,0.9791,1,304.01,2.0,335.0,Paid Social,Bronze,297.66
CUST005350,0.3399,7,875.06,2.0,44.0,,,297.43
CUST015757,0.5901,4,503.69,1.0,210.0,Paid Social,Bronze,297.23
CUST008719,0.5781,4,514.14,2.0,134.0,Organic Search,Bronze,297.22
CUST008452,0.507,5,585.82,2.0,260.0,Email Campaign,Bronze,297.01
CUST001720,0.6286,4,471.95,1.0,39.0,Paid Social,,296.67
CUST012671,0.5182,5,572.21,3.0,56.0,Email Campaign,Bronze,296.52
CUST016812,0.4246,6,697.89,2.0,83.0,Organic Search,Bronze,296.32
CUST013892,0.8525,3,347.58,1.0,127.0,Organic Search,Bronze,296.31
CUST009554,0.2594,8,1142.24,3.0,14.0,Email Campaign,Bronze,296.3
CUST900257,0.4237,6,698.9,4.0,46.0,Organic Search,Platinum,296.12
CUST017546,0.9778,1,302.44,1.0,251.0,Email Campaign,,295.73
CUST015355,0.5198,5,568.87,3.0,124.0,Paid Social,Silver,295.7
CUST018900,0.9819,1,300.92,1.0,323.0,Organic Search,Platinum,295.47
CUST002799,0.2521,9,1171.9699999999998,5.0,22.0,,Gold,295.45
CUST012257,0.1195,10,2469.96,8.0,69.0,Referral,Bronze,295.16
CUST015324,0.4707,5,626.9100000000001,2.0,34.0,Referral,Silver,295.09
CUST016888,0.752,3,392.34,1.0,143.0,Paid Social,Silver,295.04
CUST001522,0.7685,3,383.65000000000003,2.0,44.0,Paid Social,Bronze,294.84
CUST011310,0.4069,6,724.13,1.0,85.0,,Silver,294.65
CUST007157,0.3722,7,791.3299999999999,3.0,94.0,,Silver,294.53
CUST009653,0.8505,3,346.06,1.0,184.0,Influencer,Bronze,294.32
CUST016590,0.4154,6,708.03,1.0,143.0,Email Campaign,Bronze,294.12
CUST014804,0.4307,6,682.77,1.0,58.0,Organic Search,,294.07
CUST010603,0.9311,2,315.22,1.0,414.0,Organic Search,Silver,293.5
CUST009545,0.5696,4,515.24,3.0,6.0,Paid Social,Platinum,293.48
CUST007118,0.7732,3,379.32000000000005,2.0,44.0,Paid Social,Silver,293.29
CUST005347,0.0492,10,5959.69,12.0,1.0,Referral,Silver,293.22
CUST019252,0.9706,1,302.1,1.0,354.0,Organic Search,Bronze,293.22
CUST005421,0.2327,9,1259.21,2.0,12.0,Organic Search,Bronze,293.02
CUST006375,0.4039,6,725.45,2.0,74.0,Influencer,Silver,293.01
CUST018968,0.5168,5,566.96,1.0,341.0,Organic Search,Bronze,293.0
CUST006407,0.5979,4,490.04,1.0,0.0,Organic Search,Silver,292.99
CUST016019,0.5063,5,578.14,4.0,39.0,Influencer,Gold,292.71
CUST001045,0.9781,1,299.09000000000003,2.0,195.0,Marketplace,Gold,292.54
CUST013816,0.5137,5,568.9,1.0,27.0,Email Campaign,,292.24
CUST014665,0.3104,8,941.17,3.0,96.0,Marketplace,Bronze,292.14
CUST004086,0.9763,1,298.4,1.0,249.0,Organic Search,Silver,291.33
CUST013640,0.256,9,1136.13,4.0,95.0,Paid Social,Bronze,290.85
CUST005613,0.3913,7,743.16,3.0,33.0,Email Campaign,Bronze,290.8
CUST010402,0.4921,5,590.83,1.0,27.0,Organic Search,Silver,290.75
CUST010677,0.9011,3,322.61,1.0,255.0,Referral,Bronze,290.7
CUST011751,0.5165,5,562.53,2.0,213.0,Referral,Bronze,290.55
CUST013231,0.9361,2,310.33,1.0,200.0,Referral,Bronze,290.5
CUST011006,0.5788,4,500.81,1.0,58.0,Organic Search,Bronze,289.87
CUST011341,0.5376,5,538.78,2.0,338.0,Referral,Gold,289.65
CUST018811,0.3157,8,917.28,3.0,154.0,Paid Social,Silver,289.59
CUST007614,0.5357,5,540.56,2.0,27.0,Paid Social,Silver,289.58
CUST012194,0.4882,5,593.02,2.0,118.0,Paid Social,Bronze,289.51
CUST007838,0.4295,6,673.86,2.0,31.0,Direct,Silver,289.42
CUST016745,0.3654,7,791.5500000000001,2.0,5.0,Referral,,289.23
CUST016943,0.5324,5,541.9399999999999,2.0,62.0,Organic Search,Gold,288.53
CUST006105,0.4705,5,613.02,1.0,110.0,Paid Social,,288.43
CUST016260,0.988,1,291.79,1.0,228.0,Organic Search,Bronze,288.29
CUST013368,0.6362,4,452.77,2.0,122.0,,Bronze,288.05
CUST006095,0.9489,2,302.91,1.0,125.0,Organic Search,Bronze,287.43
CUST009124,0.5939,4,483.48,3.0,159.0,Paid Social,Bronze,287.14
CUST004975,0.5905,4,485.97,1.0,308.0,Paid Social,Bronze,286.97
CUST009648,0.4397,6,651.85,1.0,29.0,Organic Search,Bronze,286.62
CUST016340,0.4192,6,683.04,2.0,27.0,Organic Search,,286.33
CUST004978,0.6468,4,442.67,1.0,46.0,Email Campaign,Silver,286.32
CUST002057,0.5239,5,545.99,1.0,18.0,Email Campaign,Bronze,286.04
CUST005040,0.9771,1,292.64,1.0,322.0,Influencer,Bronze,285.94
CUST007019,0.3728,7,766.6,1.0,6.0,Paid Social,Silver,285.79
CUST004335,0.5764,4,495.42,1.0,187.0,Organic Search,Bronze,285.56
CUST005571,0.5785,4,493.51,1.0,3.0,Email Campaign,Gold,285.5
CUST013237,0.2004,9,1424.32,5.0,13.0,Direct,Silver,285.43
CUST009338,0.0428,10,6667.900000000001,12.0,2.0,Direct,Silver,285.39
CUST004412,0.9499,2,300.26,1.0,152.0,Influencer,Bronze,285.22
CUST010174,0.2236,9,1274.87,6.0,119.0,Referral,Gold,285.06
CUST007596,0.9891,1,287.97,1.0,353.0,Email Campaign,Bronze,284.83
CUST008875,0.3851,7,738.4,2.0,74.0,Referral,Silver,284.36
CUST016951,0.3799,7,748.27,4.0,152.0,Direct,Bronze,284.27
CUST004962,0.9796,1,290.0,1.0,327.0,Influencer,Bronze,284.08
CUST005318,0.4547,6,624.64,2.0,108.0,Influencer,,284.02
CUST001047,0.459,6,618.4100000000001,2.0,124.0,,Bronze,283.85
CUST007335,0.3683,7,768.38,1.0,39.0,Influencer,,282.99
CUST019548,0.3374,7,838.68,3.0,29.0,Direct,Bronze,282.97
CUST015703,0.948,2,298.38,1.0,150.0,Paid Social,Gold,282.86
CUST018115,0.7343,3,385.07,1.0,231.0,Paid Social,Silver,282.76
CUST002107,0.3069,8,919.98,1.0,44.0,Email Campaign,,282.34
CUST001158,0.544,5,518.71,1.0,126.0,Organic Search,Bronze,282.18
CUST017925,0.3725,7,756.56,1.0,314.0,Paid Social,Bronze,281.82
CUST012734,0.5235,5,538.22,1.0,9.0,Referral,Bronze,281.76
CUST004033,0.3229,8,871.52,3.0,14.0,Paid Social,Gold,281.41
CUST015566,0.6826,4,411.91,1.0,283.0,,,281.17
CUST015953,0.4623,6,608.14,1.0,384.0,Paid Social,Bronze,281.14
CUST007145,0.3212,8,875.1700000000001,3.0,6.0,Paid Social,Platinum,281.1
CUST016708,0.6659,4,422.06,1.0,74.0,Influencer,,281.05
CUST010181,0.4445,6,632.16,3.0,41.0,Marketplace,Bronze,281.0
CUST017425,0.4739,5,592.88,1.0,15.0,Email Campaign,Bronze,280.97
CUST019629,0.9809,1,286.07,1.0,384.0,Paid Social,Silver,280.61
CUST007615,0.3799,7,737.53,3.0,36.0,Paid Social,Silver,280.19
CUST002260,0.9559,2,292.92,1.0,358.0,Influencer,Bronze,280.0
CUST018606,0.1541,10,1815.17,6.0,98.0,Paid Social,Silver,279.72
CUST019313,0.6833,4,409.14,2.0,127.0,Marketplace,,279.57
CUST004025,0.2484,9,1124.85,2.0,8.0,,Platinum,279.41
CUST005389,0.2809,8,994.13,2.0,8.0,Organic Search,Silver,279.25
CUST001825,0.1858,9,1502.79,7.0,13.0,Influencer,Bronze,279.22
CUST000913,0.5184,5,538.32,1.0,11.0,Influencer,Gold,279.07
CUST008509,0.4093,6,681.12,3.0,34.0,Influencer,Silver,278.78
CUST001106,0.9813,1,284.05,1.0,403.0,Paid Social,Silver,278.74
CUST019377,0.9161,2,304.22,2.0,114.0,Direct,Silver,278.7
CUST019876,0.3989,6,698.4,2.0,13.0,Organic Search,Bronze,278.59
CUST010509,0.6203,4,448.82,1.0,123.0,Organic Search,Silver,278.4
CUST015675,0.6381,4,435.77,1.0,40.0,Marketplace,,278.06
CUST018017,0.4014,6,692.4100000000001,3.0,56.0,Organic Search,Bronze,277.93
CUST010057,0.4885,5,568.42,1.0,10.0,Paid Social,Bronze,277.67
CUST006947,0.8029,3,345.73,1.0,85.0,Direct,Silver,277.59
CUST003329,0.3687,7,752.6,1.0,3.0,Organic Search,Bronze,277.48
CUST009110,0.4754,5,582.98,1.0,19.0,Direct,,277.15
CUST011835,0.9879,1,280.54,1.0,397.0,Marketplace,Bronze,277.15
CUST018783,0.3847,7,720.09,1.0,4.0,Email Campaign,Bronze,277.02
CUST012333,0.433,6,639.64,1.0,81.0,Organic Search,Bronze,276.96
CUST016626,0.3251,8,850.8599999999999,3.0,27.0,Organic Search,Bronze,276.61
CUST019425,0.9641,1,286.88,1.0,454.0,Influencer,Bronze,276.58
CUST008571,0.4043,6,683.36,2.0,85.0,Organic Search,Platinum,276.28
CUST003262,0.3329,7,829.77,2.0,53.0,,Bronze,276.23
CUST017412,0.1777,9,1554.1599999999999,4.0,54.0,Direct,Bronze,276.17
CUST008273,0.3811,7,724.01,1.0,207.0,Influencer,Bronze,275.92
CUST010679,0.7844,3,351.57,3.0,87.0,Organic Search,Bronze,275.77
CUST015569,0.583,4,472.86,1.0,297.0,Organic Search,,275.68
CUST009914,0.2551,9,1080.27,4.0,89.0,,Platinum,275.58
CUST015420,0.6695,4,411.24,1.0,81.0,Paid Social,Silver,275.33
CUST001114,0.9153,2,300.62,1.0,155.0,,Gold,275.16
CUST008363,0.4766,5,577.11,1.0,25.0,Referral,Bronze,275.05
CUST017148,0.7251,4,379.17999999999995,2.0,112.0,Direct,Bronze,274.94
CUST019224,0.6297,4,435.44,1.0,107.0,Organic Search,Bronze,274.2
CUST002894,0.6958,4,393.91999999999996,3.0,40.0,Paid Social,Bronze,274.09
CUST000189,0.8652,3,316.78,1.0,52.0,Organic Search,Bronze,274.08
CUST001795,0.6699,4,408.13,1.0,213.0,Organic Search,,273.41
CUST008057,0.585,4,467.08,1.0,41.0,Paid Social,Bronze,273.24
CUST006927,0.2379,9,1147.9099999999999,2.0,107.0,Organic Search,Silver,273.09
CUST019703,0.3942,7,691.79,3.0,52.0,Marketplace,Platinum,272.7
CUST004447,0.399,6,682.81,1.0,0.0,Referral,Bronze,272.44
CUST019487,0.7079,4,384.14,1.0,41.0,Organic Search,Silver,271.93
CUST015291,0.5898,4,461.03,1.0,46.0,Email Campaign,,271.92
CUST014281,0.2256,9,1204.44,4.0,59.0,,Gold,271.72
CUST017589,0.5343,5,507.32000000000005,2.0,79.0,Organic Search,Silver,271.06
CUST019540,0.354,7,765.28,1.0,75.0,Direct,Gold,270.91
CUST015823,0.9072,2,298.48,1.0,301.0,Referral,Bronze,270.78
CUST009959,0.5192,5,521.48,1.0,80.0,Organic Search,Bronze,270.75
CUST016799,0.618,4,437.72,1.0,243.0,Paid Social,Bronze,270.51
CUST017356,0.0199,10,13563.48,13.0,7.0,Referral,Gold,269.91
CUST013427,0.9567,2,281.55,1.0,163.0,Email Campaign,Bronze,269.36
CUST016931,0.421,6,638.7,1.0,123.0,Paid Social,Bronze,268.89
CUST012381,0.8432,3,318.82,1.0,50.0,Influencer,Silver,268.83
CUST012724,0.988,1,271.82,1.0,334.0,Influencer,Bronze,268.56
CUST009504,0.5813,4,461.1,1.0,126.0,Paid Social,Silver,268.04
CUST013083,0.223,9,1198.56,7.0,11.0,,Gold,267.28
CUST014304,0.3812,7,700.9300000000001,2.0,9.0,Referral,Silver,267.19
CUST005226,0.3279,8,813.31,3.0,14.0,Referral,Bronze,266.68
CUST005710,0.0276,10,9661.24,14.0,1.0,Referral,Gold,266.65
CUST012585,0.1052,10,2534.29,9.0,1.0,,Silver,266.61
CUST003224,0.3555,7,749.08,1.0,10.0,Direct,Gold,266.3
CUST017655,0.9398,2,283.12,1.0,333.0,Paid Social,,266.08
CUST005194,0.3901,7,682.01,1.0,387.0,Influencer,Silver,266.05
CUST009458,0.4328,6,614.47,1.0,22.0,Paid Social,Gold,265.94
CUST011418,0.2736,8,971.73,4.0,63.0,Paid Social,Gold,265.87
CUST004546,0.0414,10,6413.99,14.0,1.0,Organic Search,Platinum,265.54
CUST004404,0.3517,7,754.9200000000001,5.0,102.0,Organic Search,Silver,265.51
CUST006972,0.3147,8,843.12,1.0,4.0,Direct,Bronze,265.33
CUST012544,0.9592,2,276.59,1.0,291.0,Email Campaign,Bronze,265.31
CUST000916,0.4794,5,553.05,1.0,237.0,Marketplace,,265.13
CUST006274,0.4114,6,644.47,2.0,23.0,Influencer,Bronze,265.13
CUST008116,0.9153,2,289.59,2.0,197.0,Marketplace,Bronze,265.06
CUST016680,0.5222,5,507.41,1.0,103.0,Influencer,Bronze,264.97
CUST010596,0.4131,6,640.15,2.0,111.0,Direct,Bronze,264.45
CUST014335,0.5345,5,494.48,1.0,200.0,,Gold,264.3
CUST006923,0.6126,4,430.86,1.0,13.0,Paid Social,Bronze,263.94
CUST009975,0.3785,7,696.6800000000001,2.0,164.0,Paid Social,Bronze,263.69
CUST000737,0.3349,7,786.96,3.0,24.0,Influencer,Bronze,263.55
CUST017785,0.366,7,719.92,2.0,14.0,Marketplace,Silver,263.49
CUST009448,0.557,4,472.95,1.0,160.0,Influencer,Bronze,263.43
CUST000489,0.1611,10,1634.48,7.0,17.0,Referral,Platinum,263.31
CUST014414,0.4443,6,592.06,1.0,1.0,Paid Social,,263.05
CUST018948,0.9221,2,284.96,2.0,125.0,Paid Social,Gold,262.76
CUST018596,0.295,8,890.5699999999999,2.0,25.0,Organic Search,Platinum,262.72
CUST019754,0.2742,8,958.09,3.0,53.0,Marketplace,Bronze,262.71
CUST019857,0.9401,2,279.08,1.0,90.0,Paid Social,,262.36
CUST014062,0.3595,7,728.0,1.0,115.0,Direct,Gold,261.72
CUST007398,0.3921,7,666.8399999999999,5.0,4.0,,Bronze,261.47
CUST014459,0.4836,5,540.01,1.0,16.0,Direct,Gold,261.15
CUST016712,0.2577,9,1013.3199999999999,2.0,0.0,Organic Search,Bronze,261.13
CUST015311,0.4087,6,638.9,1.0,116.0,Marketplace,Silver,261.12
CUST019533,0.6377,4,409.27,1.0,270.0,Influencer,Bronze,260.99
CUST017816,0.7516,3,347.2,1.0,38.0,Direct,,260.96
CUST003081,0.9695,1,269.15,1.0,410.0,Marketplace,Bronze,260.94
CUST013759,0.8585,3,303.35,1.0,54.0,Direct,,260.43
CUST002240,0.3409,7,761.54,2.0,21.0,Paid Social,Platinum,259.61
CUST005175,0.3824,7,677.94,2.0,25.0,Organic Search,Bronze,259.24
CUST011469,0.4136,6,623.74,2.0,2.0,Email Campaign,Bronze,257.98
CUST015269,0.9781,1,263.46,1.0,391.0,Influencer,,257.69
CUST013545,0.5472,5,470.79,1.0,194.0,,Silver,257.62
CUST015424,0.9434,2,272.0,1.0,184.0,,Silver,256.6
CUST014490,0.9387,2,273.29,1.0,219.0,Influencer,Bronze,256.54
CUST000262,0.4311,6,594.49,2.0,23.0,,Gold,256.28
CUST009115,0.3207,8,798.8199999999999,3.0,101.0,Email Campaign,Silver,256.18
CUST005923,0.9697,1,264.06,1.0,292.0,Direct,Silver,256.06
CUST014953,0.3191,8,801.02,2.0,59.0,Referral,Bronze,255.61
CUST008511,0.9717,1,262.87,1.0,234.0,Marketplace,Bronze,255.43
CUST015950,0.5316,5,480.03,1.0,136.0,Paid Social,Bronze,255.18
CUST014120,0.3073,8,830.35,2.0,34.0,Email Campaign,Bronze,255.17
CUST002864,0.5879,4,433.28,1.0,3.0,Paid Social,Platinum,254.73
CUST012559,0.8914,3,285.07,1.0,117.0,Paid Social,Bronze,254.11
CUST001553,0.3269,8,777.34,2.0,7.0,Organic Search,Bronze,254.11
CUST004093,0.2186,9,1159.1999999999998,3.0,31.0,Organic Search,Gold,253.4
CUST014890,0.251,9,1009.4,5.0,91.0,Organic Search,Bronze,253.36
CUST002605,0.3913,7,647.46,1.0,9.0,,Gold,253.35
CUST006288,0.3647,7,693.81,1.0,90.0,Paid Social,Bronze,253.03
CUST016156,0.9565,2,264.42,1.0,211.0,Paid Social,Silver,252.92
CUST010168,0.3171,8,795.6800000000001,2.0,131.0,Organic Search,Gold,252.31
CUST002109,0.0591,10,4267.81,13.0,9.0,Organic Search,Platinum,252.23
CUST005147,0.4673,6,539.67,1.0,38.0,Direct,Bronze,252.19
CUST002096,0.5264,5,478.78,1.0,38.0,Paid Social,Silver,252.03
CUST011860,0.8831,3,285.34,1.0,136.0,Direct,Bronze,251.98
CUST003317,0.8456,3,297.15,1.0,63.0,Email Campaign,Gold,251.27
CUST002264,0.9394,2,267.45,2.0,227.0,Paid Social,Bronze,251.24
CUST001815,0.9809,1,256.12,1.0,198.0,Email Campaign,Bronze,251.23
CUST002357,0.5979,4,420.1,1.0,44.0,Influencer,Bronze,251.18
CUST012551,0.3371,7,744.03,1.0,0.0,Organic Search,Silver,250.81
CUST002261,0.9642,1,259.93,2.0,241.0,Paid Social,Bronze,250.62
CUST004088,0.4697,5,533.24,1.0,2.0,Influencer,Silver,250.46
CUST003630,0.5297,5,472.74,2.0,79.0,Influencer,Bronze,250.41
CUST013365,0.5769,4,433.87,1.0,21.0,Paid Social,Bronze,250.3
CUST006933,0.4285,6,584.01,2.0,122.0,Direct,Bronze,250.25
CUST013730,0.3793,7,659.51,1.0,1.0,Referral,Silver,250.15
CUST006586,0.5782,4,432.58,1.0,25.0,Organic Search,Bronze,250.12
CUST004946,0.6688,4,373.8,1.0,29.0,Paid Social,Bronze,250.0
CUST016416,0.3003,8,832.49,2.0,104.0,Direct,Bronze,250.0
CUST010938,0.568,4,440.05,1.0,144.0,Paid Social,Bronze,249.95
CUST001573,0.9686,1,257.96,2.0,243.0,Marketplace,Silver,249.86
CUST008512,0.1593,10,1567.35,5.0,9.0,Influencer,Platinum,249.68
CUST016439,0.2867,8,870.25,2.0,46.0,Marketplace,,249.5
CUST017911,0.9782,1,254.64,1.0,205.0,Marketplace,,249.09
CUST009376,0.6979,4,356.49,1.0,35.0,Email Campaign,Bronze,248.79
CUST004657,0.346,7,718.56,2.0,2.0,Paid Social,Gold,248.62
CUST012258,0.5112,5,486.25,1.0,281.0,Organic Search,Silver,248.57
CUST018960,0.3524,7,705.26,3.0,29.0,Organic Search,Platinum,248.53
CUST015263,0.8471,3,293.17,2.0,81.0,Paid Social,Gold,248.34
CUST016699,0.4206,6,590.15,1.0,3.0,Organic Search,Bronze,248.22
CUST002818,0.2164,9,1146.61,5.0,54.0,Organic Search,,248.13
CUST017359,0.9496,2,260.82,1.0,372.0,Paid Social,Bronze,247.67
CUST002315,0.4097,6,603.33,1.0,202.0,Paid Social,Bronze,247.18
CUST017551,0.9281,2,266.28,1.0,200.0,Direct,Silver,247.13
CUST014870,0.7922,3,311.76,2.0,97.0,Organic Search,Bronze,246.98
CUST006752,0.3478,7,709.9200000000001,2.0,108.0,Influencer,Bronze,246.91
CUST019084,0.9758,1,252.9,1.0,386.0,Marketplace,Bronze,246.78
CUST009851,0.9205,2,268.0,1.0,115.0,Paid Social,Bronze,246.69
CUST007396,0.8966,3,275.01,1.0,257.0,Paid Social,Bronze,246.57
CUST001873,0.5391,5,457.31,1.0,227.0,Marketplace,Bronze,246.54
CUST002951,0.3926,7,627.71,1.0,72.0,Referral,Silver,246.44
CUST003153,0.9548,2,257.94,1.0,140.0,Paid Social,Bronze,246.28
CUST017618,0.5437,5,452.83,1.0,34.0,Organic Search,Gold,246.2
CUST004848,0.9254,2,265.96,1.0,155.0,Email Campaign,Bronze,246.12
CUST004401,0.7214,4,340.89,1.0,65.0,Paid Social,Silver,245.92
CUST012384,0.9522,2,258.21,1.0,219.0,Paid Social,Bronze,245.87
CUST015217,0.2643,8,929.9399999999999,3.0,116.0,Email Campaign,Bronze,245.78
CUST001003,0.6363,4,386.22,1.0,53.0,Referral,,245.75
CUST001250,0.9613,2,255.59,1.0,297.0,Direct,Bronze,245.7
CUST018142,0.6171,4,397.85,3.0,17.0,,Gold,245.51
CUST015637,0.9378,2,261.76,1.0,114.0,Referral,Platinum,245.48
CUST000842,0.9162,2,267.84,1.0,128.0,Direct,Bronze,245.4
CUST008484,0.6352,4,385.75,1.0,4.0,Organic Search,Bronze,245.03
CUST009313,0.9788,1,249.87,2.0,428.0,,,244.57
CUST003767,0.5839,4,418.82,1.0,52.0,Organic Search,Silver,244.55
CUST010743,0.9299,2,262.97,1.0,170.0,Paid Social,Bronze,244.54
CUST005970,0.3693,7,661.87,2.0,10.0,Organic Search,Gold,244.43
CUST018731,0.9648,1,253.24,1.0,442.0,Direct,Platinum,244.33
CUST015777,0.4804,5,508.15,1.0,15.0,Organic Search,Silver,244.12
CUST010920,0.9828,1,248.02,1.0,255.0,Direct,Bronze,243.75
CUST003728,0.6173,4,394.66,1.0,35.0,,Gold,243.62
CUST011698,0.3832,7,635.65,2.0,26.0,Referral,Bronze,243.58
CUST018534,0.6535,4,372.53,1.0,104.0,Paid Social,Bronze,243.45
CUST000853,0.5652,4,430.19,1.0,68.0,Influencer,Gold,243.14
CUST010470,0.8323,3,291.86,2.0,69.0,Referral,Bronze,242.92
CUST014053,0.6312,4,384.75,1.0,313.0,Influencer,Bronze,242.85
CUST000559,0.3878,7,625.12,1.0,48.0,Organic Search,Bronze,242.42
CUST018000,0.3043,8,796.5699999999999,4.0,50.0,Referral,Silver,242.4
CUST001830,0.5145,5,470.86,1.0,2.0,Referral,Bronze,242.26
CUST004070,0.5041,5,480.37,1.0,3.0,Marketplace,Bronze,242.15
CUST001221,0.3274,8,738.49,1.0,17.0,Organic Search,Gold,241.78
CUST018175,0.9821,1,246.02,1.0,345.0,Referral,Silver,241.62
CUST011641,0.5138,5,469.75,1.0,3.0,Direct,Bronze,241.36
CUST016401,0.5081,5,475.02,1.0,163.0,Organic Search,,241.36
CUST010209,0.6296,4,383.13,1.0,178.0,Marketplace,Bronze,241.22
CUST002805,0.482,5,500.44,1.0,14.0,,Platinum,241.21
CUST017382,0.9875,1,244.12,1.0,352.0,Paid Social,Silver,241.07
CUST001431,0.6333,4,380.44,1.0,156.0,Influencer,Bronze,240.93
CUST013884,0.3669,7,654.93,1.0,167.0,Paid Social,Bronze,240.29
CUST008655,0.4409,6,544.31,1.0,64.0,,Bronze,239.99
CUST018252,0.9178,2,261.24,1.0,112.0,Direct,Bronze,239.77
CUST011632,0.3999,6,599.5500000000001,2.0,326.0,Organic Search,Bronze,239.76
CUST015993,0.9795,1,244.67000000000002,2.0,236.0,Direct,Bronze,239.65
CUST016775,0.9624,1,248.92,1.0,192.0,Paid Social,,239.56
CUST005225,0.579,4,413.71,1.0,31.0,Direct,Bronze,239.54
CUST016813,0.9658,1,247.84,1.0,278.0,Direct,Bronze,239.36
CUST001483,0.8945,3,267.24,1.0,106.0,Influencer,Bronze,239.05
CUST003571,0.4184,6,571.24,2.0,31.0,Paid Social,Bronze,239.01
CUST009002,0.4225,6,565.4100000000001,2.0,228.0,Paid Social,Silver,238.89
CUST019732,0.7916,3,301.46,1.0,33.0,Paid Social,Bronze,238.64
CUST009525,0.9682,1,246.44,1.0,272.0,Influencer,Bronze,238.6
CUST015468,0.8949,3,265.88,3.0,209.0,Direct,Bronze,237.94
CUST008775,0.9285,2,255.81,1.0,139.0,Email Campaign,Silver,237.52
CUST002745,0.5085,5,465.66,1.0,106.0,Paid Social,,236.79
CUST002076,0.3834,7,617.39,3.0,49.0,Referral,Silver,236.71
CUST017192,0.258,8,917.27,1.0,25.0,Referral,Platinum,236.66
CUST005496,0.9638,1,245.36,1.0,290.0,Direct,Bronze,236.48
CUST014228,0.4497,6,525.74,2.0,23.0,Paid Social,Bronze,236.43
CUST003712,0.2846,8,830.72,3.0,44.0,Referral,Bronze,236.42
CUST013539,0.3712,7,636.55,1.0,3.0,Influencer,Bronze,236.29
CUST002152,0.5513,5,428.40999999999997,2.0,115.0,Organic Search,Silver,236.18
CUST010973,0.449,6,525.5999999999999,2.0,17.0,Organic Search,Bronze,235.99
CUST009486,0.9022,3,261.53,1.0,213.0,Organic Search,Silver,235.95
CUST007418,0.395,7,595.79,1.0,85.0,Email Campaign,Silver,235.34
CUST010767,0.3695,7,635.28,1.0,18.0,Organic Search,Silver,234.74
CUST015878,0.5927,4,395.47,1.0,52.0,Influencer,Bronze,234.4
CUST016069,0.1671,10,1402.12,3.0,0.0,Referral,Bronze,234.29
CUST019037,0.5941,4,393.27,1.0,54.0,Direct,Silver,233.64
CUST019101,0.4327,6,539.5,1.0,18.0,Organic Search,Bronze,233.44
CUST003803,0.97,1,240.33,1.0,353.0,Organic Search,Bronze,233.12
CUST014759,0.5545,5,420.11,1.0,118.0,Organic Search,,232.95
CUST008072,0.6227,4,373.85,1.0,1.0,Paid Social,Bronze,232.8
CUST010272,0.97,1,239.79,1.0,297.0,Influencer,Bronze,232.6
CUST006309,0.6051,4,384.17,1.0,179.0,Direct,Silver,232.46
CUST001608,0.505,5,460.06,1.0,192.0,Paid Social,Bronze,232.33
CUST012643,0.8652,3,268.38,1.0,74.0,Paid Social,Gold,232.2
CUST015309,0.9288,2,249.61,1.0,168.0,,,231.84
CUST000637,0.9718,1,238.53,1.0,297.0,Direct,Platinum,231.8
CUST014758,0.3776,7,613.0699999999999,3.0,53.0,Influencer,Gold,231.5
CUST004143,0.4293,6,539.0,2.0,53.0,Organic Search,,231.39
CUST017728,0.6061,4,381.64,1.0,102.0,Paid Social,Bronze,231.31
CUST008815,0.4637,6,498.23,2.0,24.0,Direct,Silver,231.03
CUST003084,0.1624,10,1420.17,6.0,5.0,Email Campaign,Bronze,230.64
CUST001891,0.4481,6,514.71,1.0,6.0,Direct,Silver,230.64
CUST005196,0.9478,2,243.33,1.0,129.0,Paid Social,Bronze,230.63
CUST019945,0.9747,1,236.24,1.0,378.0,Paid Social,Bronze,230.26
CUST015368,0.3851,7,597.33,1.0,207.0,Organic Search,Silver,230.03
CUST014405,0.8026,3,286.49,1.0,161.0,,Silver,229.94
CUST014742,0.44,6,522.2,1.0,9.0,Referral,Bronze,229.77
CUST002637,0.6186,4,371.34000000000003,2.0,123.0,Direct,Bronze,229.71
CUST005434,0.3408,7,674.04,1.0,79.0,Referral,Gold,229.71
CUST018898,0.9422,2,243.78,1.0,149.0,,Platinum,229.69
CUST003507,0.9159,2,250.57,1.0,108.0,Direct,Bronze,229.5
CUST014940,0.4831,5,474.64,1.0,65.0,Email Campaign,Silver,229.3
CUST001288,0.9156,2,250.43,2.0,108.0,Paid Social,Gold,229.29
CUST017236,0.3284,8,696.8,1.0,247.0,Organic Search,Bronze,228.83
CUST011804,0.4867,5,469.71,1.0,13.0,Email Campaign,Silver,228.61
CUST011847,0.1633,10,1397.83,5.0,16.0,Referral,Bronze,228.27
CUST012929,0.4231,6,539.25,2.0,19.0,Organic Search,,228.16
CUST010635,0.3735,7,610.22,1.0,7.0,Organic Search,Platinum,227.92
CUST014511,0.9776,1,231.96,2.0,249.0,Direct,Bronze,226.76
CUST006145,0.4171,6,543.59,1.0,32.0,Referral,Bronze,226.73
CUST008799,0.546,5,414.74,1.0,24.0,Marketplace,Bronze,226.45
CUST016068,0.0603,10,3752.66,9.0,11.0,Email Campaign,Bronze,226.29
CUST013904,0.3298,8,686.1500000000001,2.0,7.0,Organic Search,Bronze,226.29
CUST001439,0.9643,1,234.25,1.0,394.0,Paid Social,Silver,225.89
CUST010542,0.9501,2,237.26000000000002,2.0,237.0,Referral,Bronze,225.42
CUST009818,0.9749,1,231.05,1.0,310.0,Paid Social,Bronze,225.25
CUST002160,0.4721,5,476.69,2.0,202.0,Paid Social,Gold,225.05
CUST009815,0.6643,4,338.41,1.0,49.0,Marketplace,Bronze,224.81
CUST002565,0.7082,4,317.38,1.0,26.0,,Bronze,224.77
CUST005414,0.9763,1,230.22,1.0,437.0,Referral,,224.76
CUST010861,0.6036,4,372.17,1.0,23.0,Influencer,Bronze,224.64
CUST012974,0.6237,4,359.99,4.0,50.0,Organic Search,Bronze,224.53
CUST003696,0.9612,2,233.13,1.0,235.0,Paid Social,Silver,224.08
CUST003485,0.9217,2,242.96,1.0,182.0,Organic Search,Bronze,223.94
CUST010310,0.627,4,357.07,1.0,272.0,Paid Social,Bronze,223.88
CUST010121,0.3747,7,596.79,1.0,5.0,Direct,,223.62
CUST017610,0.5184,5,431.26,1.0,0.0,Organic Search,Silver,223.57
CUST009684,0.3504,7,637.98,1.0,96.0,Direct,Silver,223.55
CUST012338,0.9806,1,227.96,1.0,312.0,Marketplace,Bronze,223.54
CUST011921,0.6166,4,362.33,1.0,30.0,Paid Social,Silver,223.41
CUST011939,0.8248,3,270.74,1.0,78.0,Referral,Bronze,223.31
CUST002478,0.5745,4,387.53999999999996,2.0,14.0,Influencer,Bronze,222.64
CUST014273,0.6387,4,348.21,1.0,243.0,Organic Search,Bronze,222.4
CUST006759,0.5247,5,423.87,1.0,45.0,Paid Social,Bronze,222.4
CUST007394,0.3853,7,575.58,1.0,116.0,Email Campaign,Bronze,221.77
CUST004416,0.6275,4,353.32000000000005,2.0,101.0,Paid Social,Bronze,221.71
CUST015772,0.6407,4,345.9,1.0,30.0,Direct,Silver,221.62
CUST019441,0.5562,4,398.44,1.0,1.0,Paid Social,Bronze,221.61
CUST009314,0.4133,6,536.02,2.0,46.0,Organic Search,Platinum,221.54
CUST000980,0.7073,4,312.08000000000004,2.0,46.0,Influencer,Silver,220.73
CUST005825,0.936,2,235.76,1.0,123.0,Referral,Bronze,220.67
CUST002837,0.2536,9,870.1,2.0,36.0,Email Campaign,Bronze,220.66
CUST013793,0.8513,3,259.0,1.0,54.0,Influencer,Gold,220.49
CUST000228,0.453,6,486.64,2.0,104.0,Organic Search,,220.45
CUST007126,0.9036,3,243.97,1.0,108.0,Organic Search,Silver,220.45
CUST001750,0.3135,8,702.3199999999999,3.0,9.0,Organic Search,Bronze,220.18
CUST018353,0.3158,8,696.87,3.0,108.0,Direct,Bronze,220.07
CUST006192,0.3845,7,572.3000000000001,2.0,21.0,Marketplace,Silver,220.05
CUST008574,0.9002,3,244.4,1.0,433.0,Paid Social,Silver,220.01
CUST013030,0.234,9,937.44,4.0,22.0,Referral,Gold,219.36
CUST010661,0.7018,4,312.29,1.0,55.0,Email Campaign,Bronze,219.17
CUST004960,0.5756,4,380.72,1.0,334.0,Organic Search,Bronze,219.14
CUST015965,0.4531,6,483.12,1.0,176.0,Paid Social,,218.9
CUST015968,0.3087,8,708.7,1.0,7.0,Email Campaign,Gold,218.78
CUST006977,0.3857,7,566.37,1.0,31.0,Referral,Bronze,218.45
CUST008308,0.43,6,507.63,1.0,176.0,Paid Social,Bronze,218.28
CUST013331,0.8649,3,252.37,1.0,202.0,Influencer,Bronze,218.27
CUST012045,0.4612,6,472.72,1.0,106.0,Direct,Platinum,218.02
CUST006479,0.5734,4,380.2,1.0,101.0,Paid Social,Silver,218.01
CUST002672,0.5322,5,409.39,1.0,96.0,Influencer,Bronze,217.88
CUST011587,0.9039,3,240.76,1.0,110.0,Paid Social,Bronze,217.62
CUST019360,0.2997,8,724.95,1.0,28.0,Marketplace,Silver,217.27
CUST014243,0.2041,9,1064.1100000000001,4.0,17.0,Paid Social,Gold,217.18
CUST007530,0.4365,6,496.52,2.0,52.0,Direct,,216.73
CUST019130,0.9155,2,236.67,1.0,394.0,Paid Social,Silver,216.67
CUST014450,0.6188,4,349.05,1.0,335.0,Paid Social,Bronze,215.99
CUST013148,0.8419,3,256.45,1.0,97.0,Email Campaign,,215.91
CUST006667,0.9374,2,230.32,2.0,172.0,,Bronze,215.9
CUST015114,0.9848,1,218.85,1.0,398.0,Influencer,Bronze,215.52
CUST000509,0.4121,6,522.86,2.0,43.0,Email Campaign,Gold,215.47
CUST011147,0.9846,1,218.81,2.0,256.0,Paid Social,Bronze,215.44
CUST012779,0.4402,6,489.12,1.0,24.0,Email Campaign,Bronze,215.31
CUST001645,0.42,6,512.38,1.0,11.0,Organic Search,Silver,215.2
CUST012815,0.3475,7,619.2,1.0,68.0,Influencer,Bronze,215.17
CUST004733,0.518,5,415.21,1.0,9.0,Organic Search,Silver,215.08
CUST012109,0.5014,5,428.89,2.0,318.0,Marketplace,Bronze,215.05
CUST015940,0.9792,1,219.16,1.0,418.0,Referral,Bronze,214.6
CUST011001,0.6033,4,354.21,1.0,102.0,Organic Search,Gold,213.69
CUST004392,0.4259,6,501.43,1.0,70.0,Organic Search,Platinum,213.56
CUST016154,0.9455,2,225.56,1.0,269.0,Organic Search,Silver,213.27
CUST005786,0.3707,7,575.04,2.0,34.0,Direct,Gold,213.17
CUST013280,0.3369,7,632.7,1.0,46.0,Direct,Platinum,213.16
CUST010416,0.5905,4,360.61,2.0,70.0,Direct,Silver,212.94
CUST007972,0.591,4,360.1,1.0,293.0,Paid Social,Gold,212.82
CUST012694,0.8172,3,260.43,1.0,34.0,Influencer,Silver,212.82
CUST006352,0.3254,8,653.58,1.0,37.0,Marketplace,Silver,212.67
CUST013286,0.3642,7,583.77,2.0,27.0,Email Campaign,Bronze,212.61
CUST013295,0.9669,1,219.74,1.0,370.0,Influencer,Silver,212.47
CUST002466,0.459,6,462.67,1.0,22.0,Influencer,Bronze,212.37
CUST001523,0.9185,2,230.87,1.0,104.0,Organic Search,Bronze,212.05
CUST017861,0.9849,1,214.83,1.0,256.0,Organic Search,Silver,211.59
CUST015605,0.9837,1,214.73,1.0,323.0,,Platinum,211.23
CUST010538,0.9673,1,218.28,2.0,291.0,Paid Social,Silver,211.14
CUST014549,0.5328,5,396.21000000000004,2.0,151.0,,,211.1
CUST019505,0.4772,5,441.85,2.0,170.0,Organic Search,Bronze,210.85
CUST002926,0.9685,1,217.69,1.0,396.0,Organic Search,Bronze,210.83
CUST000678,0.1345,10,1566.93,7.0,2.0,Email Campaign,Gold,210.75
CUST014012,0.606,4,347.76,1.0,30.0,Marketplace,Gold,210.74
CUST013373,0.2756,8,764.2,1.0,17.0,Direct,Gold,210.61
CUST017518,0.4247,6,495.59000000000003,2.0,339.0,Paid Social,Bronze,210.48
CUST002123,0.9603,2,219.06,1.0,241.0,Organic Search,Bronze,210.36
CUST002727,0.8757,3,240.14,1.0,98.0,Marketplace,Gold,210.29
CUST012012,0.9327,2,225.42,1.0,158.0,Organic Search,Bronze,210.25
CUST018102,0.3722,7,564.8199999999999,2.0,18.0,Organic Search,Silver,210.23
CUST008755,0.2977,8,706.1600000000001,4.0,13.0,Marketplace,Silver,210.22
CUST012395,0.7961,3,263.92,1.0,87.0,Influencer,Silver,210.11
CUST013311,0.4944,5,423.76,1.0,311.0,Organic Search,,209.51
CUST000836,0.9501,2,220.48,1.0,151.0,,Silver,209.48
CUST005000,0.6679,4,313.36,1.0,80.0,Marketplace,Bronze,209.29
CUST016747,0.2473,9,845.61,4.0,92.0,Email Campaign,Bronze,209.12
CUST003495,0.9411,2,221.96,1.0,279.0,Marketplace,Platinum,208.89
CUST006821,0.5428,5,384.78999999999996,2.0,143.0,Influencer,Bronze,208.86
CUST017126,0.9848,1,211.68,1.0,279.0,Paid Social,,208.46
CUST010683,0.3683,7,565.89,1.0,387.0,Organic Search,Bronze,208.42
CUST005917,0.6674,4,311.64,1.0,65.0,Influencer,Silver,207.99
CUST019228,0.362,7,574.52,1.0,129.0,Organic Search,Silver,207.98
CUST003551,0.9058,3,229.52,1.0,104.0,Marketplace,Silver,207.9
CUST012688,0.3147,8,659.85,1.0,11.0,Organic Search,Platinum,207.65
CUST013076,0.3502,7,592.8199999999999,2.0,143.0,Paid Social,Bronze,207.61
CUST012920,0.7107,4,291.52000000000004,2.0,40.0,Marketplace,Bronze,207.18
CUST005532,0.3414,7,606.72,2.0,89.0,Organic Search,Gold,207.13
CUST003584,0.9885,1,209.43,1.0,319.0,Direct,Gold,207.02
CUST014188,0.903,3,229.22,1.0,247.0,Email Campaign,Silver,206.99
CUST008929,0.3297,8,627.37,1.0,28.0,Email Campaign,Gold,206.84
CUST015880,0.546,5,378.78,1.0,10.0,Direct,Silver,206.81
CUST011676,0.5155,5,400.84,1.0,16.0,Direct,Bronze,206.63
CUST000701,0.8543,3,241.69,1.0,354.0,Paid Social,Bronze,206.48
CUST017927,0.6053,4,340.95,1.0,79.0,Organic Search,Bronze,206.38
CUST015445,0.874,3,235.87,1.0,116.0,Paid Social,Silver,206.15
CUST011319,0.4612,6,446.88,2.0,252.0,Paid Social,Bronze,206.1
CUST003424,0.4857,5,423.92,2.0,141.0,Paid Social,Bronze,205.9
CUST007340,0.424,6,485.32,1.0,18.0,Organic Search,Gold,205.78
CUST008606,0.1648,10,1248.46,4.0,52.0,Paid Social,Platinum,205.75
CUST001893,0.4888,5,420.71,1.0,5.0,Paid Social,Bronze,205.64
CUST019221,0.3132,8,656.49,1.0,60.0,Referral,Gold,205.61
CUST006269,0.5502,5,373.64,1.0,126.0,Direct,Silver,205.58
CUST006666,0.514,5,399.63,1.0,68.0,Influencer,Gold,205.41
CUST006950,0.589,4,348.55,1.0,24.0,Influencer,Gold,205.3
CUST019011,0.9248,2,221.66,1.0,143.0,Influencer,Silver,204.99
CUST007952,0.3525,7,581.34,2.0,92.0,Organic Search,Silver,204.92
CUST018578,0.9864,1,207.59,1.0,435.0,,Platinum,204.77
CUST010025,0.42,6,487.3,1.0,13.0,Organic Search,Gold,204.67
CUST012054,0.4629,6,442.12,2.0,272.0,Organic Search,Gold,204.66
CUST013104,0.4632,6,440.39,1.0,23.0,Email Campaign,Gold,203.99
CUST007161,0.6381,4,319.58,1.0,16.0,Email Campaign,Silver,203.92
CUST003458,0.1856,9,1098.05,5.0,74.0,Organic Search,Bronze,203.8
CUST008324,0.901,3,226.02,1.0,341.0,Organic Search,Bronze,203.64
CUST012725,0.5813,4,349.86,1.0,104.0,Paid Social,Bronze,203.37
CUST008985,0.6288,4,323.28999999999996,2.0,269.0,Direct,Bronze,203.28
CUST007464,0.8351,3,243.39,1.0,381.0,Email Campaign,Bronze,203.25
CUST011278,0.4413,6,460.26,1.0,4.0,Email Campaign,Bronze,203.11
CUST006760,0.9103,2,223.08,1.0,136.0,Marketplace,Gold,203.07
CUST000284,0.4769,5,425.4,1.0,123.0,Paid Social,Bronze,202.87
CUST013691,0.5329,5,380.49,1.0,168.0,Organic Search,Silver,202.76
CUST013665,0.4296,6,471.68,1.0,20.0,,Bronze,202.63
CUST011549,0.5245,5,386.22,1.0,18.0,Direct,Bronze,202.57
CUST000226,0.6682,4,302.89,1.0,192.0,Organic Search,Silver,202.39
CUST019339,0.96,2,210.79,1.0,354.0,Paid Social,Bronze,202.36
CUST001404,0.8895,3,227.44,1.0,280.0,Paid Social,Silver,202.31
CUST019405,0.9446,2,214.11,1.0,255.0,Paid Social,,202.25
CUST018564,0.5394,5,374.54,1.0,125.0,Referral,Silver,202.03
CUST012900,0.8652,3,232.7,1.0,122.0,Direct,Bronze,201.33
CUST014922,0.1757,9,1145.62,5.0,108.0,Organic Search,Silver,201.29
CUST016065,0.3575,7,562.86,1.0,0.0,Email Campaign,,201.22
CUST011317,0.4284,6,469.38,1.0,127.0,Organic Search,Bronze,201.08
CUST017614,0.4015,6,500.81,1.0,8.0,Paid Social,Gold,201.08
CUST014727,0.2942,8,681.97,3.0,14.0,Email Campaign,Bronze,200.64
CUST006380,0.5366,5,373.8,1.0,1.0,Paid Social,,200.58
CUST012410,0.8919,3,224.87,2.0,103.0,Paid Social,Gold,200.56
CUST018823,0.527,5,380.39,2.0,25.0,,Bronze,200.47
CUST007025,0.103,10,1942.92,9.0,19.0,Referral,Gold,200.12
CUST004880,0.3949,7,505.77,2.0,7.0,Paid Social,Silver,199.73
CUST006824,0.9121,2,218.79,1.0,321.0,Organic Search,Gold,199.56
CUST015499,0.5269,5,378.52,1.0,139.0,Paid Social,Bronze,199.44
CUST000435,0.2447,9,814.6,3.0,24.0,Direct,Silver,199.33
CUST015457,0.8927,3,223.17,1.0,117.0,Paid Social,Bronze,199.22
CUST002793,0.931,2,213.76,1.0,130.0,,Gold,199.01
CUST019765,0.9878,1,201.42,2.0,378.0,Paid Social,Bronze,198.96
CUST003452,0.6128,4,324.11,1.0,186.0,Influencer,Bronze,198.61
CUST011464,0.3274,8,606.38,1.0,317.0,Paid Social,Gold,198.53
CUST007225,0.5017,5,395.51,1.0,25.0,Marketplace,Bronze,198.43
CUST004707,0.936,2,211.81,1.0,131.0,Referral,Bronze,198.25
CUST006918,0.8124,3,243.87,2.0,118.0,Referral,,198.12
CUST008778,0.3604,7,549.35,2.0,20.0,Direct,Gold,197.99
CUST004494,0.3199,8,618.61,1.0,40.0,Organic Search,Bronze,197.89
CUST010152,0.4498,6,439.96,1.0,29.0,Marketplace,Gold,197.89
CUST006569,0.963,1,205.4,1.0,431.0,,Bronze,197.8
CUST002680,0.4382,6,450.24,2.0,13.0,Influencer,,197.3
CUST016650,0.9723,1,202.87,1.0,334.0,Organic Search,Bronze,197.25
CUST018621,0.9704,1,203.04,1.0,357.0,Direct,,197.03
CUST016404,0.3429,7,574.49,1.0,24.0,Referral,Silver,196.99
CUST013096,0.6213,4,316.57,1.0,16.0,Direct,Bronze,196.68
CUST012075,0.8884,3,220.87,1.0,96.0,Direct,Silver,196.22
CUST008903,0.9496,2,206.41,1.0,427.0,,Silver,196.01
CUST019045,0.6028,4,325.12,1.0,171.0,Organic Search,Silver,195.98
CUST000586,0.9494,2,206.41,1.0,160.0,Paid Social,Bronze,195.97
CUST010059,0.2835,8,690.86,2.0,53.0,Referral,Bronze,195.86
CUST006306,0.5038,5,388.28,2.0,94.0,,Silver,195.62
CUST008946,0.9886,1,197.56,1.0,310.0,Influencer,Silver,195.31
CUST004776,0.9017,3,216.26,1.0,114.0,Email Campaign,Bronze,195.0
CUST004661,0.4586,6,424.6,1.0,38.0,Email Campaign,Silver,194.72
CUST010253,0.5228,5,372.4,1.0,146.0,,Bronze,194.69
CUST006156,0.6478,4,300.06,1.0,114.0,Paid Social,Silver,194.38
CUST013642,0.8211,3,236.57,1.0,59.0,Organic Search,Bronze,194.25
CUST016502,0.9167,2,211.87,1.0,157.0,Influencer,Gold,194.22
CUST011565,0.8954,3,216.8,1.0,102.0,Organic Search,Bronze,194.12
CUST002458,0.3506,7,553.24,1.0,17.0,Direct,Silver,193.97
CUST010564,0.6012,4,322.6,1.0,155.0,Marketplace,Gold,193.95
CUST004013,0.9411,2,205.95,1.0,227.0,Influencer,,193.82
CUST006196,0.944,2,205.1,1.0,157.0,Marketplace,Silver,193.61
CUST008282,0.2163,9,894.05,4.0,41.0,Referral,,193.38
CUST000267,0.5927,4,326.18,1.0,58.0,Marketplace,Bronze,193.33
CUST002392,0.5502,5,351.3,1.0,16.0,Paid Social,Bronze,193.29
CUST002945,0.4557,6,424.11,1.0,289.0,Referral,Gold,193.27
CUST004289,0.6329,4,305.13,1.0,66.0,Email Campaign,Gold,193.12
CUST018153,0.9607,2,200.85,1.0,282.0,Organic Search,Gold,192.96
CUST016580,0.3299,8,584.23,2.0,6.0,Influencer,,192.74
CUST009646,0.425,6,453.22,2.0,91.0,Referral,Bronze,192.62
CUST002722,0.6677,4,287.46,1.0,58.0,Influencer,Silver,191.94
CUST016223,0.4663,6,411.5,1.0,3.0,Influencer,Silver,191.88
CUST900130,0.6221,4,307.48,1.0,34.0,Direct,Silver,191.28
CUST004174,0.9493,2,200.9,1.0,152.0,Influencer,Bronze,190.71
CUST012813,0.5336,5,357.35,1.0,40.0,Organic Search,Bronze,190.68
CUST012691,0.9263,2,205.57,1.0,249.0,Direct,,190.42
CUST001611,0.1837,9,1036.06,3.0,15.0,Direct,Bronze,190.32
CUST006859,0.9499,2,199.91,1.0,136.0,Marketplace,Bronze,189.89
CUST014108,0.639,4,296.14,1.0,398.0,Paid Social,Bronze,189.23
CUST011240,0.3825,7,494.28,3.0,3.0,Marketplace,Bronze,189.06
CUST014191,0.512,5,368.91,2.0,42.0,Organic Search,Silver,188.88
CUST018627,0.6535,4,288.98,1.0,17.0,Influencer,Gold,188.85
CUST018947,0.7223,4,261.23,2.0,232.0,Referral,Bronze,188.69
CUST006724,0.9256,2,203.59,1.0,403.0,Paid Social,,188.44
CUST004976,0.7441,3,252.73,1.0,31.0,Direct,Gold,188.06
CUST019971,0.5387,5,348.88,2.0,332.0,Email Campaign,Silver,187.94
CUST007879,0.6319,4,296.47,1.0,70.0,Paid Social,Silver,187.34
CUST012899,0.4071,6,460.13,1.0,24.0,,Bronze,187.32
CUST011101,0.6303,4,297.17,1.0,209.0,Paid Social,Silver,187.31
CUST003242,0.7536,3,248.23,1.0,41.0,Direct,Bronze,187.07
CUST007388,0.5785,4,323.0,1.0,189.0,,Gold,186.86
CUST017613,0.4088,6,456.98,1.0,1.0,,Bronze,186.81
CUST000241,0.8127,3,229.35,1.0,186.0,,Bronze,186.39
CUST010208,0.5192,5,358.91,1.0,108.0,Influencer,Silver,186.35
CUST008499,0.5171,5,359.87,1.0,162.0,Paid Social,Bronze,186.09
CUST014272,0.9609,2,193.39,1.0,339.0,Organic Search,Bronze,185.83
CUST015117,0.4325,6,429.63,1.0,101.0,Paid Social,Bronze,185.81
CUST015181,0.8448,3,219.78,1.0,48.0,Paid Social,,185.67
CUST007499,0.2469,9,751.42,1.0,19.0,Referral,Silver,185.53
CUST006169,0.39,7,475.49,3.0,149.0,Paid Social,Bronze,185.44
CUST018926,0.3064,8,605.14,3.0,97.0,Paid Social,Silver,185.41
CUST008490,0.3563,7,520.2,1.0,243.0,Organic Search,Silver,185.35
CUST018045,0.9315,2,198.93,1.0,200.0,Referral,Silver,185.3
CUST019771,0.534,5,346.55,2.0,3.0,Paid Social,Bronze,185.06
CUST019911,0.3079,8,600.72,1.0,22.0,Organic Search,Gold,184.96
CUST017827,0.5087,5,363.5,1.0,52.0,Direct,Silver,184.91
CUST009185,0.5177,5,357.18,2.0,39.0,Email Campaign,Silver,184.91
CUST015247,0.4779,5,386.38,1.0,62.0,Organic Search,Silver,184.65
CUST006106,0.907,2,203.53,1.0,264.0,Organic Search,Silver,184.6
CUST000310,0.9809,1,188.14,1.0,326.0,Paid Social,Bronze,184.55
CUST007679,0.5723,4,321.66,1.0,171.0,Influencer,Bronze,184.09
CUST012424,0.5387,5,341.69,1.0,31.0,Organic Search,Bronze,184.07
CUST005908,0.5464,5,336.49,1.0,205.0,,Gold,183.86
CUST015029,0.3539,7,519.41,1.0,12.0,,Gold,183.82
CUST015453,0.2751,8,667.9000000000001,3.0,0.0,Direct,Bronze,183.74
CUST006076,0.7308,3,251.23,1.0,81.0,,Platinum,183.6
CUST001249,0.6051,4,302.91,1.0,119.0,Direct,Bronze,183.29
CUST017309,0.4577,6,400.38,1.0,208.0,Organic Search,Bronze,183.25
CUST010728,0.3915,7,467.96,2.0,45.0,Organic Search,Bronze,183.21
CUST009121,0.219,9,835.19,4.0,19.0,Organic Search,Gold,182.91
CUST001083,0.5103,5,358.41,1.0,109.0,Organic Search,Bronze,182.9
CUST005219,0.6133,4,298.05,1.0,62.0,Referral,Bronze,182.79
CUST006354,0.9632,1,189.71,1.0,281.0,Paid Social,Bronze,182.73
CUST000580,0.5665,4,322.38,1.0,7.0,Paid Social,Silver,182.63
CUST016033,0.2826,8,645.54,1.0,25.0,,,182.43
CUST009302,0.5627,4,324.05,1.0,30.0,,Silver,182.34
CUST008056,0.4262,6,427.65999999999997,3.0,168.0,Organic Search,Silver,182.27
CUST013953,0.4675,6,389.78,1.0,94.0,Email Campaign,Gold,182.22
CUST017729,0.2967,8,612.97,1.0,53.0,Email Campaign,Bronze,181.87
CUST006346,0.628,4,289.5,1.0,192.0,Marketplace,Silver,181.81
CUST002407,0.5505,5,329.93,1.0,57.0,Organic Search,Bronze,181.63
CUST007257,0.3745,7,484.5,1.0,124.0,Email Campaign,Bronze,181.45
CUST012742,0.9839,1,184.4,1.0,413.0,Referral,Gold,181.43
CUST005185,0.9797,1,185.07,2.0,399.0,Paid Social,Gold,181.31
CUST011578,0.9055,3,200.19,1.0,391.0,Paid Social,Bronze,181.27
CUST012245,0.6842,4,264.71,1.0,49.0,Organic Search,Bronze,181.11
CUST015474,0.6852,4,264.25,1.0,130.0,,Bronze,181.06
CUST004872,0.9443,2,191.6,1.0,187.0,Organic Search,Silver,180.93
CUST006422,0.5854,4,308.28,1.0,3.0,Email Campaign,,180.47
CUST017315,0.4376,6,411.90999999999997,2.0,80.0,Organic Search,Gold,180.25
CUST009289,0.6202,4,290.48,1.0,17.0,Influencer,Bronze,180.16
CUST009537,0.9783,1,184.15,1.0,419.0,Organic Search,Bronze,180.15
CUST005750,0.8982,3,200.07999999999998,2.0,104.0,,Silver,179.71
CUST011426,0.6651,4,269.57,1.0,133.0,Paid Social,Bronze,179.29
CUST002621,0.5904,4,303.45000000000005,2.0,69.0,Paid Social,,179.16
CUST012274,0.9096,2,196.95,1.0,101.0,Paid Social,Bronze,179.15
CUST005747,0.9455,2,189.15,1.0,173.0,Influencer,Bronze,178.84
CUST011813,0.624,4,286.53,2.0,6.0,,Silver,178.79
CUST018064,0.4488,6,398.24,1.0,133.0,Paid Social,Silver,178.73
CUST005425,0.5454,5,327.67999999999995,2.0,111.0,Influencer,Bronze,178.72
CUST009830,0.9653,1,184.92,1.0,250.0,Influencer,Bronze,178.5
CUST013698,0.306,8,583.06,3.0,55.0,Direct,Bronze,178.42
CUST003684,0.2202,9,809.47,2.0,3.0,Referral,,178.25
CUST011177,0.5624,4,316.67,2.0,103.0,Direct,Silver,178.1
CUST000428,0.9654,1,184.47,1.0,271.0,Email Campaign,Bronze,178.09
CUST015553,0.8257,3,215.26,1.0,248.0,Influencer,Silver,177.74
CUST005440,0.433,6,410.42,1.0,5.0,Paid Social,Platinum,177.71
CUST016351,0.6591,4,268.8,1.0,27.0,,Bronze,177.17
CUST015797,0.9865,1,179.44,1.0,392.0,,Bronze,177.02
CUST013453,0.4904,5,360.66,1.0,5.0,Paid Social,Bronze,176.87
CUST017860,0.3815,7,463.48,1.0,14.0,Influencer,Silver,176.82
CUST008738,0.256,9,690.57,2.0,71.0,Direct,Silver,176.79
CUST018281,0.4084,6,432.87,1.0,4.0,Paid Social,Platinum,176.78
CUST008900,0.3307,8,534.49,3.0,26.0,Referral,Silver,176.76
CUST008872,0.6366,4,277.51,1.0,51.0,Organic Search,,176.66
CUST008694,0.8057,3,218.98,1.0,80.0,Marketplace,Silver,176.43
CUST015418,0.9224,2,191.22,1.0,101.0,Email Campaign,Bronze,176.38
CUST009366,0.9817,1,179.31,1.0,447.0,Organic Search,,176.03
CUST008082,0.5093,5,345.59,1.0,10.0,,Silver,176.01
CUST001574,0.9133,2,192.42,1.0,96.0,Direct,Silver,175.74
CUST003260,0.6468,4,271.56,1.0,123.0,Paid Social,Bronze,175.65
CUST011152,0.5439,5,321.91,1.0,388.0,Paid Social,Bronze,175.09
CUST017267,0.9847,1,177.29,1.0,442.0,Organic Search,Bronze,174.58
CUST010457,0.9393,2,185.21,1.0,124.0,Marketplace,Bronze,173.97
CUST012540,0.5977,4,290.68,1.0,51.0,Referral,Bronze,173.74
CUST010235,0.6248,4,277.75,1.0,227.0,,Silver,173.54
CUST003417,0.969,1,179.04,1.0,402.0,Paid Social,Bronze,173.49
CUST005078,0.3768,7,460.34,1.0,42.0,Influencer,,173.46
CUST002462,0.3827,7,452.29,1.0,2.0,Referral,,173.09
CUST017900,0.9269,2,186.66,1.0,195.0,Organic Search,Bronze,173.02
CUST002008,0.4149,6,416.9,1.0,45.0,Paid Social,Gold,172.97
CUST006615,0.5703,4,302.67,1.0,72.0,Marketplace,Bronze,172.61
CUST006722,0.2109,9,816.36,4.0,106.0,Email Campaign,Platinum,172.17
CUST011585,0.9731,1,175.7,1.0,333.0,Paid Social,Bronze,170.97
CUST013354,0.8974,3,190.22,1.0,308.0,Paid Social,,170.7
CUST000094,0.4283,6,397.48,1.0,259.0,Paid Social,Bronze,170.24
CUST007974,0.5087,5,334.34,1.0,119.0,Paid Social,Bronze,170.08
CUST004211,0.9791,1,173.4,1.0,454.0,Organic Search,Bronze,169.78
CUST009555,0.3857,7,439.31,1.0,51.0,Organic Search,Gold,169.44
CUST019942,0.9103,2,185.93,1.0,140.0,Paid Social,Bronze,169.25
CUST014391,0.9893,1,170.34,1.0,355.0,Organic Search,Silver,168.52
CUST013027,0.481,5,349.83,1.0,142.0,Paid Social,Bronze,168.27
CUST013659,0.3224,8,521.0,1.0,13.0,Organic Search,Silver,167.97
CUST012081,0.66,4,253.68,1.0,20.0,Organic Search,Bronze,167.43
CUST019393,0.333,7,502.44,1.0,7.0,Referral,Bronze,167.31
CUST005576,0.2587,8,646.7,4.0,9.0,Referral,Gold,167.3
CUST014894,0.6221,4,268.86,1.0,191.0,Marketplace,Silver,167.26
CUST010222,0.8976,3,186.24,1.0,125.0,Paid Social,Bronze,167.17
CUST019927,0.4502,6,371.1,1.0,12.0,Organic Search,,167.07
CUST009158,0.5123,5,325.11,1.0,47.0,Marketplace,Bronze,166.55
CUST007828,0.4999,5,332.88,1.0,26.0,Paid Social,Bronze,166.41
CUST018610,0.6003,4,277.12,1.0,73.0,Influencer,Silver,166.36
CUST007422,0.3326,8,498.85,2.0,5.0,Paid Social,Gold,165.92
CUST010974,0.4353,6,381.04,1.0,270.0,Organic Search,Bronze,165.87
CUST016732,0.699,4,237.23,1.0,268.0,Paid Social,Silver,165.82
CUST019566,0.9061,3,182.77,1.0,100.0,,Silver,165.61
CUST011450,0.3121,8,530.46,1.0,85.0,Marketplace,Gold,165.56
CUST003326,0.4549,6,363.72,2.0,40.0,,Bronze,165.46
CUST000885,0.3377,7,489.95,2.0,124.0,Referral,Silver,165.46
CUST010378,0.4999,5,330.68,1.0,1.0,Paid Social,Silver,165.31
CUST001790,0.91,2,181.54,1.0,171.0,Influencer,Bronze,165.2
CUST013268,0.9531,2,172.79,1.0,444.0,Paid Social,Silver,164.69
CUST007606,0.2041,9,806.48,3.0,18.0,Email Campaign,Gold,164.6
CUST010303,0.9879,1,166.45,1.0,426.0,Paid Social,Bronze,164.44
CUST004583,0.6568,4,250.22,1.0,271.0,Influencer,Bronze,164.34
CUST018593,0.3394,7,483.78000000000003,2.0,0.0,Organic Search,Bronze,164.19
CUST019081,0.3668,7,447.48,1.0,421.0,Direct,Bronze,164.14
CUST003427,0.9887,1,165.97,1.0,320.0,Paid Social,Bronze,164.09
CUST016349,0.4476,6,366.46,2.0,12.0,Paid Social,Bronze,164.03
CUST014673,0.5074,5,323.13,2.0,28.0,Referral,Bronze,163.96
CUST005503,0.253,9,647.76,3.0,27.0,Referral,Bronze,163.88
CUST018569,0.9201,2,177.89,1.0,125.0,Paid Social,Bronze,163.68
CUST010101,0.4104,6,398.59,1.0,102.0,Organic Search,Silver,163.58
CUST016009,0.5724,4,285.1,2.0,102.0,,Bronze,163.19
CUST001041,0.7246,4,225.2,1.0,29.0,Paid Social,Bronze,163.18
CUST009491,0.9271,2,175.6,1.0,296.0,Referral,Bronze,162.8
CUST011985,0.9785,1,166.19,1.0,292.0,Organic Search,Bronze,162.62
CUST011874,0.4474,6,363.42,1.0,9.0,,Gold,162.59
CUST002381,0.92,2,176.71,1.0,100.0,,Silver,162.57
CUST019603,0.3979,6,406.36,1.0,78.0,Organic Search,Bronze,161.69
CUST017681,0.9646,1,167.48,1.0,209.0,Paid Social,Bronze,161.55
CUST016231,0.2696,8,597.82,2.0,44.0,Email Campaign,Bronze,161.17
CUST017685,0.9496,2,169.7,1.0,438.0,Email Campaign,,161.15
CUST009375,0.4976,5,323.59,1.0,155.0,Direct,Bronze,161.02
CUST015036,0.4752,5,338.66,1.0,110.0,Email Campaign,Silver,160.93
CUST008619,0.9044,3,177.51,1.0,451.0,Direct,Bronze,160.54
CUST016929,0.9561,2,167.85,1.0,409.0,Marketplace,Bronze,160.48
CUST003860,0.379,7,422.53,1.0,126.0,Email Campaign,Platinum,160.14
CUST009475,0.5012,5,319.03,1.0,138.0,,Bronze,159.9
CUST003376,0.4887,5,327.2,1.0,7.0,Marketplace,Bronze,159.9
CUST900293,0.9287,2,172.15,2.0,178.0,Organic Search,Bronze,159.88
CUST002358,0.4798,5,333.09000000000003,2.0,46.0,Paid Social,Bronze,159.82
CUST014577,0.7628,3,209.45999999999998,2.0,38.0,Direct,Bronze,159.78
CUST014555,0.2869,8,556.42,1.0,67.0,Referral,Gold,159.64
CUST000492,0.3797,7,420.25,2.0,21.0,Organic Search,Bronze,159.57
CUST002876,0.8938,3,178.52,1.0,276.0,Referral,Silver,159.56
CUST003096,0.6479,4,246.2,1.0,127.0,Influencer,Silver,159.51
CUST000203,0.3574,7,444.81,2.0,30.0,Direct,Bronze,158.98
CUST011814,0.9313,2,170.6,1.0,144.0,Paid Social,Bronze,158.88
CUST011648,0.8246,3,192.6,1.0,206.0,Referral,,158.82
CUST002278,0.5037,5,315.21,1.0,42.0,Marketplace,Silver,158.77
CUST000859,0.8605,3,184.26,1.0,136.0,Organic Search,Silver,158.56
CUST009928,0.6171,4,256.66,2.0,12.0,Referral,Gold,158.38
CUST016607,0.5691,4,278.2,1.0,290.0,Paid Social,Bronze,158.32
CUST007136,0.9729,1,162.63,2.0,370.0,Influencer,Silver,158.22
CUST009655,0.4583,6,345.06,1.0,54.0,Organic Search,Bronze,158.14
CUST009996,0.7055,4,224.0,1.0,34.0,,Bronze,158.03
CUST008238,0.563,4,279.38,1.0,26.0,Organic Search,Bronze,157.29
CUST013781,0.6522,4,240.98,1.0,89.0,Organic Search,Bronze,157.17
CUST003998,0.8845,3,177.25,1.0,112.0,,Silver,156.78
CUST001679,0.4463,6,350.76,1.0,324.0,Paid Social,Bronze,156.54
CUST016142,0.3533,7,442.23,2.0,87.0,Organic Search,,156.24
CUST000614,0.9404,2,166.07,1.0,355.0,Organic Search,Gold,156.17
CUST002571,0.3616,7,431.09999999999997,2.0,58.0,,Silver,155.89
CUST009624,0.6423,4,242.71,1.0,126.0,Organic Search,Platinum,155.89
CUST011786,0.9782,1,159.26,1.0,232.0,,Bronze,155.79
CUST018412,0.991,1,156.95,1.0,454.0,Referral,Bronze,155.54
CUST010304,0.9358,2,166.2,1.0,348.0,,Silver,155.53
CUST016684,0.545,5,285.18,1.0,0.0,Influencer,Bronze,155.42
CUST012669,0.3585,7,433.29,1.0,259.0,Direct,,155.33
CUST009695,0.8597,3,180.67,1.0,114.0,Email Campaign,Silver,155.32
CUST006697,0.3234,8,480.19000000000005,4.0,127.0,Email Campaign,Silver,155.29
CUST014785,0.604,4,256.64,1.0,123.0,Paid Social,Platinum,155.01
CUST010355,0.8816,3,175.78,1.0,418.0,,Bronze,154.97
CUST013790,0.5754,4,269.01,1.0,110.0,,,154.79
CUST014044,0.8269,3,187.15,1.0,58.0,Paid Social,Bronze,154.75
CUST004364,0.5791,4,267.21,2.0,119.0,Paid Social,Gold,154.74
CUST005591,0.3848,7,402.01,4.0,38.0,Email Campaign,Bronze,154.69
CUST001508,0.4777,5,323.53,1.0,156.0,Organic Search,Bronze,154.55
CUST000282,0.6386,4,241.81,1.0,119.0,Marketplace,Silver,154.42
CUST013757,0.4494,6,343.37,2.0,21.0,Influencer,Bronze,154.31
CUST009762,0.422,6,364.88,1.0,32.0,Marketplace,Silver,153.98
CUST003963,0.4133,6,371.95,1.0,57.0,Organic Search,Silver,153.73
CUST010716,0.3568,7,430.22,2.0,176.0,Email Campaign,Bronze,153.5
CUST018740,0.823,3,186.5,1.0,87.0,Marketplace,Bronze,153.49
CUST012877,0.2923,8,525.02,2.0,11.0,Referral,Gold,153.46
CUST017914,0.9029,3,169.66000000000003,2.0,101.0,Direct,Gold,153.19
CUST005509,0.551,5,278.02,1.0,46.0,Paid Social,Silver,153.19
CUST004488,0.8656,3,176.77,1.0,261.0,Influencer,Bronze,153.01
CUST007669,0.5513,5,277.48,2.0,24.0,Influencer,Bronze,152.97
CUST004473,0.1362,10,1122.94,5.0,19.0,Referral,Silver,152.94
CUST013960,0.9725,1,157.13,1.0,381.0,Organic Search,Gold,152.81
CUST011062,0.9783,1,155.91,1.0,423.0,Paid Social,Bronze,152.53
CUST014214,0.6604,4,230.92,1.0,298.0,,Bronze,152.5
CUST015283,0.5133,5,297.1,1.0,115.0,Organic Search,Gold,152.5
CUST015871,0.641,4,237.35,1.0,44.0,Paid Social,Bronze,152.14
CUST002597,0.3237,8,469.81000000000006,3.0,51.0,Organic Search,Platinum,152.08
CUST015609,0.4464,6,340.47,2.0,248.0,Organic Search,Bronze,151.99
CUST005909,0.2974,8,511.02,2.0,24.0,,Silver,151.98
CUST000183,0.5668,4,267.89,1.0,43.0,Organic Search,Silver,151.84
CUST010243,0.3052,8,497.47,3.0,51.0,Influencer,Bronze,151.83
CUST002336,0.6175,4,245.81,1.0,13.0,Email Campaign,Silver,151.79
CUST002879,0.4125,6,367.54,1.0,17.0,Direct,Gold,151.61
CUST006508,0.5302,5,285.8,1.0,154.0,Marketplace,Silver,151.53
CUST007100,0.52,5,290.93,1.0,105.0,Referral,Bronze,151.28
CUST004953,0.9505,2,158.91000000000003,2.0,202.0,Organic Search,,151.04
CUST015665,0.9798,1,153.93,1.0,304.0,Organic Search,Platinum,150.82
CUST009536,0.9814,1,153.58,1.0,454.0,,Gold,150.72
CUST003355,0.8881,3,169.7,1.0,101.0,Direct,Bronze,150.71
CUST015837,0.6621,4,227.42,1.0,114.0,Direct,Silver,150.57
CUST002514,0.3551,7,422.5,1.0,39.0,Referral,Platinum,150.03
CUST009732,0.5549,5,270.22,1.0,175.0,Paid Social,Silver,149.95
CUST015904,0.5902,4,253.43,1.0,144.0,Direct,Gold,149.57
CUST015945,0.5994,4,249.52,1.0,41.0,Direct,Silver,149.56
CUST005884,0.8934,3,167.22,1.0,97.0,Paid Social,Silver,149.39
CUST012972,0.5161,5,289.26,1.0,9.0,,Silver,149.29
CUST008776,0.965,1,154.66,1.0,435.0,Organic Search,Silver,149.25
CUST000628,0.5426,5,274.88,1.0,18.0,Paid Social,Gold,149.15
CUST006684,0.4616,6,322.92,1.0,9.0,Marketplace,Silver,149.06
CUST009778,0.8822,3,168.75,1.0,103.0,Organic Search,Bronze,148.87
CUST012817,0.3592,7,414.0,1.0,8.0,Email Campaign,Silver,148.71
CUST018677,0.2821,8,525.88,4.0,13.0,,Silver,148.35
CUST014674,0.6977,4,212.54,1.0,85.0,Influencer,Bronze,148.29
CUST016299,0.3302,8,448.26,2.0,22.0,Influencer,Silver,148.02
CUST013107,0.2166,9,683.4000000000001,3.0,23.0,Influencer,Platinum,148.02
CUST007994,0.4003,6,369.21,1.0,4.0,Paid Social,Silver,147.79
CUST004147,0.3435,7,430.17,1.0,37.0,Referral,Silver,147.76
CUST005878,0.6773,4,217.95,1.0,239.0,Direct,Silver,147.62
CUST019843,0.2934,8,502.26,3.0,26.0,Email Campaign,Bronze,147.36
CUST010887,0.4581,6,320.96,1.0,26.0,Organic Search,Bronze,147.03
CUST017832,0.9501,2,154.13,1.0,443.0,Organic Search,Bronze,146.44
CUST010220,0.3468,7,422.11,1.0,11.0,Organic Search,Bronze,146.39
CUST004429,0.3859,7,378.9,1.0,0.0,Direct,Bronze,146.22
CUST008103,0.7717,3,189.47,1.0,41.0,Marketplace,Bronze,146.21
CUST009636,0.5066,5,287.64,1.0,69.0,Paid Social,Bronze,145.72
CUST012406,0.9835,1,147.98,1.0,285.0,Organic Search,Silver,145.54
CUST016483,0.399,6,364.52,2.0,43.0,Email Campaign,Bronze,145.44
CUST018291,0.6074,4,239.33,1.0,122.0,Direct,Bronze,145.37
CUST017136,0.3231,8,449.04,1.0,39.0,Direct,Platinum,145.08
CUST000874,0.2308,9,628.34,4.0,18.0,,Platinum,145.02
CUST005536,0.9795,1,147.86,1.0,354.0,Influencer,,144.83
CUST004813,0.9069,2,159.59,1.0,302.0,Paid Social,Gold,144.73
CUST014802,0.5222,5,276.65,1.0,112.0,Influencer,Bronze,144.47
CUST008387,0.9555,2,151.11,1.0,215.0,Direct,Bronze,144.39
CUST000030,0.5016,5,287.31,2.0,52.0,Influencer,Silver,144.11
CUST000577,0.4992,5,288.64,1.0,253.0,Paid Social,Silver,144.09
CUST013838,0.4973,5,288.82,1.0,44.0,Influencer,Bronze,143.63
CUST001176,0.9147,2,157.0,1.0,185.0,Referral,,143.61
CUST018217,0.5194,5,275.73,1.0,373.0,Email Campaign,Silver,143.21
CUST014912,0.3678,7,389.27,2.0,163.0,Paid Social,Bronze,143.17
CUST008327,0.9783,1,145.98,1.0,378.0,Influencer,Bronze,142.81
CUST006059,0.5065,5,281.65,1.0,127.0,Paid Social,Gold,142.66
CUST014542,0.4538,6,314.35,1.0,118.0,Direct,Bronze,142.65
CUST013552,0.8746,3,162.89,1.0,102.0,Organic Search,,142.46
CUST015921,0.5357,5,265.1,2.0,132.0,Paid Social,Bronze,142.01
CUST015717,0.3781,7,375.34000000000003,2.0,9.0,Email Campaign,Silver,141.92
CUST012154,0.6392,4,221.95000000000002,2.0,122.0,Paid Social,Gold,141.87
CUST002380,0.898,3,157.69,1.0,329.0,Paid Social,Bronze,141.61
CUST010964,0.6973,4,203.06,1.0,30.0,Paid Social,Silver,141.59
CUST009938,0.5396,5,261.66,1.0,56.0,Organic Search,,141.19
CUST006558,0.279,8,505.89,1.0,2.0,Influencer,Gold,141.14
CUST012281,0.4814,5,293.15,1.0,26.0,Direct,Silver,141.12
CUST017218,0.3648,7,386.18,1.0,35.0,Referral,Bronze,140.88
CUST013962,0.506,5,277.64,1.0,110.0,Paid Social,Gold,140.49
CUST004369,0.8111,3,173.10000000000002,2.0,110.0,Paid Social,Bronze,140.4
CUST019191,0.5671,4,247.51,1.0,42.0,Email Campaign,Bronze,140.36
CUST019314,0.8261,3,169.7,1.0,97.0,Paid Social,Gold,140.19
CUST012833,0.5407,5,259.06,1.0,105.0,Email Campaign,Bronze,140.07
CUST005538,0.46,6,304.48,2.0,196.0,Organic Search,Silver,140.06
CUST008864,0.523,5,267.4,1.0,25.0,,Silver,139.85
CUST006439,0.8781,3,159.02,1.0,108.0,Influencer,Bronze,139.64
CUST007830,0.9721,1,143.52,1.0,275.0,Organic Search,Bronze,139.52
CUST010433,0.6329,4,220.41,1.0,319.0,Paid Social,Silver,139.5
CUST009897,0.6471,4,215.21,1.0,9.0,Paid Social,Bronze,139.26
CUST007183,0.9734,1,143.01,1.0,394.0,Direct,Bronze,139.21
CUST012602,0.9709,1,143.1,1.0,249.0,Referral,Bronze,138.94
CUST006234,0.3424,7,405.2,1.0,14.0,Email Campaign,Silver,138.74
CUST006424,0.4627,6,299.65,1.0,3.0,Influencer,Silver,138.65
CUST009989,0.9573,2,144.71,1.0,183.0,Organic Search,Bronze,138.53
CUST015090,0.5341,5,259.3,1.0,112.0,Organic Search,Bronze,138.49
CUST012328,0.3425,7,404.32,1.0,83.0,Email Campaign,Silver,138.48
CUST009735,0.9652,1,143.35,1.0,267.0,Paid Social,Bronze,138.36
CUST013895,0.1706,10,810.84,5.0,94.0,Organic Search,Bronze,138.33
CUST001310,0.4814,5,287.09,2.0,41.0,,Platinum,138.21
CUST012642,0.59,4,233.97,1.0,335.0,Influencer,Bronze,138.04
CUST013540,0.7046,4,195.88,2.0,62.0,Organic Search,Silver,138.02
CUST003283,0.5981,4,230.46,1.0,21.0,Direct,,137.84
CUST007686,0.9768,1,141.06,1.0,279.0,Organic Search,Platinum,137.79
CUST007232,0.7702,3,178.83,1.0,311.0,Paid Social,Platinum,137.73
CUST003460,0.6518,4,211.27,1.0,9.0,,Bronze,137.71
CUST010991,0.2769,8,495.89,2.0,103.0,Referral,Silver,137.31
CUST012432,0.5863,4,233.8,1.0,123.0,Influencer,Gold,137.08
CUST016598,0.4795,5,285.74,1.0,18.0,,Bronze,137.01
CUST008173,0.5579,4,245.57,1.0,5.0,Organic Search,Bronze,137.0
CUST002996,0.9753,1,140.14,1.0,443.0,Organic Search,Silver,136.68
CUST002498,0.3267,8,418.14,2.0,2.0,Marketplace,,136.61
CUST008427,0.6354,4,214.99,1.0,113.0,,Gold,136.6
CUST003796,0.5088,5,268.39,1.0,110.0,,Bronze,136.56
CUST004593,0.9224,2,147.67,1.0,118.0,Paid Social,Bronze,136.21
CUST013928,0.7312,3,186.13,1.0,65.0,Email Campaign,Silver,136.1
CUST018700,0.5903,4,230.22,1.0,135.0,Email Campaign,Silver,135.9
CUST014669,0.6583,4,206.31,1.0,114.0,Direct,Bronze,135.81
CUST014977,0.6131,4,221.51,1.0,26.0,Direct,Bronze,135.81
CUST013887,0.5556,4,244.44,1.0,89.0,Referral,Silver,135.81
CUST000413,0.4393,6,309.01,1.0,101.0,Organic Search,Bronze,135.75
CUST014075,0.9755,1,139.16,1.0,311.0,Influencer,,135.75
CUST010998,0.5036,5,269.26,1.0,55.0,Influencer,Silver,135.6
CUST010970,0.5329,5,254.2,1.0,139.0,,Bronze,135.46
CUST012573,0.3608,7,375.33000000000004,2.0,158.0,Organic Search,Bronze,135.42
CUST018330,0.8591,3,157.06,1.0,283.0,Marketplace,Silver,134.93
CUST010094,0.6696,4,201.42,1.0,51.0,Organic Search,Bronze,134.87
CUST006623,0.4093,6,329.5,1.0,9.0,Organic Search,Gold,134.86
CUST001215,0.5872,4,229.54,1.0,4.0,Organic Search,Bronze,134.79
CUST010147,0.9094,2,148.12,1.0,337.0,Influencer,Silver,134.7
CUST013872,0.6724,4,200.3,2.0,149.0,Paid Social,Platinum,134.68
CUST017011,0.9281,2,145.02,1.0,255.0,Organic Search,Bronze,134.59
CUST001580,0.7654,3,175.84,1.0,115.0,Paid Social,Silver,134.59
CUST017776,0.7056,4,190.33,1.0,268.0,Organic Search,Bronze,134.3
CUST007076,0.3431,7,390.91999999999996,2.0,42.0,,Bronze,134.12
CUST001670,0.9104,2,147.29,1.0,131.0,Referral,Bronze,134.09
CUST013965,0.8683,3,154.28,1.0,110.0,,Bronze,133.96
CUST012327,0.6187,4,216.43,1.0,304.0,Organic Search,Silver,133.91
CUST009961,0.3986,6,335.59000000000003,2.0,120.0,Paid Social,Gold,133.77
CUST001827,0.5343,5,250.12,1.0,11.0,,Silver,133.64
CUST004292,0.3761,7,355.06,1.0,23.0,Email Campaign,Bronze,133.54
CUST007527,0.3537,7,376.64,1.0,25.0,,Silver,133.22
CUST010774,0.2346,9,567.5799999999999,2.0,55.0,Referral,Bronze,133.15
CUST013035,0.571,4,232.88,1.0,76.0,Organic Search,Gold,132.97
CUST017162,0.7528,3,176.35,1.0,38.0,Paid Social,Bronze,132.76
CUST015782,0.3403,7,389.97,2.0,82.0,Organic Search,Bronze,132.71
CUST007827,0.3083,8,430.21000000000004,3.0,107.0,Paid Social,Bronze,132.63
CUST013576,0.9755,1,135.74,1.0,367.0,Marketplace,Bronze,132.41
CUST000069,0.9209,2,143.72,1.0,111.0,Email Campaign,Bronze,132.35
CUST001526,0.4412,6,299.66,1.0,57.0,,Bronze,132.21
CUST017846,0.9577,2,137.97,1.0,180.0,Paid Social,Bronze,132.13
CUST010461,0.3243,8,406.31,4.0,103.0,Organic Search,Silver,131.77
CUST011988,0.4182,6,315.06,1.0,252.0,Paid Social,Silver,131.76
CUST008595,0.4834,5,272.18,1.0,328.0,Email Campaign,Bronze,131.57
CUST015423,0.5528,5,237.98,1.0,391.0,Paid Social,Bronze,131.56
CUST010900,0.9814,1,133.92,1.0,248.0,Marketplace,Silver,131.43
CUST016352,0.4902,5,267.87,1.0,5.0,,Bronze,131.31
CUST000460,0.9195,2,142.74,1.0,164.0,Organic Search,Bronze,131.25
CUST001034,0.2616,8,501.62,3.0,0.0,Email Campaign,Platinum,131.22
CUST003170,0.5495,5,238.54,2.0,101.0,,Bronze,131.08
CUST000544,0.6351,4,206.33,1.0,87.0,Organic Search,Gold,131.04
CUST009046,0.9356,2,139.86,1.0,454.0,Direct,Bronze,130.85
CUST002735,0.5056,5,258.55,1.0,35.0,Paid Social,Gold,130.72
CUST015975,0.7646,3,170.73,1.0,94.0,Organic Search,Bronze,130.54
CUST009774,0.9472,2,137.51,1.0,186.0,Email Campaign,Bronze,130.25
CUST017112,0.3672,7,354.21,2.0,69.0,Organic Search,Gold,130.07
CUST006096,0.3566,7,364.38,3.0,30.0,Organic Search,Silver,129.94
CUST007988,0.8064,3,160.82,1.0,94.0,Direct,Bronze,129.69
CUST003833,0.5421,5,237.83,1.0,4.0,Paid Social,Silver,128.93
CUST018340,0.4752,5,271.14,1.0,123.0,Influencer,Gold,128.85
CUST004569,0.8067,3,159.52,1.0,41.0,,Bronze,128.68
CUST000708,0.4998,5,257.39,1.0,38.0,Referral,Gold,128.64
CUST006203,0.9053,3,141.93,1.0,108.0,Organic Search,Silver,128.49
CUST018531,0.296,8,433.52000000000004,2.0,9.0,Email Campaign,Silver,128.32
CUST009568,0.9669,1,132.65,1.0,423.0,Organic Search,Silver,128.26
CUST014320,0.4738,5,270.62,1.0,276.0,Paid Social,Bronze,128.22
CUST014201,0.5637,4,226.98,1.0,39.0,Paid Social,Bronze,127.95
CUST015556,0.839,3,152.45999999999998,1.0,58.0,Referral,Silver,127.91
CUST005952,0.9757,1,130.97,1.0,319.0,Email Campaign,Bronze,127.79
CUST019070,0.9874,1,129.38,1.0,416.0,Organic Search,Bronze,127.75
CUST016022,0.9792,1,130.41,1.0,264.0,Paid Social,Bronze,127.7
CUST013278,0.2222,9,573.03,4.0,121.0,Marketplace,Gold,127.33
CUST013608,0.3434,7,370.4,1.0,39.0,Organic Search,Gold,127.2
CUST011009,0.6025,4,210.96,1.0,14.0,Paid Social,Bronze,127.1
CUST010786,0.361,7,350.77,1.0,24.0,Organic Search,Bronze,126.63
CUST004775,0.9567,2,132.07,2.0,277.0,Influencer,Bronze,126.35
CUST014878,0.6758,4,186.84,1.0,71.0,Direct,Bronze,126.27
CUST003279,0.3097,8,406.85,1.0,40.0,Organic Search,Silver,126.0
CUST019645,0.507,5,248.29,1.0,36.0,Paid Social,Platinum,125.88
CUST005203,0.5597,4,224.59,1.0,87.0,Paid Social,Bronze,125.7
CUST019094,0.8428,3,148.83,1.0,55.0,Influencer,Bronze,125.43
CUST005612,0.577,4,217.18,1.0,51.0,Organic Search,Bronze,125.31
CUST007046,0.6385,4,196.2,1.0,105.0,Paid Social,Bronze,125.27
CUST007042,0.3872,7,323.2,2.0,13.0,Referral,Gold,125.14
CUST000300,0.5203,5,240.41,1.0,82.0,Direct,Bronze,125.09
CUST011231,0.9708,1,128.68,1.0,214.0,Direct,Silver,124.92
CUST006987,0.9601,2,129.89,1.0,408.0,Marketplace,Silver,124.71
CUST017183,0.543,5,229.04,1.0,25.0,,Silver,124.37
CUST015838,0.604,4,205.9,1.0,187.0,Organic Search,Silver,124.36
CUST012480,0.8921,3,139.21,1.0,111.0,Influencer,Bronze,124.19
CUST001482,0.2629,8,471.99,2.0,16.0,Email Campaign,Platinum,124.09
CUST007632,0.5963,4,208.02,1.0,107.0,Organic Search,Bronze,124.04
CUST001268,0.2909,8,426.19,2.0,1.0,Organic Search,,123.98
CUST008803,0.6449,4,191.95,1.0,102.0,Influencer,Silver,123.79
CUST006335,0.4002,6,308.99,3.0,18.0,Referral,Platinum,123.66
CUST013733,0.643,4,191.99,1.0,15.0,Paid Social,Bronze,123.45
CUST015053,0.4774,5,258.57,1.0,101.0,Paid Social,Platinum,123.44
CUST010388,0.3651,7,337.93,2.0,25.0,Organic Search,Bronze,123.38
CUST002191,0.3896,7,316.33,1.0,232.0,Paid Social,Silver,123.24
CUST004403,0.4254,6,289.6,2.0,117.0,Direct,Bronze,123.2
CUST001906,0.4924,5,250.14,1.0,10.0,Paid Social,Bronze,123.17
CUST000467,0.593,4,207.66,1.0,30.0,,Bronze,123.14
CUST013505,0.5941,4,207.11,1.0,116.0,Paid Social,Bronze,123.04
CUST014316,0.5469,5,224.7,1.0,5.0,Organic Search,Bronze,122.89
CUST003830,0.4712,5,260.13,1.0,3.0,Paid Social,Bronze,122.57
CUST002842,0.5996,4,204.3,1.0,28.0,,Bronze,122.5
CUST015656,0.5133,5,238.56,2.0,24.0,Referral,Bronze,122.45
CUST007189,0.3211,8,381.21000000000004,2.0,38.0,Paid Social,Gold,122.41
CUST003351,0.9173,2,133.32,1.0,116.0,Email Campaign,Silver,122.29
CUST010024,0.4974,5,245.53,1.0,52.0,Influencer,Silver,122.13
CUST002927,0.4702,5,259.7,1.0,401.0,Marketplace,Silver,122.11
CUST019627,0.6057,4,201.5,1.0,140.0,Direct,Silver,122.05
CUST001026,0.6048,4,200.84,2.0,152.0,Marketplace,Bronze,121.47
CUST001196,0.9824,1,123.54,1.0,293.0,Paid Social,Gold,121.37
CUST019683,0.5132,5,236.09,1.0,172.0,Influencer,Bronze,121.16
CUST017890,0.5027,5,240.68,1.0,9.0,Email Campaign,Bronze,120.99
CUST007010,0.6451,4,187.36,1.0,94.0,Direct,Bronze,120.87
CUST009283,0.9807,1,122.51,1.0,432.0,Organic Search,Silver,120.15
CUST016442,0.2789,8,430.2,2.0,122.0,Organic Search,Gold,119.98
CUST006171,0.8761,3,136.86,1.0,207.0,Influencer,Platinum,119.9
CUST000433,0.3123,8,383.61,1.0,158.0,Paid Social,Silver,119.8
CUST015100,0.912,2,131.26,1.0,100.0,,Bronze,119.71
CUST003986,0.9658,1,123.91,1.0,355.0,Email Campaign,Bronze,119.67
CUST009385,0.3673,7,325.07,1.0,13.0,Paid Social,Silver,119.4
CUST003770,0.6709,4,177.96,1.0,14.0,Direct,Bronze,119.39
CUST017194,0.9118,2,130.88,1.0,205.0,,Platinum,119.34
CUST007431,0.4462,6,267.35,1.0,79.0,,Silver,119.29
CUST013506,0.4653,6,256.23,1.0,176.0,Referral,Silver,119.22
CUST011574,0.7063,4,168.78,1.0,262.0,Paid Social,Bronze,119.21
CUST017365,0.4997,5,238.19,2.0,24.0,,Bronze,119.02
CUST015421,0.2359,9,503.72,2.0,12.0,Organic Search,Gold,118.83
CUST019176,0.6525,4,181.98,1.0,17.0,Paid Social,Bronze,118.74
CUST014618,0.3421,7,346.53999999999996,2.0,133.0,Direct,Bronze,118.55
CUST005700,0.9751,1,121.51,1.0,190.0,Referral,Silver,118.48
CUST008664,0.8457,3,139.98,1.0,427.0,,Bronze,118.38
CUST001067,0.3531,7,335.15,2.0,3.0,,Bronze,118.34
CUST008820,0.3909,7,302.62,1.0,16.0,Organic Search,Silver,118.29
CUST015102,0.4179,6,282.04,1.0,104.0,Marketplace,,117.86
CUST018012,0.4169,6,282.03000000000003,2.0,45.0,Organic Search,Bronze,117.58
CUST009681,0.1883,9,623.43,2.0,97.0,Organic Search,Silver,117.39
CUST013059,0.3818,7,306.63,1.0,13.0,Organic Search,Bronze,117.07
CUST015774,0.8654,3,135.09,1.0,167.0,Organic Search,Silver,116.91
CUST014424,0.6438,4,181.12,1.0,12.0,Email Campaign,,116.61
CUST006080,0.4019,6,289.86,1.0,114.0,Paid Social,Platinum,116.49
CUST017331,0.304,8,382.07,2.0,2.0,Email Campaign,Gold,116.15
CUST011694,0.4701,5,246.87,1.0,11.0,Direct,Bronze,116.05
CUST011289,0.4565,6,253.68,1.0,109.0,Marketplace,,115.8
CUST004623,0.6644,4,174.19,1.0,177.0,Referral,Bronze,115.73
CUST005892,0.5683,4,203.13,1.0,372.0,Paid Social,Bronze,115.44
CUST008029,0.6559,4,175.85,1.0,42.0,,Platinum,115.34
CUST012286,0.8772,3,131.25,1.0,200.0,Direct,Silver,115.13
CUST015743,0.5148,5,223.51,1.0,9.0,,,115.06
CUST012043,0.4397,6,261.47,1.0,63.0,Paid Social,Bronze,114.97
CUST019164,0.5704,4,201.17,1.0,22.0,Paid Social,,114.75
CUST017828,0.4457,6,257.26,1.0,387.0,Marketplace,Silver,114.66
CUST005600,0.3411,7,335.9,2.0,27.0,Influencer,,114.58
CUST019223,0.5382,5,212.66,1.0,30.0,,Silver,114.45
CUST002368,0.9844,1,116.19,1.0,454.0,Referral,Platinum,114.38
CUST004515,0.3176,8,359.67999999999995,2.0,74.0,Referral,Platinum,114.23
CUST011265,0.7666,3,148.11,1.0,43.0,,Platinum,113.54
CUST012961,0.7931,3,143.09,1.0,77.0,,,113.48
CUST000694,0.4717,5,240.38,1.0,47.0,Paid Social,Gold,113.39
CUST016385,0.3851,7,293.85,1.0,144.0,Marketplace,Gold,113.16
CUST019421,0.7256,4,155.62,1.0,39.0,Direct,Bronze,112.92
CUST008188,0.5726,4,196.92,1.0,36.0,Direct,Bronze,112.76
CUST003889,0.4425,6,254.69,1.0,124.0,Influencer,,112.7
CUST003095,0.381,7,295.32,1.0,10.0,Paid Social,Silver,112.52
CUST009546,0.4692,5,239.64,1.0,67.0,Paid Social,,112.44
CUST019687,0.9809,1,114.36,1.0,326.0,Influencer,Bronze,112.18
CUST017046,0.5083,5,220.59,1.0,49.0,Direct,Bronze,112.13
CUST016818,0.9518,2,117.4,1.0,324.0,Email Campaign,Bronze,111.74
CUST002681,0.8141,3,136.9,1.0,44.0,Referral,Bronze,111.45
CUST003098,0.4283,6,260.03,1.0,164.0,Organic Search,Platinum,111.37
CUST013695,0.5009,5,222.28,1.0,27.0,Organic Search,Bronze,111.34
CUST005400,0.2429,9,458.04,3.0,9.0,Email Campaign,Bronze,111.26
CUST006890,0.7527,3,147.31,1.0,108.0,Direct,Silver,110.88
CUST012612,0.5758,4,192.13,1.0,3.0,Marketplace,Bronze,110.63
CUST005455,0.8959,3,123.16,1.0,307.0,Influencer,Silver,110.34
CUST018208,0.5027,5,218.98,1.0,206.0,Paid Social,Silver,110.08
CUST002931,0.4242,6,258.94,1.0,63.0,Organic Search,Silver,109.84
CUST018445,0.5532,5,198.42,1.0,27.0,,Silver,109.77
CUST007951,0.4826,5,227.42,1.0,82.0,Referral,Bronze,109.75
CUST019014,0.7327,3,149.36,1.0,53.0,Paid Social,Bronze,109.44
CUST012323,0.4847,5,225.75,1.0,137.0,Referral,Bronze,109.42
CUST006639,0.5395,5,202.79,1.0,8.0,Organic Search,,109.41
CUST003204,0.98,1,111.21,1.0,195.0,Referral,Platinum,108.99
CUST019098,0.4359,6,249.63,1.0,20.0,,Silver,108.81
CUST006427,0.7328,3,148.47,1.0,108.0,Organic Search,Silver,108.8
CUST006296,0.9406,2,115.65,1.0,180.0,Influencer,Silver,108.78
CUST011413,0.9365,2,116.1,1.0,290.0,,Silver,108.73
CUST015613,0.8568,3,126.84,1.0,46.0,Paid Social,Silver,108.68
CUST015751,0.6141,4,176.92,1.0,132.0,Organic Search,Bronze,108.65
CUST016040,0.4453,6,243.76,2.0,32.0,Referral,Bronze,108.55
CUST009508,0.3091,8,350.92,1.0,41.0,Direct,Silver,108.47
CUST019041,0.9833,1,110.11,1.0,445.0,,Bronze,108.27
CUST018705,0.8686,3,124.52,1.0,158.0,Organic Search,Gold,108.16
CUST018430,0.5241,5,206.31,1.0,3.0,Paid Social,Silver,108.13
CUST015688,0.4822,5,223.67,1.0,20.0,Organic Search,Bronze,107.85
CUST010142,0.3419,7,314.93,2.0,16.0,,Silver,107.67
CUST001875,0.4376,6,245.39,1.0,34.0,Direct,Gold,107.38
CUST016469,0.4852,5,221.25,1.0,27.0,Organic Search,Silver,107.35
CUST016107,0.3944,7,272.06,1.0,11.0,Organic Search,Silver,107.3
CUST013348,0.598,4,179.36,1.0,272.0,Direct,Bronze,107.26
CUST001053,0.2781,8,384.9,1.0,57.0,Referral,Silver,107.04
CUST010673,0.3683,7,290.64,1.0,3.0,Influencer,,107.04
CUST008617,0.4496,6,238.02,1.0,41.0,Influencer,Bronze,107.01
CUST013704,0.4743,5,225.32,1.0,6.0,Direct,Bronze,106.87
CUST002170,0.3772,7,283.33,2.0,247.0,Organic Search,Silver,106.87
CUST002351,0.4397,6,242.54,1.0,31.0,Paid Social,Platinum,106.64
CUST002577,0.4048,6,262.76,1.0,49.0,Referral,Bronze,106.37
CUST017974,0.337,7,315.46,1.0,4.0,Email Campaign,Silver,106.31
CUST010035,0.6098,4,174.23,1.0,119.0,Organic Search,,106.25
CUST000968,0.4753,5,223.52,1.0,243.0,,Silver,106.24
CUST004530,0.5256,5,201.33,1.0,4.0,,Bronze,105.82
CUST013644,0.913,2,115.56,1.0,397.0,Organic Search,Bronze,105.51
CUST018204,0.4746,5,222.08,1.0,188.0,Organic Search,Silver,105.4
CUST000271,0.6135,4,171.51,1.0,385.0,Email Campaign,Gold,105.22
CUST011073,0.4215,6,248.87,1.0,10.0,Marketplace,Gold,104.9
CUST001529,0.5116,5,204.68,2.0,16.0,Direct,Bronze,104.71
CUST014543,0.4883,5,213.99,1.0,104.0,Organic Search,Bronze,104.49
CUST018186,0.5051,5,206.55,1.0,26.0,Referral,Bronze,104.33
CUST019837,0.9804,1,106.04,1.0,282.0,Direct,Bronze,103.96
CUST018346,0.9682,1,107.18,1.0,333.0,Paid Social,Bronze,103.77
CUST019165,0.4958,5,209.28,1.0,172.0,Paid Social,Bronze,103.76
CUST016640,0.6249,4,166.03,1.0,29.0,Email Campaign,Bronze,103.75
CUST019493,0.8746,3,118.6,1.0,333.0,Marketplace,Silver,103.73
CUST005696,0.6175,4,167.86,1.0,428.0,Organic Search,Bronze,103.65
CUST009241,0.2771,8,373.83,3.0,34.0,Email Campaign,Gold,103.59
CUST015466,0.5614,4,184.43,1.0,128.0,Paid Social,Bronze,103.54
CUST017326,0.5231,5,197.83,1.0,91.0,,Bronze,103.48
CUST016553,0.4484,6,230.75,1.0,26.0,Email Campaign,Bronze,103.47
CUST008129,0.5559,4,185.8,1.0,100.0,Organic Search,Bronze,103.29
CUST002852,0.5748,4,179.26,1.0,249.0,Influencer,Gold,103.04
CUST005207,0.3316,8,310.62,1.0,15.0,Email Campaign,Bronze,103.0
CUST014466,0.4375,6,235.09,1.0,0.0,Organic Search,Bronze,102.85
CUST004896,0.3594,7,285.41,1.0,0.0,Paid Social,Platinum,102.58
CUST010275,0.4537,6,226.03,1.0,157.0,Email Campaign,Gold,102.55
CUST014945,0.3325,8,307.86,1.0,81.0,Organic Search,Gold,102.36
CUST008419,0.6191,4,165.31,2.0,121.0,Paid Social,Silver,102.34
CUST018907,0.5121,5,199.4,1.0,3.0,Paid Social,Gold,102.11
CUST016782,0.913,2,111.74,1.0,121.0,Paid Social,Bronze,102.02
CUST009034,0.8563,3,119.13,1.0,213.0,Paid Social,Bronze,102.01
CUST001128,0.2906,8,350.87,1.0,111.0,,Platinum,101.96
CUST018087,0.4904,5,207.76,1.0,127.0,Direct,Bronze,101.89
CUST002437,0.8306,3,122.59,1.0,163.0,Influencer,Bronze,101.82
CUST019269,0.8813,3,115.16,1.0,233.0,Paid Social,Bronze,101.49
CUST004844,0.5162,5,196.59,1.0,40.0,Organic Search,Silver,101.48
CUST004565,0.5307,5,191.19,1.0,117.0,Influencer,Bronze,101.46
CUST009190,0.4889,5,207.34,1.0,136.0,Referral,Bronze,101.37
CUST017941,0.3503,7,288.93,1.0,27.0,Referral,Silver,101.21
CUST001796,0.5184,5,194.84,1.0,4.0,Organic Search,Bronze,101.01
CUST014990,0.5663,4,178.06,1.0,94.0,Referral,Bronze,100.84
CUST004078,0.9656,1,104.37,1.0,357.0,Paid Social,Silver,100.78
CUST003482,0.6832,4,147.5,1.0,36.0,Paid Social,Silver,100.77
CUST002812,0.2881,8,349.75,1.0,10.0,,Bronze,100.76
CUST000886,0.3833,7,262.58,1.0,8.0,Email Campaign,Bronze,100.65
CUST010529,0.5806,4,173.28,1.0,106.0,Email Campaign,Silver,100.61
CUST009391,0.8153,3,123.2,1.0,64.0,Organic Search,Bronze,100.44
CUST013199,0.45,6,220.94,1.0,45.0,Organic Search,Gold,99.42
CUST019090,0.4833,5,205.35,1.0,25.0,Paid Social,Bronze,99.25
CUST011134,0.4885,5,202.7,1.0,24.0,Direct,Silver,99.02
CUST009731,0.9046,3,109.39,1.0,164.0,Paid Social,Silver,98.95
CUST013310,0.5162,5,190.58,1.0,260.0,Influencer,Bronze,98.38
CUST010675,0.5466,5,179.89,1.0,85.0,Influencer,Platinum,98.33
CUST019922,0.883,3,111.34,1.0,107.0,Email Campaign,Bronze,98.31
CUST010519,0.2187,9,449.22,2.0,9.0,Organic Search,Platinum,98.24
CUST018501,0.5415,5,181.10999999999999,2.0,129.0,Influencer,Bronze,98.07
CUST016765,0.6902,4,141.9,1.0,24.0,,Silver,97.94
CUST000130,0.6579,4,148.22,1.0,21.0,Referral,Bronze,97.51
CUST018167,0.3486,7,279.7,2.0,28.0,Marketplace,Gold,97.5
CUST013803,0.2304,9,422.78,3.0,26.0,Email Campaign,Bronze,97.41
CUST006027,0.3871,7,251.22,1.0,296.0,,Platinum,97.25
CUST007722,0.586,4,165.84,1.0,139.0,Direct,Gold,97.18
CUST019576,0.3971,7,244.12,1.0,10.0,Influencer,Bronze,96.94
CUST013411,0.9727,1,99.31,1.0,256.0,Marketplace,Silver,96.6
CUST007112,0.9565,2,100.95,1.0,185.0,Referral,,96.56
CUST001683,0.9765,1,98.84,1.0,337.0,Paid Social,Bronze,96.52
CUST009879,0.9,3,107.22,1.0,119.0,Organic Search,Bronze,96.5
CUST010969,0.6685,4,144.2,1.0,100.0,Influencer,,96.4
CUST013123,0.5232,5,183.94,1.0,13.0,Marketplace,Bronze,96.24
CUST008198,0.3761,7,255.64000000000001,2.0,177.0,Paid Social,Silver,96.15
CUST005229,0.3998,6,240.03,2.0,175.0,Paid Social,Bronze,95.96
CUST005935,0.6634,4,144.65,1.0,44.0,Organic Search,Bronze,95.96
CUST013210,0.3181,8,301.22,1.0,5.0,Influencer,Gold,95.82
CUST018603,0.5863,4,163.17,1.0,193.0,Paid Social,Silver,95.67
CUST014456,0.9062,3,105.52,1.0,258.0,,Bronze,95.62
CUST009011,0.8431,3,113.32,1.0,62.0,Direct,Bronze,95.54
CUST014701,0.3216,8,296.99,1.0,14.0,Referral,Silver,95.51
CUST003302,0.4308,6,221.05,1.0,72.0,Paid Social,Bronze,95.23
CUST016772,0.3382,7,281.5,1.0,18.0,Organic Search,Bronze,95.2
CUST016935,0.3181,8,298.94,1.0,24.0,Direct,Bronze,95.09
CUST016407,0.4906,5,193.76,1.0,116.0,Referral,Bronze,95.06
CUST013158,0.4409,6,215.07,1.0,21.0,Marketplace,Silver,94.82
CUST008268,0.8259,3,114.41,1.0,42.0,Paid Social,Bronze,94.49
CUST008380,0.9709,1,97.18,1.0,277.0,Organic Search,Bronze,94.35
CUST001798,0.9538,2,98.7,1.0,390.0,,,94.14
CUST010015,0.6886,4,136.57,1.0,11.0,Influencer,Silver,94.04
CUST015150,0.7914,3,118.83,1.0,59.0,Email Campaign,Gold,94.04
CUST009279,0.9094,2,103.39,1.0,121.0,Paid Social,Gold,94.02
CUST006524,0.3567,7,261.72,1.0,25.0,Marketplace,Bronze,93.36
CUST009492,0.4255,6,219.17000000000002,2.0,31.0,Organic Search,Silver,93.26
CUST005856,0.5873,4,158.64,1.0,9.0,Paid Social,Bronze,93.17
CUST010026,0.4794,5,194.09,1.0,59.0,Paid Social,Bronze,93.05
CUST003932,0.6766,4,137.48,1.0,46.0,Organic Search,,93.02
CUST002906,0.4877,5,190.12,1.0,20.0,Paid Social,,92.72
CUST012196,0.3904,7,236.96,1.0,334.0,Email Campaign,,92.51
CUST003993,0.4325,6,213.73,1.0,21.0,,Bronze,92.44
CUST003678,0.8959,3,103.11,1.0,183.0,Organic Search,Bronze,92.38
CUST016770,0.3744,7,246.75,1.0,8.0,Direct,Silver,92.38
CUST018486,0.9444,2,97.8,1.0,258.0,Paid Social,,92.36
CUST001915,0.9477,2,97.08,1.0,269.0,Organic Search,Bronze,92.0
CUST010562,0.6724,4,136.35,1.0,123.0,Paid Social,Bronze,91.68
CUST011198,0.4082,6,224.48000000000002,2.0,12.0,Direct,Bronze,91.63
CUST014740,0.4217,6,217.16,2.0,47.0,Paid Social,Bronze,91.58
CUST015370,0.318,8,287.56,2.0,32.0,Paid Social,Gold,91.44
CUST016621,0.3482,7,262.57,2.0,11.0,Email Campaign,Bronze,91.43
CUST018207,0.5379,5,169.52,1.0,50.0,Paid Social,Silver,91.18
CUST018549,0.2974,8,306.34,1.0,29.0,Referral,Silver,91.11
CUST000801,0.6393,4,142.11,1.0,290.0,Referral,,90.85
CUST002802,0.8555,3,106.06,1.0,75.0,Influencer,Bronze,90.73
CUST010963,0.3163,8,286.34,1.0,5.0,,Silver,90.57
CUST000054,0.6583,4,137.46,1.0,41.0,Referral,Silver,90.49
CUST009188,0.9631,1,93.9,1.0,237.0,Email Campaign,Silver,90.44
CUST004544,0.3664,7,246.79,1.0,103.0,Direct,Gold,90.42
CUST017442,0.4701,5,191.52,1.0,17.0,Organic Search,Bronze,90.03
CUST004519,0.4537,6,198.3,1.0,409.0,Paid Social,Gold,89.97
CUST019597,0.5099,5,174.83,1.0,167.0,Organic Search,Silver,89.15
CUST016998,0.5141,5,173.39,1.0,16.0,Direct,Gold,89.14
CUST015224,0.6127,4,145.39,1.0,126.0,Organic Search,Bronze,89.08
CUST000317,0.5718,4,155.71,2.0,133.0,Marketplace,Silver,89.03
CUST013754,0.3535,7,250.57999999999998,2.0,23.0,,Gold,88.58
CUST018269,0.4216,6,209.24,1.0,42.0,Referral,,88.22
CUST001090,0.4133,6,213.03,1.0,69.0,Organic Search,Bronze,88.05
CUST003962,0.5814,4,150.85,1.0,37.0,Referral,Bronze,87.7
CUST018542,0.6749,4,129.9,1.0,175.0,Organic Search,Bronze,87.67
CUST019397,0.3133,8,279.74,1.0,4.0,,Platinum,87.64
CUST011224,0.6627,4,132.1,1.0,69.0,Direct,,87.54
CUST001441,0.5217,5,167.74,1.0,6.0,Paid Social,Bronze,87.51
CUST008127,0.5129,5,170.59,1.0,177.0,,Bronze,87.5
CUST003217,0.5899,4,148.13,1.0,15.0,Organic Search,Bronze,87.38
CUST017019,0.3232,8,268.88,1.0,314.0,Influencer,Bronze,86.9
CUST000484,0.475,5,182.06,1.0,176.0,Marketplace,Bronze,86.48
CUST005669,0.3741,7,230.32,2.0,12.0,Organic Search,Silver,86.16
CUST005263,0.4593,6,187.59,1.0,125.0,Marketplace,Silver,86.16
CUST009768,0.968,1,88.61,1.0,380.0,Paid Social,Silver,85.77
CUST014254,0.3321,8,258.07,1.0,4.0,Direct,Gold,85.71
CUST004784,0.4846,5,176.19,1.0,1.0,Direct,,85.38
CUST016089,0.5053,5,168.93,1.0,5.0,Email Campaign,Bronze,85.36
CUST001570,0.4932,5,172.81,1.0,24.0,Influencer,Bronze,85.23
CUST017040,0.9686,1,87.89,1.0,204.0,Organic Search,Bronze,85.13
CUST017949,0.9401,2,90.55,1.0,397.0,Referral,Bronze,85.13
CUST013400,0.8787,3,96.83,1.0,142.0,Email Campaign,Silver,85.08
CUST017198,0.4461,6,190.28,2.0,46.0,Influencer,Silver,84.88
CUST018832,0.5813,4,145.76,1.0,2.0,Influencer,,84.73
CUST013774,0.6236,4,135.64,1.0,31.0,Organic Search,Bronze,84.59
CUST014358,0.3129,8,269.84,1.0,97.0,Paid Social,Bronze,84.43
CUST019845,0.6008,4,140.41,1.0,78.0,,Bronze,84.36
CUST008911,0.3614,7,233.21,1.0,18.0,Organic Search,Bronze,84.28
CUST001902,0.5462,5,153.69,1.0,293.0,Paid Social,Bronze,83.95
CUST019474,0.846,3,99.21,1.0,278.0,Marketplace,Bronze,83.93
CUST016993,0.5096,5,164.66,1.0,26.0,Influencer,Silver,83.91
CUST018632,0.9689,1,86.54,1.0,390.0,,Silver,83.85
CUST016338,0.7978,3,104.24,1.0,52.0,Marketplace,Bronze,83.16
CUST015577,0.4542,6,182.44,1.0,384.0,Email Campaign,Silver,82.86
CUST018089,0.9726,1,84.74,1.0,346.0,Paid Social,Bronze,82.42
CUST017559,0.7822,3,105.24,1.0,61.0,Organic Search,Gold,82.32
CUST014797,0.3747,7,219.58999999999997,1.0,66.0,Paid Social,Bronze,82.28
CUST011216,0.3089,8,265.62,1.0,9.0,,Bronze,82.05
CUST010420,0.9711,1,84.19,1.0,208.0,Organic Search,,81.76
CUST009128,0.9497,2,86.01,1.0,182.0,Influencer,Silver,81.68
CUST010201,0.5062,5,161.26,1.0,91.0,Direct,Bronze,81.63
CUST009839,0.8286,3,98.52,1.0,56.0,,Bronze,81.63
CUST012264,0.7075,4,115.37,1.0,288.0,Marketplace,Gold,81.62
CUST011974,0.6715,4,121.47,1.0,0.0,Email Campaign,Bronze,81.57
CUST000607,0.5918,4,137.65,1.0,75.0,Paid Social,Bronze,81.46
CUST003409,0.5012,5,160.86,1.0,1.0,Marketplace,Bronze,80.62
CUST900127,0.3186,8,253.03,1.0,240.0,Paid Social,Silver,80.62
CUST017288,0.4977,5,161.22,1.0,2.0,Paid Social,Bronze,80.24
CUST014834,0.4178,6,191.09,1.0,148.0,Marketplace,Gold,79.84
CUST008468,0.2986,8,265.73,1.0,4.0,Referral,Silver,79.35
CUST004493,0.6674,4,118.9,1.0,105.0,Paid Social,Platinum,79.35
CUST000462,0.9669,1,82.05,1.0,294.0,Email Campaign,Silver,79.33
CUST003135,0.3923,7,201.77,2.0,28.0,Organic Search,Bronze,79.15
CUST006453,0.3694,7,213.76,1.0,430.0,Marketplace,Gold,78.96
CUST009228,0.3268,8,241.51999999999998,2.0,48.0,Organic Search,Silver,78.93
CUST016967,0.5353,5,147.01999999999998,1.0,7.0,Referral,Silver,78.7
CUST016140,0.8619,3,91.24,1.0,100.0,Organic Search,Gold,78.64
CUST009541,0.4113,6,191.21,1.0,48.0,Organic Search,Bronze,78.64
CUST018595,0.5129,5,153.1,1.0,119.0,Organic Search,Silver,78.52
CUST017624,0.4725,5,166.11,1.0,61.0,,,78.49
CUST011885,0.5323,5,146.5,1.0,58.0,Paid Social,Bronze,77.98
CUST006597,0.608,4,128.21,1.0,168.0,Email Campaign,Bronze,77.95
CUST002414,0.5866,4,132.83,1.0,122.0,Direct,Bronze,77.92
CUST009741,0.3457,7,224.16,2.0,26.0,Organic Search,Bronze,77.49
CUST004189,0.487,5,158.59,1.0,232.0,Marketplace,Bronze,77.23
CUST019120,0.3452,7,223.35,1.0,62.0,Organic Search,Bronze,77.1
CUST004032,0.5827,4,132.1,1.0,92.0,Influencer,Silver,76.97
CUST008397,0.86,3,89.5,1.0,349.0,Marketplace,Silver,76.97
CUST000125,0.8998,3,85.33,1.0,116.0,Direct,Silver,76.78
CUST008234,0.837,3,91.67,1.0,76.0,Direct,Bronze,76.73
CUST019912,0.9586,2,79.88,1.0,389.0,Paid Social,Bronze,76.57
CUST017103,0.9099,2,84.12,1.0,388.0,,Platinum,76.54
CUST004283,0.5444,5,140.42,1.0,6.0,Influencer,,76.44
CUST017708,0.4347,6,174.96,1.0,5.0,Referral,Silver,76.06
CUST015106,0.7184,4,105.72,1.0,47.0,Paid Social,Bronze,75.95
CUST012773,0.3543,7,214.07999999999998,2.0,10.0,Email Campaign,Bronze,75.85
CUST011020,0.6163,4,122.91999999999999,1.0,17.0,Email Campaign,Bronze,75.76
CUST006295,0.8981,3,84.16,1.0,432.0,,Gold,75.58
CUST015928,0.5423,5,138.83,1.0,2.0,Organic Search,Gold,75.29
CUST007753,0.3149,8,238.41,1.0,2.0,Marketplace,Bronze,75.08
CUST002595,0.5561,4,134.89,1.0,55.0,Paid Social,Silver,75.01
CUST005326,0.4848,5,154.24,1.0,57.0,Marketplace,Platinum,74.78
CUST005771,0.3623,7,206.02,1.0,169.0,Direct,Bronze,74.64
CUST019625,0.9147,2,81.48,1.0,147.0,Marketplace,Bronze,74.53
CUST013582,0.544,5,136.96,1.0,172.0,Email Campaign,Gold,74.51
CUST019567,0.5489,5,135.6,1.0,22.0,,Bronze,74.43
CUST014001,0.3338,7,222.12,1.0,93.0,Marketplace,Gold,74.14
CUST002257,0.4212,6,175.88,2.0,7.0,Email Campaign,,74.08
CUST009324,0.9725,1,76.05,1.0,208.0,Organic Search,Bronze,73.96
CUST012185,0.9316,2,79.29,1.0,280.0,Paid Social,Bronze,73.87
CUST006595,0.321,8,230.07,1.0,53.0,Referral,Gold,73.85
CUST014010,0.6658,4,110.81,1.0,8.0,Influencer,Bronze,73.78
CUST009950,0.4155,6,176.8,1.0,288.0,Referral,Bronze,73.46
CUST013410,0.5186,5,140.55,2.0,116.0,,Bronze,72.89
CUST018201,0.9077,2,79.84,1.0,178.0,Influencer,Bronze,72.47
CUST019512,0.8361,3,86.52,1.0,85.0,Influencer,Bronze,72.34
CUST001941,0.3366,7,213.36,2.0,105.0,Direct,Bronze,71.82
CUST017960,0.5474,5,131.03,1.0,14.0,Referral,Bronze,71.73
CUST015748,0.8512,3,84.01,1.0,150.0,Email Campaign,Bronze,71.51
CUST014015,0.9482,2,75.33,1.0,198.0,Paid Social,Bronze,71.43
CUST007906,0.9532,2,74.8,1.0,257.0,Marketplace,Bronze,71.3
CUST006432,0.4525,6,157.53,1.0,3.0,Email Campaign,Bronze,71.28
CUST015926,0.5233,5,135.97,1.0,336.0,Direct,Bronze,71.15
CUST005237,0.5545,5,128.04,1.0,50.0,Referral,Silver,71.0
CUST002204,0.6546,4,108.22,1.0,19.0,,Gold,70.84
CUST015412,0.329,8,214.0,1.0,34.0,,Bronze,70.41
CUST019999,0.6224,4,113.12,1.0,360.0,Paid Social,Bronze,70.41
CUST019257,0.9024,3,77.9,1.0,300.0,Organic Search,Bronze,70.3
CUST007401,0.8874,3,79.08,1.0,187.0,Paid Social,Silver,70.18
CUST013023,0.4236,6,165.67,1.0,80.0,,Silver,70.18
CUST009715,0.361,7,193.17,1.0,113.0,Direct,Bronze,69.73
CUST005905,0.9745,1,71.47,1.0,454.0,Marketplace,Silver,69.65
CUST017208,0.9611,2,71.88,1.0,355.0,Paid Social,Bronze,69.08
CUST010559,0.6223,4,110.99,1.0,112.0,Direct,Bronze,69.07
CUST018715,0.4412,6,156.5,1.0,178.0,Marketplace,Gold,69.05
CUST004352,0.588,4,117.24,1.0,15.0,Referral,Platinum,68.94
CUST012640,0.4798,5,143.4,1.0,6.0,Direct,Platinum,68.8
CUST013356,0.534,5,128.73,1.0,3.0,Paid Social,Bronze,68.74
CUST011439,0.3965,7,173.08,1.0,15.0,Organic Search,Silver,68.63
CUST016830,0.5076,5,135.15,1.0,109.0,Email Campaign,Bronze,68.6
CUST006176,0.3857,7,177.7,2.0,13.0,Direct,Silver,68.54
CUST002930,0.373,7,183.73,1.0,165.0,Organic Search,Gold,68.53
CUST014160,0.9707,1,70.41,1.0,416.0,Influencer,Bronze,68.35
CUST003435,0.8306,3,82.29,1.0,56.0,Direct,Silver,68.35
CUST005217,0.2928,8,233.13,1.0,36.0,Email Campaign,Bronze,68.26
CUST002773,0.9532,2,71.57,1.0,414.0,Organic Search,Silver,68.22
CUST002064,0.6121,4,111.35,1.0,0.0,Influencer,Gold,68.16
CUST006478,0.9645,1,70.33,1.0,373.0,,Silver,67.83
CUST015956,0.8853,3,76.31,1.0,128.0,Organic Search,Silver,67.56
CUST007439,0.2741,8,246.03,1.0,97.0,Referral,Bronze,67.44
CUST007159,0.428,6,157.55,2.0,44.0,Direct,Bronze,67.43
CUST000121,0.605,4,111.16,1.0,38.0,Paid Social,Gold,67.25
CUST008062,0.7627,3,88.16,1.0,65.0,Referral,Gold,67.24
CUST014110,0.4601,6,146.04,1.0,70.0,Marketplace,Bronze,67.19
CUST006046,0.4487,6,149.75,2.0,88.0,Email Campaign,Bronze,67.19
CUST000257,0.5684,4,118.13,1.0,9.0,Paid Social,Gold,67.15
CUST012320,0.455,6,147.27,1.0,74.0,Paid Social,,67.01
CUST009939,0.4722,5,141.84,1.0,83.0,Paid Social,Bronze,66.98
CUST003281,0.4053,6,164.58,1.0,316.0,Referral,Bronze,66.7
CUST003913,0.9168,2,71.95,1.0,101.0,Paid Social,Bronze,65.96
CUST006082,0.7611,3,86.5,1.0,36.0,Paid Social,Bronze,65.84
CUST006231,0.9639,1,68.1,1.0,209.0,Referral,Bronze,65.64
CUST011903,0.4106,6,158.49,1.0,22.0,Paid Social,Bronze,65.08
CUST002265,0.3143,8,206.72,1.0,170.0,,Bronze,64.97
CUST006389,0.401,6,161.61,1.0,23.0,Influencer,Bronze,64.81
CUST018769,0.633,4,102.31,1.0,270.0,Organic Search,Silver,64.76
CUST016088,0.4183,6,154.54,1.0,15.0,Direct,Silver,64.64
CUST016430,0.4002,6,161.09,1.0,105.0,Referral,Bronze,64.47
CUST013528,0.5306,5,121.49,1.0,14.0,Paid Social,Bronze,64.46
CUST019125,0.4294,6,149.2,1.0,16.0,Organic Search,Bronze,64.07
CUST002077,0.5429,5,117.53999999999999,2.0,86.0,Marketplace,Gold,63.81
CUST016568,0.5288,5,120.58,1.0,17.0,Direct,Bronze,63.76
CUST013745,0.4131,6,153.95,1.0,117.0,Marketplace,Bronze,63.6
CUST019033,0.9464,2,67.14,1.0,364.0,Marketplace,Gold,63.54
CUST015883,0.3177,8,199.65,1.0,38.0,Paid Social,Gold,63.43
CUST013172,0.5167,5,122.56,1.0,103.0,Direct,Bronze,63.33
CUST016852,0.5323,5,118.83,1.0,122.0,Paid Social,Silver,63.25
CUST011711,0.5114,5,123.56,1.0,215.0,Paid Social,,63.19
CUST000175,0.5675,4,110.85,1.0,2.0,Direct,Gold,62.91
CUST011703,0.4105,6,153.04,2.0,16.0,Direct,Bronze,62.82
CUST003871,0.3805,7,163.59,1.0,55.0,Referral,Bronze,62.25
CUST015292,0.6044,4,102.73,1.0,53.0,Paid Social,Bronze,62.09
CUST015055,0.3103,8,199.85000000000002,2.0,16.0,,Gold,62.01
CUST017403,0.9279,2,66.64,1.0,176.0,,Bronze,61.84
CUST006869,0.9245,2,66.13,1.0,220.0,Organic Search,Silver,61.14
CUST006000,0.6151,4,99.2,1.0,19.0,Marketplace,Bronze,61.02
CUST011598,0.4032,6,151.3,1.0,316.0,Influencer,Gold,61.0
CUST008381,0.364,7,167.13,2.0,262.0,Marketplace,Gold,60.84
CUST008377,0.6143,4,98.62,1.0,53.0,Marketplace,Bronze,60.58
CUST017167,0.2922,8,207.09,3.0,14.0,Organic Search,,60.51
CUST017300,0.6979,4,86.6,1.0,171.0,Paid Social,,60.44
CUST016999,0.6129,4,97.12,1.0,49.0,,Silver,59.52
CUST013947,0.8756,3,67.75,1.0,158.0,Organic Search,Bronze,59.32
CUST012267,0.2908,8,203.82,1.0,358.0,Influencer,Gold,59.27
CUST010075,0.57,4,103.54,1.0,127.0,Referral,Gold,59.02
CUST004381,0.3697,7,159.59,1.0,23.0,Organic Search,Silver,59.0
CUST014140,0.5207,5,113.23,1.0,42.0,Paid Social,Bronze,58.96
CUST003798,0.2751,8,214.17,1.0,20.0,Referral,Silver,58.92
CUST013631,0.3765,7,155.85,1.0,82.0,Paid Social,Platinum,58.68
CUST004578,0.8793,3,66.59,1.0,127.0,Organic Search,Silver,58.55
CUST013269,0.8064,3,72.53,1.0,133.0,Organic Search,Gold,58.49
CUST017485,0.4844,5,120.09,1.0,118.0,Paid Social,Bronze,58.17
CUST004367,0.4979,5,116.19,1.0,168.0,Direct,,57.85
CUST009947,0.2953,8,195.6,1.0,122.0,Email Campaign,Bronze,57.76
CUST017029,0.6523,4,88.33,1.0,16.0,Influencer,Bronze,57.62
CUST006692,0.3633,7,158.43,1.0,23.0,Direct,Bronze,57.56
CUST004735,0.558,4,102.99,1.0,41.0,Marketplace,Bronze,57.47
CUST010348,0.5933,4,96.33,1.0,2.0,,Bronze,57.15
CUST019664,0.9465,2,60.36,1.0,332.0,Influencer,,57.13
CUST013483,0.7731,3,73.54,1.0,273.0,Direct,Silver,56.85
CUST001925,0.5815,4,97.69,1.0,24.0,Email Campaign,Bronze,56.81
CUST006842,0.9547,2,59.49,1.0,202.0,Paid Social,Bronze,56.8
CUST014216,0.8915,3,63.67,1.0,100.0,Referral,Silver,56.76
CUST000672,0.5408,5,104.51,1.0,8.0,Marketplace,Bronze,56.52
CUST006625,0.2968,8,187.57,1.0,10.0,Organic Search,Silver,55.67
CUST015436,0.6306,4,88.08,1.0,310.0,Marketplace,Bronze,55.54
CUST013166,0.6906,4,80.39,1.0,209.0,Influencer,Bronze,55.52
CUST017795,0.8985,3,61.64,1.0,420.0,Direct,,55.38
CUST016643,0.4385,6,125.98,1.0,58.0,Direct,Silver,55.24
CUST018462,0.9066,3,60.76,1.0,397.0,Organic Search,Bronze,55.09
CUST008552,0.4519,6,121.54,1.0,17.0,Referral,Bronze,54.92
CUST013916,0.3981,6,137.8,1.0,7.0,Organic Search,Silver,54.86
CUST019064,0.5479,5,99.07,1.0,8.0,Organic Search,Bronze,54.28
CUST005065,0.6409,4,83.91,1.0,392.0,Referral,Bronze,53.78
CUST014719,0.3946,7,136.12,1.0,87.0,Email Campaign,Bronze,53.71
CUST001840,0.3812,7,140.33,2.0,122.0,Email Campaign,Bronze,53.49
CUST014524,0.6615,4,80.83,1.0,358.0,Paid Social,Silver,53.47
CUST011151,0.6162,4,86.74,1.0,43.0,Influencer,,53.45
CUST001848,0.7992,3,66.58,1.0,164.0,Influencer,Bronze,53.21
CUST002815,0.5337,5,99.31,1.0,129.0,Organic Search,Bronze,53.0
CUST008239,0.9392,2,56.32,1.0,284.0,Paid Social,Gold,52.9
CUST019233,0.9617,2,54.66,1.0,381.0,Organic Search,Silver,52.57
CUST015167,0.8081,3,64.85,1.0,87.0,Organic Search,Bronze,52.41
CUST008249,0.5871,4,88.79,1.0,156.0,,,52.13
CUST017543,0.9597,2,54.22,1.0,232.0,Organic Search,Silver,52.03
CUST018188,0.5097,5,101.56,1.0,2.0,Organic Search,Silver,51.77
CUST017024,0.3908,7,131.62,1.0,396.0,Direct,Bronze,51.44
CUST008881,0.9542,2,53.53,1.0,359.0,Marketplace,Bronze,51.08
CUST014887,0.5533,5,90.91,1.0,5.0,Direct,Bronze,50.3
CUST005996,0.9205,2,54.62,1.0,165.0,Organic Search,Bronze,50.28
CUST007260,0.4332,6,116.02,1.0,97.0,,Platinum,50.26
CUST014431,0.2492,9,201.51,2.0,2.0,Referral,,50.22
CUST001539,0.7723,3,64.83,1.0,305.0,Influencer,Bronze,50.07
CUST013853,0.8579,3,57.99,1.0,83.0,Paid Social,Silver,49.75
CUST001126,0.5874,4,83.64,1.0,62.0,Influencer,Bronze,49.13
CUST000884,0.225,9,216.65,1.0,20.0,,Silver,48.75
CUST011218,0.4703,5,103.61,1.0,168.0,Organic Search,,48.73
CUST009844,0.2881,8,168.44,2.0,112.0,Organic Search,Bronze,48.53
CUST017737,0.9706,1,49.64,1.0,454.0,Influencer,Bronze,48.18
CUST004345,0.8676,3,54.99,1.0,217.0,Paid Social,Silver,47.71
CUST002435,0.9125,2,52.18,1.0,226.0,Influencer,Silver,47.61
CUST005927,0.7247,4,65.64,1.0,44.0,Paid Social,Silver,47.57
CUST013567,0.3794,7,125.1,1.0,4.0,,Bronze,47.46
CUST008396,0.9512,2,49.4,1.0,352.0,Organic Search,Silver,46.99
CUST004349,0.9136,2,51.29,1.0,235.0,Influencer,Silver,46.86
CUST009401,0.5335,5,87.69,1.0,107.0,Organic Search,Bronze,46.78
CUST002612,0.4235,6,110.43,1.0,127.0,Organic Search,Bronze,46.77
CUST008215,0.3815,7,122.26,1.0,52.0,Influencer,Bronze,46.64
CUST019940,0.2886,8,160.76,1.0,46.0,Marketplace,,46.4
CUST013221,0.5404,5,85.25,1.0,127.0,Email Campaign,Bronze,46.07
CUST011653,0.893,3,51.13,1.0,139.0,Direct,Silver,45.66
CUST003431,0.3352,7,135.17,1.0,2.0,Organic Search,Platinum,45.31
CUST000366,0.9123,2,49.11,1.0,452.0,Influencer,Bronze,44.8
CUST002387,0.5377,5,81.86,1.0,109.0,Influencer,Silver,44.02
CUST012354,0.516,5,85.17,1.0,9.0,Organic Search,Silver,43.95
CUST011520,0.9322,2,46.64,1.0,188.0,Referral,Silver,43.48
CUST004888,0.6481,4,67.01,1.0,175.0,Paid Social,Silver,43.43
CUST012994,0.8133,3,53.18,1.0,58.0,Email Campaign,Platinum,43.25
CUST001632,0.3954,7,108.67,1.0,104.0,Paid Social,Bronze,42.97
CUST003450,0.3219,8,132.79,1.0,46.0,Direct,Bronze,42.75
CUST015046,0.4265,6,99.97,1.0,56.0,Influencer,Bronze,42.64
CUST015159,0.5283,5,79.68,1.0,101.0,Paid Social,,42.09
CUST008221,0.5353,5,78.26,1.0,25.0,Email Campaign,Bronze,41.89
CUST009262,0.9655,1,43.36,1.0,454.0,Email Campaign,Bronze,41.86
CUST009112,0.9601,2,43.36,1.0,431.0,Paid Social,,41.63
CUST004425,0.3687,7,112.66,1.0,81.0,Referral,Bronze,41.54
CUST014700,0.3221,8,128.9,1.0,64.0,Organic Search,Gold,41.52
CUST005053,0.6725,4,61.72,1.0,28.0,Organic Search,Bronze,41.51
CUST007444,0.5115,5,80.97,1.0,121.0,,Silver,41.42
CUST008139,0.4325,6,95.73,1.0,11.0,Organic Search,Gold,41.4
CUST019895,0.5484,5,75.45,1.0,134.0,Paid Social,Bronze,41.38
CUST000021,0.9003,3,45.89,1.0,114.0,Organic Search,Bronze,41.31
CUST013620,0.9592,2,42.66,1.0,395.0,Organic Search,Gold,40.92
CUST008850,0.943,2,43.1,1.0,240.0,Paid Social,Bronze,40.64
CUST006247,0.4956,5,81.83,1.0,93.0,Referral,Silver,40.55
CUST019557,0.613,4,66.09,1.0,127.0,Email Campaign,Bronze,40.51
CUST011209,0.4744,5,85.21,1.0,3.0,Direct,Bronze,40.42
CUST010393,0.612,4,65.99,1.0,179.0,Organic Search,Bronze,40.39
CUST015399,0.7571,3,53.11,1.0,99.0,,Bronze,40.21
CUST016603,0.5374,5,74.24,1.0,149.0,Organic Search,Silver,39.9
CUST000636,0.5075,5,78.63,1.0,23.0,Organic Search,Bronze,39.9
CUST006611,0.4101,6,96.98,1.0,81.0,Organic Search,Silver,39.77
CUST019387,0.8292,3,47.79,1.0,113.0,Organic Search,Gold,39.63
CUST009530,0.9093,2,43.48,1.0,162.0,Paid Social,Bronze,39.54
CUST003407,0.9076,2,43.45,1.0,99.0,Paid Social,Silver,39.44
CUST013896,0.3642,7,107.83,1.0,44.0,Organic Search,Bronze,39.27
CUST019492,0.5422,5,72.19,1.0,47.0,Marketplace,Bronze,39.14
CUST018637,0.93,2,42.03,1.0,408.0,Email Campaign,Silver,39.09
CUST017831,0.81,3,48.23,1.0,311.0,Direct,Bronze,39.07
CUST005431,0.3733,7,103.93,1.0,21.0,Influencer,Platinum,38.8
CUST002335,0.4754,5,80.67,1.0,126.0,Paid Social,Bronze,38.35
CUST008099,0.6576,4,58.26,1.0,337.0,Marketplace,Bronze,38.31
CUST009203,0.6146,4,61.72,1.0,375.0,Paid Social,Silver,37.93
CUST012677,0.6399,4,58.63,1.0,96.0,,Bronze,37.52
CUST004149,0.4459,6,82.52,1.0,333.0,Influencer,,36.8
CUST001295,0.9722,1,37.71,1.0,442.0,Organic Search,,36.66
CUST000658,0.3133,8,116.78,1.0,25.0,Organic Search,Silver,36.59
CUST015972,0.3656,7,98.78,2.0,54.0,Paid Social,,36.11
CUST018667,0.4843,5,74.24,1.0,26.0,,,35.95
CUST003106,0.438,6,81.78,1.0,282.0,Influencer,Silver,35.82
CUST008189,0.2647,8,134.89,1.0,44.0,Organic Search,Silver,35.71
CUST005803,0.3261,8,108.93,1.0,8.0,Email Campaign,Bronze,35.52
CUST009953,0.3063,8,115.18,1.0,90.0,Influencer,Platinum,35.28
CUST004449,0.4414,6,79.17,1.0,92.0,Marketplace,Bronze,34.95
CUST002999,0.5797,4,59.75,1.0,61.0,Influencer,Bronze,34.64
CUST019196,0.478,5,72.28,1.0,131.0,,Silver,34.55
CUST019685,0.5001,5,68.78,1.0,118.0,Paid Social,Silver,34.4
CUST004905,0.5169,5,66.45,1.0,448.0,Referral,Bronze,34.35
CUST006682,0.8176,3,41.89,1.0,45.0,,Silver,34.25
CUST018694,0.6587,4,51.93,1.0,121.0,,Bronze,34.21
CUST014760,0.8926,3,38.32,1.0,115.0,Paid Social,Silver,34.2
CUST016381,0.331,8,102.38,1.0,102.0,,Silver,33.89
CUST011230,0.4908,5,68.49,1.0,4.0,Referral,Bronze,33.61
CUST016115,0.6563,4,51.06,1.0,33.0,Influencer,,33.51
CUST008365,0.5391,5,62.08,1.0,94.0,Paid Social,Silver,33.47
CUST015367,0.634,4,52.51,1.0,362.0,Influencer,Bronze,33.29
CUST007194,0.5512,5,60.35,1.0,156.0,Marketplace,Bronze,33.26
CUST008068,0.9114,2,36.4,1.0,123.0,,Bronze,33.17
CUST003911,0.4634,6,71.45,1.0,28.0,Direct,Bronze,33.11
CUST009323,0.5621,4,58.52,1.0,127.0,Organic Search,Silver,32.89
CUST009798,0.9089,2,36.16,1.0,261.0,Email Campaign,Silver,32.87
CUST016912,0.4772,5,68.28,1.0,39.0,Paid Social,Silver,32.58
CUST013106,0.4441,6,72.7,1.0,23.0,Organic Search,Silver,32.29
CUST014631,0.4143,6,75.4,1.0,11.0,Organic Search,Silver,31.24
CUST013008,0.262,8,117.46,1.0,25.0,Organic Search,Gold,30.77
CUST016683,0.3311,8,92.49,1.0,11.0,Organic Search,Platinum,30.62
CUST005038,0.3927,7,76.21,1.0,71.0,Organic Search,Bronze,29.93
CUST002482,0.4469,6,66.93,1.0,6.0,Organic Search,Silver,29.91
CUST016923,0.6337,4,46.82,1.0,66.0,Paid Social,Bronze,29.67
CUST002851,0.9282,2,31.44,1.0,117.0,Paid Social,Silver,29.18
CUST008633,0.5022,5,57.91,1.0,121.0,Paid Social,Bronze,29.08
CUST003829,0.4155,6,69.68,1.0,69.0,Organic Search,Gold,28.95
CUST012502,0.5263,5,54.98,1.0,44.0,Paid Social,Silver,28.94
CUST008202,0.7192,4,40.23,1.0,67.0,,Bronze,28.93
CUST016016,0.4116,6,69.5,1.0,25.0,Paid Social,Bronze,28.61
CUST016320,0.568,4,49.28,1.0,100.0,Direct,Silver,27.99
CUST000989,0.5717,4,47.76,1.0,1.0,Marketplace,Gold,27.3
CUST000603,0.717,4,37.24,1.0,79.0,,Gold,26.7
CUST900144,0.4023,6,65.5,1.0,36.0,,Silver,26.35
CUST015755,0.615,4,42.58,1.0,38.0,,Silver,26.19
CUST014808,0.6015,4,43.25,1.0,322.0,,Bronze,26.01
CUST019362,0.3575,7,71.94,1.0,24.0,Influencer,Silver,25.72
CUST008528,0.8224,3,31.04,1.0,124.0,Organic Search,Gold,25.53
CUST006819,0.5677,4,43.8,1.0,7.0,Organic Search,Bronze,24.87
CUST014526,0.3753,7,66.21,1.0,165.0,Influencer,Gold,24.85
CUST005010,0.4869,5,49.2,1.0,40.0,Referral,Silver,23.96
CUST014921,0.6506,4,36.42,1.0,27.0,,Bronze,23.69
CUST018424,0.5346,5,44.27,1.0,5.0,Direct,Silver,23.67
CUST016619,0.3376,7,68.29,1.0,154.0,Referral,Silver,23.05
CUST017351,0.3672,7,59.59,1.0,52.0,Organic Search,Gold,21.88
CUST001877,0.3966,7,54.71,1.0,0.0,Marketplace,Bronze,21.7
CUST008853,0.5382,5,39.71,1.0,22.0,Marketplace,Bronze,21.37
CUST015611,0.8947,3,23.73,1.0,414.0,Paid Social,,21.23
CUST016628,0.6571,4,31.82,1.0,134.0,Influencer,Gold,20.91
CUST013195,0.2897,8,71.47,1.0,25.0,Referral,Gold,20.7
CUST009691,0.4725,5,41.03,1.0,146.0,Email Campaign,Bronze,19.39
CUST018548,0.5582,4,34.67,1.0,97.0,Marketplace,Bronze,19.35
CUST019749,0.3008,8,62.22,1.0,169.0,Referral,Silver,18.72
CUST011966,0.3772,7,49.21,1.0,97.0,Marketplace,Gold,18.56
CUST014083,0.6234,4,28.97,1.0,104.0,Direct,Bronze,18.06
CUST001723,0.3915,7,45.6,1.0,100.0,Organic Search,Bronze,17.85
CUST004839,0.5881,4,25.4,1.0,10.0,Direct,Bronze,14.94
CUST014991,0.4711,5,31.24,1.0,61.0,Influencer,Bronze,14.72
CUST019095,0.3475,7,41.6,1.0,35.0,Influencer,,14.46
CUST017493,0.3033,8,46.22,1.0,57.0,,Platinum,14.02
CUST014464,0.31,8,42.51,1.0,42.0,Organic Search,Silver,13.18
CUST011327,0.2727,8,47.73,1.0,141.0,Email Campaign,Gold,13.02
CUST018516,0.3235,8,40.06,1.0,16.0,Marketplace,Bronze,12.96
CUST003291,0.9463,2,13.56,1.0,417.0,Paid Social,Bronze,12.83
CUST000841,0.4048,6,25.73,1.0,333.0,Paid Social,Silver,10.42
CUST002893,0.4156,6,22.5,1.0,19.0,Paid Social,Bronze,9.35
